{"data":[{"CNAEF":140,"PercentagemDesemprego":2.25,"TotalDiplomados":34105.0,"Nome":"Formação de Professores\/Formadores e Ciências da Educação","TotalDesempregados":767.0},{"CNAEF":210,"PercentagemDesemprego":5.88,"TotalDiplomados":18057.0,"Nome":"Artes","TotalDesempregados":1061.0},{"CNAEF":220,"PercentagemDesemprego":4.45,"TotalDiplomados":4604.0,"Nome":"Humanidades","TotalDesempregados":205.0},{"CNAEF":310,"PercentagemDesemprego":6.45,"TotalDiplomados":4511.0,"Nome":"Ciências Sociais e do Comportamento","TotalDesempregados":291.0},{"CNAEF":320,"PercentagemDesemprego":5.77,"TotalDiplomados":6915.0,"Nome":"Informação e Jornalismo","TotalDesempregados":399.0},{"CNAEF":340,"PercentagemDesemprego":3.63,"TotalDiplomados":83046.0,"Nome":"Ciências Empresariais","TotalDesempregados":3012.0},{"CNAEF":380,"PercentagemDesemprego":5.84,"TotalDiplomados":1506.0,"Nome":"Direito","TotalDesempregados":88.0},{"CNAEF":420,"PercentagemDesemprego":4.74,"TotalDiplomados":1772.0,"Nome":"Ciências da Vida","TotalDesempregados":84.0},{"CNAEF":440,"PercentagemDesemprego":6.01,"TotalDiplomados":766.0,"Nome":"Ciências Físicas","TotalDesempregados":46.0},{"CNAEF":460,"PercentagemDesemprego":3.33,"TotalDiplomados":480.0,"Nome":"Matemática e Estatística","TotalDesempregados":16.0},{"CNAEF":480,"PercentagemDesemprego":3.43,"TotalDiplomados":3239.0,"Nome":"Informática","TotalDesempregados":111.0},{"CNAEF":520,"PercentagemDesemprego":4.41,"TotalDiplomados":28692.0,"Nome":"Engenharia e Técnicas Afins","TotalDesempregados":1265.0},{"CNAEF":540,"PercentagemDesemprego":6.86,"TotalDiplomados":5307.0,"Nome":"Indústrias Transformadoras","TotalDesempregados":364.0},{"CNAEF":580,"PercentagemDesemprego":4.83,"TotalDiplomados":14708.0,"Nome":"Arquitectura e Construção","TotalDesempregados":711.0},{"CNAEF":620,"PercentagemDesemprego":5.43,"TotalDiplomados":5283.0,"Nome":"Agricultura, Silvicultura e Pescas","TotalDesempregados":287.0},{"CNAEF":640,"PercentagemDesemprego":32.65,"TotalDiplomados":49.0,"Nome":"Ciências Veterinárias","TotalDesempregados":16.0},{"CNAEF":720,"PercentagemDesemprego":5.3,"TotalDiplomados":28951.0,"Nome":"Saúde","TotalDesempregados":1533.0},{"CNAEF":760,"PercentagemDesemprego":9.54,"TotalDiplomados":6521.0,"Nome":"Serviços Sociais","TotalDesempregados":622.0},{"CNAEF":810,"PercentagemDesemprego":4.75,"TotalDiplomados":13302.0,"Nome":"Serviços Pessoais","TotalDesempregados":632.0},{"CNAEF":840,"PercentagemDesemprego":1.53,"TotalDiplomados":262.0,"Nome":"Serviços de Transporte","TotalDesempregados":4.0},{"CNAEF":850,"PercentagemDesemprego":9.38,"TotalDiplomados":3797.0,"Nome":"Protecção do Ambiente","TotalDesempregados":356.0},{"CNAEF":860,"PercentagemDesemprego":19.61,"TotalDiplomados":51.0,"Nome":"Serviços de Segurança","TotalDesempregados":10.0},{"CNAEF":100,"PercentagemDesemprego":2.17,"TotalDiplomados":35230.0,"Nome":"Educação","TotalDesempregados":766.0},{"CNAEF":200,"PercentagemDesemprego":5.96,"TotalDiplomados":21096.0,"Nome":"Artes e Humanidades","TotalDesempregados":1258.0},{"CNAEF":300,"PercentagemDesemprego":3.95,"TotalDiplomados":96800.0,"Nome":"Ciências Sociais, Comércio e Direito","TotalDesempregados":3821.0},{"CNAEF":400,"PercentagemDesemprego":4.19,"TotalDiplomados":5876.0,"Nome":"Ciências, Matemática e Informática","TotalDesempregados":246.0},{"CNAEF":500,"PercentagemDesemprego":4.79,"TotalDiplomados":49027.0,"Nome":"Engenharia, Indústrias Transformadoras e Construção","TotalDesempregados":2348.0},{"CNAEF":600,"PercentagemDesemprego":5.76,"TotalDiplomados":5384.0,"Nome":"Agricultura","TotalDesempregados":310.0},{"CNAEF":700,"PercentagemDesemprego":6.08,"TotalDiplomados":35472.0,"Nome":"Saúde e Protecção Social","TotalDesempregados":2155.0},{"CNAEF":800,"PercentagemDesemprego":5.73,"TotalDiplomados":17039.0,"Nome":"Serviços","TotalDesempregados":976.0},{"CNAEF":142,"PercentagemDesemprego":1.31,"TotalDiplomados":3136.0,"Nome":"Ciências da Educação","TotalDesempregados":41.0},{"CNAEF":143,"PercentagemDesemprego":1.56,"TotalDiplomados":7373.0,"Nome":"Formação de Educadores de Infância","TotalDesempregados":115.0},{"CNAEF":144,"PercentagemDesemprego":2.55,"TotalDiplomados":23103.0,"Nome":"Formação de Professores do Ensino Básico (1.º e 2.º Ciclos)","TotalDesempregados":588.0},{"CNAEF":145,"PercentagemDesemprego":1.21,"TotalDiplomados":1574.0,"Nome":"Formação de Professores de Áreas Disciplinares Específicas","TotalDesempregados":19.0},{"CNAEF":146,"PercentagemDesemprego":6.82,"TotalDiplomados":44.0,"Nome":"Formação de Professores e Formadores de Áreas Tecnológicas","TotalDesempregados":3.0},{"CNAEF":211,"PercentagemDesemprego":5.44,"TotalDiplomados":2539.0,"Nome":"Belas-Artes","TotalDesempregados":138.0},{"CNAEF":212,"PercentagemDesemprego":4.16,"TotalDiplomados":2306.0,"Nome":"Artes do Espectáculo","TotalDesempregados":96.0},{"CNAEF":213,"PercentagemDesemprego":8.64,"TotalDiplomados":3159.0,"Nome":"Áudio-Visuais e Produção dos Media","TotalDesempregados":273.0},{"CNAEF":214,"PercentagemDesemprego":5.29,"TotalDiplomados":9647.0,"Nome":"Design","TotalDesempregados":510.0},{"CNAEF":215,"PercentagemDesemprego":8.51,"TotalDiplomados":564.0,"Nome":"Artesanato","TotalDesempregados":48.0},{"CNAEF":221,"PercentagemDesemprego":5.88,"TotalDiplomados":17.0,"Nome":"Religião e Teologia","TotalDesempregados":1.0},{"CNAEF":222,"PercentagemDesemprego":6.05,"TotalDiplomados":2233.0,"Nome":"Línguas e Literaturas Estrangeiras","TotalDesempregados":135.0},{"CNAEF":223,"PercentagemDesemprego":8.69,"TotalDiplomados":426.0,"Nome":"Língua e Literatura Materna","TotalDesempregados":37.0},{"CNAEF":225,"PercentagemDesemprego":11.83,"TotalDiplomados":93.0,"Nome":"História e Arqueologia","TotalDesempregados":11.0},{"CNAEF":226,"PercentagemDesemprego":8.04,"TotalDiplomados":112.0,"Nome":"Filosofia e Ética","TotalDesempregados":9.0},{"CNAEF":311,"PercentagemDesemprego":8.32,"TotalDiplomados":1742.0,"Nome":"Psicologia","TotalDesempregados":145.0},{"CNAEF":312,"PercentagemDesemprego":4.63,"TotalDiplomados":1619.0,"Nome":"Sociologia e Outros Estudos","TotalDesempregados":75.0},{"CNAEF":313,"PercentagemDesemprego":4.8,"TotalDiplomados":417.0,"Nome":"Ciência Política e Cidadania","TotalDesempregados":20.0},{"CNAEF":314,"PercentagemDesemprego":7.12,"TotalDiplomados":772.0,"Nome":"Economia","TotalDesempregados":55.0},{"CNAEF":321,"PercentagemDesemprego":5.18,"TotalDiplomados":7246.0,"Nome":"Jornalismo e Reportagem","TotalDesempregados":375.0},{"CNAEF":322,"PercentagemDesemprego":11.22,"TotalDiplomados":205.0,"Nome":"Biblioteconomia, Arquivo e Documentação (BAD)","TotalDesempregados":23.0},{"CNAEF":329,"PercentagemDesemprego":19.83,"TotalDiplomados":116.0,"Nome":"Informação e Jornalismo - programas não classificados noutra área de formação","TotalDesempregados":23.0},{"CNAEF":341,"PercentagemDesemprego":2.62,"TotalDiplomados":1185.0,"Nome":"Comércio","TotalDesempregados":31.0},{"CNAEF":342,"PercentagemDesemprego":4.36,"TotalDiplomados":17565.0,"Nome":"Marketing e Publicidade","TotalDesempregados":766.0},{"CNAEF":343,"PercentagemDesemprego":1.32,"TotalDiplomados":3623.0,"Nome":"Finanças, Banca e Seguros","TotalDesempregados":48.0},{"CNAEF":344,"PercentagemDesemprego":3.07,"TotalDiplomados":29544.0,"Nome":"Contabilidade e Fiscalidade","TotalDesempregados":907.0},{"CNAEF":345,"PercentagemDesemprego":4.12,"TotalDiplomados":24520.0,"Nome":"Gestão e Administração","TotalDesempregados":1010.0},{"CNAEF":346,"PercentagemDesemprego":4.42,"TotalDiplomados":4565.0,"Nome":"Secretariado e Trabalho Administrativo","TotalDesempregados":202.0},{"CNAEF":347,"PercentagemDesemprego":13.56,"TotalDiplomados":118.0,"Nome":"Enquadramento na Organização\/Empresa","TotalDesempregados":16.0},{"CNAEF":349,"PercentagemDesemprego":1.8,"TotalDiplomados":2057.0,"Nome":"Ciências Empresariais - programas não classificados noutra área de formação","TotalDesempregados":37.0},{"CNAEF":380,"PercentagemDesemprego":5.84,"TotalDiplomados":1506.0,"Nome":"Direito","TotalDesempregados":88.0},{"CNAEF":421,"PercentagemDesemprego":4.3,"TotalDiplomados":1862.0,"Nome":"Biologia e Bioquímica","TotalDesempregados":80.0},{"CNAEF":422,"PercentagemDesemprego":12.84,"TotalDiplomados":109.0,"Nome":"Ciências do Ambiente","TotalDesempregados":14.0},{"CNAEF":441,"PercentagemDesemprego":4.13,"TotalDiplomados":121.0,"Nome":"Física","TotalDesempregados":5.0},{"CNAEF":442,"PercentagemDesemprego":6.47,"TotalDiplomados":433.0,"Nome":"Química","TotalDesempregados":28.0},{"CNAEF":443,"PercentagemDesemprego":11.43,"TotalDiplomados":105.0,"Nome":"Ciências da Terra","TotalDesempregados":12.0},{"CNAEF":461,"PercentagemDesemprego":3.69,"TotalDiplomados":217.0,"Nome":"Matemática","TotalDesempregados":8.0},{"CNAEF":462,"PercentagemDesemprego":1.85,"TotalDiplomados":162.0,"Nome":"Estatística","TotalDesempregados":3.0},{"CNAEF":481,"PercentagemDesemprego":3.35,"TotalDiplomados":2867.0,"Nome":"Ciências Informáticas","TotalDesempregados":96.0},{"CNAEF":521,"PercentagemDesemprego":4.21,"TotalDiplomados":7266.0,"Nome":"Metalurgia e Metalomecânica","TotalDesempregados":306.0},{"CNAEF":522,"PercentagemDesemprego":4.24,"TotalDiplomados":4738.0,"Nome":"Electricidade e Energia","TotalDesempregados":201.0},{"CNAEF":523,"PercentagemDesemprego":3.13,"TotalDiplomados":10742.0,"Nome":"Electrónica e Automação","TotalDesempregados":336.0},{"CNAEF":524,"PercentagemDesemprego":6.44,"TotalDiplomados":5624.0,"Nome":"Tecnologia dos Processos Químicos","TotalDesempregados":362.0},{"CNAEF":525,"PercentagemDesemprego":5.21,"TotalDiplomados":557.0,"Nome":"Construção e Reparação de Veículos a Motor","TotalDesempregados":29.0},{"CNAEF":529,"PercentagemDesemprego":33.58,"TotalDiplomados":137.0,"Nome":"Engenharia e Técnicas Afins - programas não classificados noutra área de formação","TotalDesempregados":46.0},{"CNAEF":541,"PercentagemDesemprego":7.25,"TotalDiplomados":4001.0,"Nome":"Indústrias Alimentares","TotalDesempregados":290.0},{"CNAEF":542,"PercentagemDesemprego":20.0,"TotalDiplomados":5.0,"Nome":"Indústrias do Têxtil, Vestuário, Calçado e Couro","TotalDesempregados":1.0},{"CNAEF":543,"PercentagemDesemprego":6.56,"TotalDiplomados":686.0,"Nome":"Materiais (Indústrias da Madeira, Cortiça, Papel, Plástico, Vidro e outros)","TotalDesempregados":45.0},{"CNAEF":544,"PercentagemDesemprego":3.73,"TotalDiplomados":563.0,"Nome":"Indústrias Extractivas","TotalDesempregados":21.0},{"CNAEF":581,"PercentagemDesemprego":10.81,"TotalDiplomados":481.0,"Nome":"Arquitectura e Urbanismo","TotalDesempregados":52.0},{"CNAEF":582,"PercentagemDesemprego":4.63,"TotalDiplomados":14227.0,"Nome":"Construção Civil e Engenharia Civil","TotalDesempregados":659.0},{"CNAEF":621,"PercentagemDesemprego":5.68,"TotalDiplomados":4542.0,"Nome":"Produção Agrícola e Animal","TotalDesempregados":258.0},{"CNAEF":623,"PercentagemDesemprego":4.54,"TotalDiplomados":793.0,"Nome":"Silvicultura e Caça","TotalDesempregados":36.0},{"CNAEF":640,"PercentagemDesemprego":32.65,"TotalDiplomados":49.0,"Nome":"Ciências Veterinárias","TotalDesempregados":16.0},{"CNAEF":723,"PercentagemDesemprego":8.59,"TotalDiplomados":7357.0,"Nome":"Enfermagem","TotalDesempregados":632.0},{"CNAEF":724,"PercentagemDesemprego":5.43,"TotalDiplomados":847.0,"Nome":"Ciências Dentárias","TotalDesempregados":46.0},{"CNAEF":725,"PercentagemDesemprego":4.23,"TotalDiplomados":10566.0,"Nome":"Tecnologias de Diagnóstico e Terapêutica","TotalDesempregados":447.0},{"CNAEF":726,"PercentagemDesemprego":4.45,"TotalDiplomados":8377.0,"Nome":"Terapia e Reabilitação","TotalDesempregados":373.0},{"CNAEF":727,"PercentagemDesemprego":1.94,"TotalDiplomados":1804.0,"Nome":"Ciências Farmacêuticas","TotalDesempregados":35.0},{"CNAEF":762,"PercentagemDesemprego":9.54,"TotalDiplomados":6521.0,"Nome":"Trabalho Social e Orientação","TotalDesempregados":622.0},{"CNAEF":811,"PercentagemDesemprego":3.09,"TotalDiplomados":1880.0,"Nome":"Hotelaria e Restauração","TotalDesempregados":58.0},{"CNAEF":812,"PercentagemDesemprego":5.57,"TotalDiplomados":8481.0,"Nome":"Turismo e Lazer","TotalDesempregados":472.0},{"CNAEF":813,"PercentagemDesemprego":3.17,"TotalDiplomados":2622.0,"Nome":"Desporto","TotalDesempregados":83.0},{"CNAEF":840,"PercentagemDesemprego":1.53,"TotalDiplomados":262.0,"Nome":"Serviços de Transporte","TotalDesempregados":4.0},{"CNAEF":851,"PercentagemDesemprego":11.41,"TotalDiplomados":2673.0,"Nome":"Tecnologia de Protecção do Ambiente","TotalDesempregados":305.0},{"CNAEF":852,"PercentagemDesemprego":16.67,"TotalDiplomados":12.0,"Nome":"Ambientes Naturais e Vida Selvagem","TotalDesempregados":2.0},{"CNAEF":853,"PercentagemDesemprego":3.97,"TotalDiplomados":1058.0,"Nome":"Serviços de Saúde Pública","TotalDesempregados":42.0},{"CNAEF":861,"PercentagemDesemprego":26.32,"TotalDiplomados":19.0,"Nome":"Protecção de Pessoas e Bens","TotalDesempregados":5.0},{"CNAEF":862,"PercentagemDesemprego":15.63,"TotalDiplomados":32.0,"Nome":"Segurança e Higiene no Trabalho","TotalDesempregados":5.0}]}