{"data":[{"CNAEF":140,"PercentagemDesemprego":1.96,"TotalDiplomados":35369.0,"Nome":"Formação de Professores\/Formadores e Ciências da Educação","TotalDesempregados":693.0},{"CNAEF":210,"PercentagemDesemprego":8.45,"TotalDiplomados":22648.0,"Nome":"Artes","TotalDesempregados":1914.0},{"CNAEF":220,"PercentagemDesemprego":6.61,"TotalDiplomados":6176.0,"Nome":"Humanidades","TotalDesempregados":408.0},{"CNAEF":310,"PercentagemDesemprego":9.66,"TotalDiplomados":9282.0,"Nome":"Ciências Sociais e do Comportamento","TotalDesempregados":897.0},{"CNAEF":320,"PercentagemDesemprego":9.75,"TotalDiplomados":7691.0,"Nome":"Informação e Jornalismo","TotalDesempregados":750.0},{"CNAEF":100,"PercentagemDesemprego":1.69,"TotalDiplomados":36043.0,"Nome":"Educação","TotalDesempregados":610.0},{"CNAEF":340,"PercentagemDesemprego":5.09,"TotalDiplomados":93400.0,"Nome":"Ciências Empresariais","TotalDesempregados":4751.0},{"CNAEF":380,"PercentagemDesemprego":7.32,"TotalDiplomados":3306.0,"Nome":"Direito","TotalDesempregados":242.0},{"CNAEF":420,"PercentagemDesemprego":6.79,"TotalDiplomados":2797.0,"Nome":"Ciências da Vida","TotalDesempregados":190.0},{"CNAEF":440,"PercentagemDesemprego":7.56,"TotalDiplomados":1694.0,"Nome":"Ciências Físicas","TotalDesempregados":128.0},{"CNAEF":460,"PercentagemDesemprego":5.25,"TotalDiplomados":667.0,"Nome":"Matemática e Estatística","TotalDesempregados":35.0},{"CNAEF":480,"PercentagemDesemprego":4.99,"TotalDiplomados":5069.0,"Nome":"Informática","TotalDesempregados":253.0},{"CNAEF":520,"PercentagemDesemprego":5.43,"TotalDiplomados":38002.0,"Nome":"Engenharia e Técnicas Afins","TotalDesempregados":2063.0},{"CNAEF":540,"PercentagemDesemprego":9.83,"TotalDiplomados":5575.0,"Nome":"Indústrias Transformadoras","TotalDesempregados":548.0},{"CNAEF":580,"PercentagemDesemprego":6.81,"TotalDiplomados":18301.0,"Nome":"Arquitectura e Construção","TotalDesempregados":1246.0},{"CNAEF":620,"PercentagemDesemprego":5.57,"TotalDiplomados":6443.0,"Nome":"Agricultura, Silvicultura e Pescas","TotalDesempregados":359.0},{"CNAEF":640,"PercentagemDesemprego":23.15,"TotalDiplomados":216.0,"Nome":"Ciências Veterinárias","TotalDesempregados":50.0},{"CNAEF":720,"PercentagemDesemprego":6.55,"TotalDiplomados":36856.0,"Nome":"Saúde","TotalDesempregados":2414.0},{"CNAEF":760,"PercentagemDesemprego":12.19,"TotalDiplomados":9047.0,"Nome":"Serviços Sociais","TotalDesempregados":1103.0},{"CNAEF":810,"PercentagemDesemprego":7.38,"TotalDiplomados":16007.0,"Nome":"Serviços Pessoais","TotalDesempregados":1181.0},{"CNAEF":840,"PercentagemDesemprego":4.6,"TotalDiplomados":543.0,"Nome":"Serviços de Transporte","TotalDesempregados":25.0},{"CNAEF":850,"PercentagemDesemprego":10.31,"TotalDiplomados":4791.0,"Nome":"Protecção do Ambiente","TotalDesempregados":494.0},{"CNAEF":860,"PercentagemDesemprego":22.93,"TotalDiplomados":157.0,"Nome":"Serviços de Segurança","TotalDesempregados":36.0},{"CNAEF":200,"PercentagemDesemprego":8.45,"TotalDiplomados":27437.0,"Nome":"Artes e Humanidades","TotalDesempregados":2319.0},{"CNAEF":300,"PercentagemDesemprego":5.93,"TotalDiplomados":114894.0,"Nome":"Ciências Sociais, Comércio e Direito","TotalDesempregados":6812.0},{"CNAEF":400,"PercentagemDesemprego":6.01,"TotalDiplomados":9871.0,"Nome":"Ciências, Matemática e Informática","TotalDesempregados":593.0},{"CNAEF":500,"PercentagemDesemprego":6.22,"TotalDiplomados":62426.0,"Nome":"Engenharia, Indústrias Transformadoras e Construção","TotalDesempregados":3881.0},{"CNAEF":600,"PercentagemDesemprego":6.12,"TotalDiplomados":6711.0,"Nome":"Agricultura","TotalDesempregados":411.0},{"CNAEF":700,"PercentagemDesemprego":7.7,"TotalDiplomados":45964.0,"Nome":"Saúde e Protecção Social","TotalDesempregados":3538.0},{"CNAEF":800,"PercentagemDesemprego":7.81,"TotalDiplomados":20691.0,"Nome":"Serviços","TotalDesempregados":1616.0},{"CNAEF":142,"PercentagemDesemprego":3.01,"TotalDiplomados":3621.0,"Nome":"Ciências da Educação","TotalDesempregados":109.0},{"CNAEF":143,"PercentagemDesemprego":1.34,"TotalDiplomados":6653.0,"Nome":"Formação de Educadores de Infância","TotalDesempregados":89.0},{"CNAEF":144,"PercentagemDesemprego":1.6,"TotalDiplomados":24106.0,"Nome":"Formação de Professores do Ensino Básico (1.º e 2.º Ciclos)","TotalDesempregados":385.0},{"CNAEF":145,"PercentagemDesemprego":1.43,"TotalDiplomados":1606.0,"Nome":"Formação de Professores de Áreas Disciplinares Específicas","TotalDesempregados":23.0},{"CNAEF":146,"PercentagemDesemprego":7.02,"TotalDiplomados":57.0,"Nome":"Formação de Professores e Formadores de Áreas Tecnológicas","TotalDesempregados":4.0},{"CNAEF":211,"PercentagemDesemprego":8.93,"TotalDiplomados":3070.0,"Nome":"Belas-Artes","TotalDesempregados":274.0},{"CNAEF":212,"PercentagemDesemprego":5.83,"TotalDiplomados":3207.0,"Nome":"Artes do Espectáculo","TotalDesempregados":187.0},{"CNAEF":213,"PercentagemDesemprego":10.97,"TotalDiplomados":4584.0,"Nome":"Áudio-Visuais e Produção dos Media","TotalDesempregados":503.0},{"CNAEF":214,"PercentagemDesemprego":8.62,"TotalDiplomados":10649.0,"Nome":"Design","TotalDesempregados":918.0},{"CNAEF":215,"PercentagemDesemprego":3.93,"TotalDiplomados":1374.0,"Nome":"Artesanato","TotalDesempregados":54.0},{"CNAEF":221,"PercentagemDesemprego":5.77,"TotalDiplomados":52.0,"Nome":"Religião e Teologia","TotalDesempregados":3.0},{"CNAEF":222,"PercentagemDesemprego":7.87,"TotalDiplomados":3086.0,"Nome":"Línguas e Literaturas Estrangeiras","TotalDesempregados":243.0},{"CNAEF":223,"PercentagemDesemprego":10.87,"TotalDiplomados":653.0,"Nome":"Língua e Literatura Materna","TotalDesempregados":71.0},{"CNAEF":225,"PercentagemDesemprego":8.78,"TotalDiplomados":558.0,"Nome":"História e Arqueologia","TotalDesempregados":49.0},{"CNAEF":226,"PercentagemDesemprego":8.33,"TotalDiplomados":204.0,"Nome":"Filosofia e Ética","TotalDesempregados":17.0},{"CNAEF":311,"PercentagemDesemprego":12.63,"TotalDiplomados":4393.0,"Nome":"Psicologia","TotalDesempregados":555.0},{"CNAEF":312,"PercentagemDesemprego":7.98,"TotalDiplomados":2655.0,"Nome":"Sociologia e Outros Estudos","TotalDesempregados":212.0},{"CNAEF":313,"PercentagemDesemprego":8.51,"TotalDiplomados":646.0,"Nome":"Ciência Política e Cidadania","TotalDesempregados":55.0},{"CNAEF":314,"PercentagemDesemprego":7.48,"TotalDiplomados":2045.0,"Nome":"Economia","TotalDesempregados":153.0},{"CNAEF":321,"PercentagemDesemprego":8.94,"TotalDiplomados":7889.0,"Nome":"Jornalismo e Reportagem","TotalDesempregados":705.0},{"CNAEF":322,"PercentagemDesemprego":21.3,"TotalDiplomados":324.0,"Nome":"Biblioteconomia, Arquivo e Documentação (BAD)","TotalDesempregados":69.0},{"CNAEF":329,"PercentagemDesemprego":16.38,"TotalDiplomados":177.0,"Nome":"Informação e Jornalismo - programas não classificados noutra área de formação","TotalDesempregados":29.0},{"CNAEF":341,"PercentagemDesemprego":9.07,"TotalDiplomados":915.0,"Nome":"Comércio","TotalDesempregados":83.0},{"CNAEF":342,"PercentagemDesemprego":5.91,"TotalDiplomados":20679.0,"Nome":"Marketing e Publicidade","TotalDesempregados":1222.0},{"CNAEF":343,"PercentagemDesemprego":2.66,"TotalDiplomados":3915.0,"Nome":"Finanças, Banca e Seguros","TotalDesempregados":104.0},{"CNAEF":344,"PercentagemDesemprego":3.84,"TotalDiplomados":33316.0,"Nome":"Contabilidade e Fiscalidade","TotalDesempregados":1281.0},{"CNAEF":345,"PercentagemDesemprego":6.25,"TotalDiplomados":27780.0,"Nome":"Gestão e Administração","TotalDesempregados":1735.0},{"CNAEF":346,"PercentagemDesemprego":6.17,"TotalDiplomados":4601.0,"Nome":"Secretariado e Trabalho Administrativo","TotalDesempregados":284.0},{"CNAEF":347,"PercentagemDesemprego":12.3,"TotalDiplomados":122.0,"Nome":"Enquadramento na Organização\/Empresa","TotalDesempregados":15.0},{"CNAEF":349,"PercentagemDesemprego":3.19,"TotalDiplomados":2131.0,"Nome":"Ciências Empresariais - programas não classificados noutra área de formação","TotalDesempregados":68.0},{"CNAEF":380,"PercentagemDesemprego":7.32,"TotalDiplomados":3306.0,"Nome":"Direito","TotalDesempregados":242.0},{"CNAEF":421,"PercentagemDesemprego":6.89,"TotalDiplomados":2832.0,"Nome":"Biologia e Bioquímica","TotalDesempregados":195.0},{"CNAEF":422,"PercentagemDesemprego":7.33,"TotalDiplomados":300.0,"Nome":"Ciências do Ambiente","TotalDesempregados":22.0},{"CNAEF":441,"PercentagemDesemprego":4.24,"TotalDiplomados":330.0,"Nome":"Física","TotalDesempregados":14.0},{"CNAEF":442,"PercentagemDesemprego":6.46,"TotalDiplomados":789.0,"Nome":"Química","TotalDesempregados":51.0},{"CNAEF":443,"PercentagemDesemprego":11.68,"TotalDiplomados":411.0,"Nome":"Ciências da Terra","TotalDesempregados":48.0},{"CNAEF":461,"PercentagemDesemprego":6.98,"TotalDiplomados":387.0,"Nome":"Matemática","TotalDesempregados":27.0},{"CNAEF":462,"PercentagemDesemprego":2.79,"TotalDiplomados":179.0,"Nome":"Estatística","TotalDesempregados":5.0},{"CNAEF":481,"PercentagemDesemprego":4.31,"TotalDiplomados":4616.0,"Nome":"Ciências Informáticas","TotalDesempregados":199.0},{"CNAEF":489,"PercentagemDesemprego":118.52,"TotalDiplomados":27.0,"Nome":"Informática - programas não classificados noutra área de formação","TotalDesempregados":32.0},{"CNAEF":521,"PercentagemDesemprego":5.69,"TotalDiplomados":8974.0,"Nome":"Metalurgia e Metalomecânica","TotalDesempregados":511.0},{"CNAEF":522,"PercentagemDesemprego":4.52,"TotalDiplomados":5680.0,"Nome":"Electricidade e Energia","TotalDesempregados":257.0},{"CNAEF":523,"PercentagemDesemprego":3.84,"TotalDiplomados":15407.0,"Nome":"Electrónica e Automação","TotalDesempregados":592.0},{"CNAEF":524,"PercentagemDesemprego":8.16,"TotalDiplomados":7111.0,"Nome":"Tecnologia dos Processos Químicos","TotalDesempregados":580.0},{"CNAEF":525,"PercentagemDesemprego":5.47,"TotalDiplomados":622.0,"Nome":"Construção e Reparação de Veículos a Motor","TotalDesempregados":34.0},{"CNAEF":529,"PercentagemDesemprego":16.84,"TotalDiplomados":671.0,"Nome":"Engenharia e Técnicas Afins - programas não classificados noutra área de formação","TotalDesempregados":113.0},{"CNAEF":541,"PercentagemDesemprego":10.65,"TotalDiplomados":4141.0,"Nome":"Indústrias Alimentares","TotalDesempregados":441.0},{"CNAEF":542,"PercentagemDesemprego":9.72,"TotalDiplomados":72.0,"Nome":"Indústrias do Têxtil, Vestuário, Calçado e Couro","TotalDesempregados":7.0},{"CNAEF":543,"PercentagemDesemprego":7.71,"TotalDiplomados":687.0,"Nome":"Materiais (Indústrias da Madeira, Cortiça, Papel, Plástico, Vidro e outros)","TotalDesempregados":53.0},{"CNAEF":544,"PercentagemDesemprego":6.67,"TotalDiplomados":600.0,"Nome":"Indústrias Extractivas","TotalDesempregados":40.0},{"CNAEF":581,"PercentagemDesemprego":18.56,"TotalDiplomados":970.0,"Nome":"Arquitectura e Urbanismo","TotalDesempregados":180.0},{"CNAEF":582,"PercentagemDesemprego":6.13,"TotalDiplomados":17491.0,"Nome":"Construção Civil e Engenharia Civil","TotalDesempregados":1073.0},{"CNAEF":621,"PercentagemDesemprego":5.51,"TotalDiplomados":5680.0,"Nome":"Produção Agrícola e Animal","TotalDesempregados":313.0},{"CNAEF":623,"PercentagemDesemprego":5.89,"TotalDiplomados":815.0,"Nome":"Silvicultura e Caça","TotalDesempregados":48.0},{"CNAEF":640,"PercentagemDesemprego":23.15,"TotalDiplomados":216.0,"Nome":"Ciências Veterinárias","TotalDesempregados":50.0},{"CNAEF":721,"PercentagemDesemprego":4.65,"TotalDiplomados":43.0,"Nome":"Medicina","TotalDesempregados":2.0},{"CNAEF":723,"PercentagemDesemprego":8.72,"TotalDiplomados":11515.0,"Nome":"Enfermagem","TotalDesempregados":1004.0},{"CNAEF":724,"PercentagemDesemprego":6.59,"TotalDiplomados":1001.0,"Nome":"Ciências Dentárias","TotalDesempregados":66.0},{"CNAEF":725,"PercentagemDesemprego":6.34,"TotalDiplomados":11930.0,"Nome":"Tecnologias de Diagnóstico e Terapêutica","TotalDesempregados":756.0},{"CNAEF":726,"PercentagemDesemprego":5.19,"TotalDiplomados":9704.0,"Nome":"Terapia e Reabilitação","TotalDesempregados":504.0},{"CNAEF":727,"PercentagemDesemprego":3.08,"TotalDiplomados":2663.0,"Nome":"Ciências Farmacêuticas","TotalDesempregados":82.0},{"CNAEF":762,"PercentagemDesemprego":12.34,"TotalDiplomados":9108.0,"Nome":"Trabalho Social e Orientação","TotalDesempregados":1124.0},{"CNAEF":811,"PercentagemDesemprego":5.78,"TotalDiplomados":2354.0,"Nome":"Hotelaria e Restauração","TotalDesempregados":136.0},{"CNAEF":812,"PercentagemDesemprego":8.05,"TotalDiplomados":10020.0,"Nome":"Turismo e Lazer","TotalDesempregados":807.0},{"CNAEF":813,"PercentagemDesemprego":4.82,"TotalDiplomados":3136.0,"Nome":"Desporto","TotalDesempregados":151.0},{"CNAEF":840,"PercentagemDesemprego":3.86,"TotalDiplomados":337.0,"Nome":"Serviços de Transporte","TotalDesempregados":13.0},{"CNAEF":851,"PercentagemDesemprego":11.99,"TotalDiplomados":3235.0,"Nome":"Tecnologia de Protecção do Ambiente","TotalDesempregados":388.0},{"CNAEF":852,"PercentagemDesemprego":14.71,"TotalDiplomados":68.0,"Nome":"Ambientes Naturais e Vida Selvagem","TotalDesempregados":10.0},{"CNAEF":853,"PercentagemDesemprego":5.42,"TotalDiplomados":1384.0,"Nome":"Serviços de Saúde Pública","TotalDesempregados":75.0},{"CNAEF":861,"PercentagemDesemprego":24.1,"TotalDiplomados":83.0,"Nome":"Protecção de Pessoas e Bens","TotalDesempregados":20.0},{"CNAEF":862,"PercentagemDesemprego":21.62,"TotalDiplomados":74.0,"Nome":"Segurança e Higiene no Trabalho","TotalDesempregados":16.0}]}