{"data":[{"CNAEF":142,"CNAEFNome":"Ciências da Educação","PercentagemDesemprego":7.165398180805643,"TotalDiplomados":5387,"TotalDesempregados":386},{"CNAEF":143,"CNAEFNome":"Formação de Educadores de Infância","PercentagemDesemprego":9.715279287111498,"TotalDiplomados":4601,"TotalDesempregados":447},{"CNAEF":144,"CNAEFNome":"Formação de Professores do Ensino Básico (1.º e 2.º Ciclos)","PercentagemDesemprego":10.704960835509139,"TotalDiplomados":8809,"TotalDesempregados":943},{"CNAEF":145,"CNAEFNome":"Formação de Professores de Áreas Disciplinares Específicas","PercentagemDesemprego":10.58926487747958,"TotalDiplomados":3428,"TotalDesempregados":363},{"CNAEF":146,"CNAEFNome":"Formação de Professores e Formadores de Áreas Tecnológicas","PercentagemDesemprego":10.500308832612724,"TotalDiplomados":1619,"TotalDesempregados":170},{"CNAEF":210,"CNAEFNome":"Artes","PercentagemDesemprego":15.454545454545455,"TotalDiplomados":110,"TotalDesempregados":17},{"CNAEF":211,"CNAEFNome":"Belas-Artes","PercentagemDesemprego":12.808320950965825,"TotalDiplomados":3365,"TotalDesempregados":431},{"CNAEF":212,"CNAEFNome":"Artes do Espectáculo","PercentagemDesemprego":9.519408502772643,"TotalDiplomados":2164,"TotalDesempregados":206},{"CNAEF":213,"CNAEFNome":"Áudio-Visuais e Produção dos Media","PercentagemDesemprego":13.54317066127635,"TotalDiplomados":6926,"TotalDesempregados":938},{"CNAEF":214,"CNAEFNome":"Design","PercentagemDesemprego":10.982984109126706,"TotalDiplomados":7111,"TotalDesempregados":781},{"CNAEF":215,"CNAEFNome":"Artesanato","PercentagemDesemprego":6.67870036101083,"TotalDiplomados":554,"TotalDesempregados":37},{"CNAEF":221,"CNAEFNome":"Religião e Teologia","PercentagemDesemprego":3.7463976945244957,"TotalDiplomados":347,"TotalDesempregados":13},{"CNAEF":222,"CNAEFNome":"Línguas e Literaturas Estrangeiras","PercentagemDesemprego":8.291666666666666,"TotalDiplomados":4800,"TotalDesempregados":398},{"CNAEF":223,"CNAEFNome":"Língua e Literatura Materna","PercentagemDesemprego":12.380952380952381,"TotalDiplomados":735,"TotalDesempregados":91},{"CNAEF":225,"CNAEFNome":"História e Arqueologia","PercentagemDesemprego":10.913960495480415,"TotalDiplomados":2987,"TotalDesempregados":326},{"CNAEF":226,"CNAEFNome":"Filosofia e Ética","PercentagemDesemprego":11.408450704225352,"TotalDiplomados":710,"TotalDesempregados":81},{"CNAEF":311,"CNAEFNome":"Psicologia","PercentagemDesemprego":11.156439930064108,"TotalDiplomados":12011,"TotalDesempregados":1340},{"CNAEF":312,"CNAEFNome":"Sociologia e Outros Estudos","PercentagemDesemprego":11.771137026239067,"TotalDiplomados":5488,"TotalDesempregados":646},{"CNAEF":313,"CNAEFNome":"Ciência Política e Cidadania","PercentagemDesemprego":8.561872909698996,"TotalDiplomados":1495,"TotalDesempregados":128},{"CNAEF":314,"CNAEFNome":"Economia","PercentagemDesemprego":7.154370737755735,"TotalDiplomados":8065,"TotalDesempregados":577},{"CNAEF":321,"CNAEFNome":"Jornalismo e Reportagem","PercentagemDesemprego":10.640408047605554,"TotalDiplomados":7058,"TotalDesempregados":751},{"CNAEF":322,"CNAEFNome":"Biblioteconomia, Arquivo e Documentação (BAD)","PercentagemDesemprego":13.32312404287902,"TotalDiplomados":653,"TotalDesempregados":87},{"CNAEF":329,"CNAEFNome":"Informação e Jornalismo - programas não classificados noutra área de formação","PercentagemDesemprego":8.421052631578947,"TotalDiplomados":95,"TotalDesempregados":8},{"CNAEF":341,"CNAEFNome":"Comércio","PercentagemDesemprego":5.454545454545454,"TotalDiplomados":715,"TotalDesempregados":39},{"CNAEF":342,"CNAEFNome":"Marketing e Publicidade","PercentagemDesemprego":9.45527908540686,"TotalDiplomados":7435,"TotalDesempregados":703},{"CNAEF":343,"CNAEFNome":"Finanças, Banca e Seguros","PercentagemDesemprego":6.958041958041958,"TotalDiplomados":2860,"TotalDesempregados":199},{"CNAEF":344,"CNAEFNome":"Contabilidade e Fiscalidade","PercentagemDesemprego":6.174513187084052,"TotalDiplomados":8114,"TotalDesempregados":501},{"CNAEF":345,"CNAEFNome":"Gestão e Administração","PercentagemDesemprego":7.327586206896552,"TotalDiplomados":25520,"TotalDesempregados":1870},{"CNAEF":346,"CNAEFNome":"Secretariado e Trabalho Administrativo","PercentagemDesemprego":6.988934187536401,"TotalDiplomados":1717,"TotalDesempregados":120},{"CNAEF":347,"CNAEFNome":"Enquadramento na Organização\/Empresa","PercentagemDesemprego":11.304347826086957,"TotalDiplomados":115,"TotalDesempregados":13},{"CNAEF":349,"CNAEFNome":"Ciências Empresariais - programas não classificados noutra área de formação","PercentagemDesemprego":11.253561253561253,"TotalDiplomados":702,"TotalDesempregados":79},{"CNAEF":380,"CNAEFNome":"Direito","PercentagemDesemprego":7.078412675126531,"TotalDiplomados":13633,"TotalDesempregados":965},{"CNAEF":421,"CNAEFNome":"Biologia e Bioquímica","PercentagemDesemprego":6.490686778653868,"TotalDiplomados":8751,"TotalDesempregados":568},{"CNAEF":422,"CNAEFNome":"Ciências do Ambiente","PercentagemDesemprego":9.090909090909092,"TotalDiplomados":451,"TotalDesempregados":41},{"CNAEF":429,"CNAEFNome":"Ciências da Vida - programas não classificados noutra área de formação","PercentagemDesemprego":6.0,"TotalDiplomados":50,"TotalDesempregados":3},{"CNAEF":441,"CNAEFNome":"Física","PercentagemDesemprego":5.045871559633028,"TotalDiplomados":1090,"TotalDesempregados":55},{"CNAEF":442,"CNAEFNome":"Química","PercentagemDesemprego":7.012987012987013,"TotalDiplomados":1540,"TotalDesempregados":108},{"CNAEF":443,"CNAEFNome":"Ciências da Terra","PercentagemDesemprego":9.798994974874372,"TotalDiplomados":2786,"TotalDesempregados":273},{"CNAEF":461,"CNAEFNome":"Matemática","PercentagemDesemprego":8.343558282208589,"TotalDiplomados":1630,"TotalDesempregados":136},{"CNAEF":462,"CNAEFNome":"Estatística","PercentagemDesemprego":2.5531914893617023,"TotalDiplomados":235,"TotalDesempregados":6},{"CNAEF":481,"CNAEFNome":"Ciências Informáticas","PercentagemDesemprego":6.334199952729851,"TotalDiplomados":4231,"TotalDesempregados":268},{"CNAEF":489,"CNAEFNome":"Informática - programas não classificados noutra área de formação","PercentagemDesemprego":8.13953488372093,"TotalDiplomados":172,"TotalDesempregados":14},{"CNAEF":521,"CNAEFNome":"Metalurgia e Metalomecânica","PercentagemDesemprego":5.388751960564643,"TotalDiplomados":8926,"TotalDesempregados":481},{"CNAEF":522,"CNAEFNome":"Electricidade e Energia","PercentagemDesemprego":8.374055975122168,"TotalDiplomados":4502,"TotalDesempregados":377},{"CNAEF":523,"CNAEFNome":"Electrónica e Automação","PercentagemDesemprego":3.283391775581766,"TotalDiplomados":15685,"TotalDesempregados":515},{"CNAEF":524,"CNAEFNome":"Tecnologia dos Processos Químicos","PercentagemDesemprego":6.49895178197065,"TotalDiplomados":5247,"TotalDesempregados":341},{"CNAEF":525,"CNAEFNome":"Construção e Reparação de Veículos a Motor","PercentagemDesemprego":3.642384105960265,"TotalDiplomados":906,"TotalDesempregados":33},{"CNAEF":529,"CNAEFNome":"Engenharia e Técnicas Afins - programas não classificados noutra área de formação","PercentagemDesemprego":7.055630936227951,"TotalDiplomados":2211,"TotalDesempregados":156},{"CNAEF":541,"CNAEFNome":"Indústrias Alimentares","PercentagemDesemprego":10.992691839220463,"TotalDiplomados":3284,"TotalDesempregados":361},{"CNAEF":542,"CNAEFNome":"Indústrias do Têxtil, Vestuário, Calçado e Couro","PercentagemDesemprego":9.322033898305085,"TotalDiplomados":118,"TotalDesempregados":11},{"CNAEF":543,"CNAEFNome":"Materiais (Indústrias da Madeira, Cortiça, Papel, Plástico, Vidro e outros)","PercentagemDesemprego":6.78391959798995,"TotalDiplomados":796,"TotalDesempregados":54},{"CNAEF":544,"CNAEFNome":"Indústrias Extractivas","PercentagemDesemprego":8.955223880597014,"TotalDiplomados":469,"TotalDesempregados":42},{"CNAEF":549,"CNAEFNome":"Indústrias Transformadoras - programas não classificados noutra área de formação","PercentagemDesemprego":25.0,"TotalDiplomados":4,"TotalDesempregados":1},{"CNAEF":581,"CNAEFNome":"Arquitectura e Urbanismo","PercentagemDesemprego":11.592617908407382,"TotalDiplomados":7315,"TotalDesempregados":848},{"CNAEF":582,"CNAEFNome":"Construção Civil e Engenharia Civil","PercentagemDesemprego":8.013511571079489,"TotalDiplomados":13914,"TotalDesempregados":1115},{"CNAEF":621,"CNAEFNome":"Produção Agrícola e Animal","PercentagemDesemprego":8.116259939676446,"TotalDiplomados":3647,"TotalDesempregados":296},{"CNAEF":622,"CNAEFNome":"Floricultura e Jardinagem","PercentagemDesemprego":0.0,"TotalDiplomados":2,"TotalDesempregados":0},{"CNAEF":623,"CNAEFNome":"Silvicultura e Caça","PercentagemDesemprego":9.930715935334874,"TotalDiplomados":433,"TotalDesempregados":43},{"CNAEF":624,"CNAEFNome":"Pescas","PercentagemDesemprego":4.761904761904762,"TotalDiplomados":42,"TotalDesempregados":2},{"CNAEF":640,"CNAEFNome":"Ciências Veterinárias","PercentagemDesemprego":7.870593915982617,"TotalDiplomados":2071,"TotalDesempregados":163},{"CNAEF":721,"CNAEFNome":"Medicina","PercentagemDesemprego":0.5374899220639613,"TotalDiplomados":3721,"TotalDesempregados":20},{"CNAEF":723,"CNAEFNome":"Enfermagem","PercentagemDesemprego":5.590825312308008,"TotalDiplomados":9766,"TotalDesempregados":546},{"CNAEF":724,"CNAEFNome":"Ciências Dentárias","PercentagemDesemprego":4.555735056542811,"TotalDiplomados":3095,"TotalDesempregados":141},{"CNAEF":725,"CNAEFNome":"Tecnologias de Diagnóstico e Terapêutica","PercentagemDesemprego":8.735294117647058,"TotalDiplomados":6800,"TotalDesempregados":594},{"CNAEF":726,"CNAEFNome":"Terapia e Reabilitação","PercentagemDesemprego":12.382864792503346,"TotalDiplomados":7470,"TotalDesempregados":925},{"CNAEF":727,"CNAEFNome":"Ciências Farmacêuticas","PercentagemDesemprego":5.87977182974989,"TotalDiplomados":6837,"TotalDesempregados":402},{"CNAEF":762,"CNAEFNome":"Trabalho Social e Orientação","PercentagemDesemprego":14.707539727262482,"TotalDiplomados":8873,"TotalDesempregados":1305},{"CNAEF":811,"CNAEFNome":"Hotelaria e Restauração","PercentagemDesemprego":9.32297447280799,"TotalDiplomados":901,"TotalDesempregados":84},{"CNAEF":812,"CNAEFNome":"Turismo e Lazer","PercentagemDesemprego":12.128657583203038,"TotalDiplomados":4477,"TotalDesempregados":543},{"CNAEF":813,"CNAEFNome":"Desporto","PercentagemDesemprego":9.5371198568873,"TotalDiplomados":8944,"TotalDesempregados":853},{"CNAEF":819,"CNAEFNome":"Serviços Pessoais - programas não classificados noutra área de formação","PercentagemDesemprego":4.838709677419355,"TotalDiplomados":62,"TotalDesempregados":3},{"CNAEF":840,"CNAEFNome":"Serviços de Transporte","PercentagemDesemprego":5.7251908396946565,"TotalDiplomados":262,"TotalDesempregados":15},{"CNAEF":851,"CNAEFNome":"Tecnologia de Protecção do Ambiente","PercentagemDesemprego":8.94308943089431,"TotalDiplomados":3444,"TotalDesempregados":308},{"CNAEF":852,"CNAEFNome":"Ambientes Naturais e Vida Selvagem","PercentagemDesemprego":18.978102189781023,"TotalDiplomados":137,"TotalDesempregados":26},{"CNAEF":853,"CNAEFNome":"Serviços de Saúde Pública","PercentagemDesemprego":7.096774193548387,"TotalDiplomados":465,"TotalDesempregados":33},{"CNAEF":861,"CNAEFNome":"Protecção de Pessoas e Bens","PercentagemDesemprego":18.75,"TotalDiplomados":128,"TotalDesempregados":24},{"CNAEF":862,"CNAEFNome":"Segurança e Higiene no Trabalho","PercentagemDesemprego":9.35483870967742,"TotalDiplomados":620,"TotalDesempregados":58},{"CNAEF":863,"CNAEFNome":"Segurança Militar","PercentagemDesemprego":14.285714285714286,"TotalDiplomados":14,"TotalDesempregados":2},{"CNAEF":100,"CNAEFNome":"Educação","PercentagemDesemprego":9.683777889615836,"TotalDiplomados":23844,"TotalDesempregados":2309},{"CNAEF":200,"CNAEFNome":"Artes e Humanidades","PercentagemDesemprego":11.134221208359891,"TotalDiplomados":29809,"TotalDesempregados":3319},{"CNAEF":300,"CNAEFNome":"Ciências Sociais, Comércio e Direito","PercentagemDesemprego":8.38872862577867,"TotalDiplomados":95676,"TotalDesempregados":8026},{"CNAEF":400,"CNAEFNome":"Ciências, Matemática e Informática","PercentagemDesemprego":7.030951471150172,"TotalDiplomados":20936,"TotalDesempregados":1472},{"CNAEF":500,"CNAEFNome":"Engenharia, Indústrias Transformadoras e Construção","PercentagemDesemprego":6.840020827745081,"TotalDiplomados":63377,"TotalDesempregados":4335},{"CNAEF":600,"CNAEFNome":"Agricultura","PercentagemDesemprego":8.135593220338983,"TotalDiplomados":6195,"TotalDesempregados":504},{"CNAEF":700,"CNAEFNome":"Saúde e Protecção Social","PercentagemDesemprego":8.446802113311284,"TotalDiplomados":46562,"TotalDesempregados":3933},{"CNAEF":800,"CNAEFNome":"Serviços","PercentagemDesemprego":10.018505191734347,"TotalDiplomados":19454,"TotalDesempregados":1949},{"CNAEF":140,"CNAEFNome":"Formação de Professores\/Formadores e Ciências da Educação","PercentagemDesemprego":9.568733153638814,"TotalDiplomados":26712,"TotalDesempregados":2556},{"CNAEF":210,"CNAEFNome":"Artes","PercentagemDesemprego":11.846275752773376,"TotalDiplomados":20192,"TotalDesempregados":2392},{"CNAEF":220,"CNAEFNome":"Humanidades","PercentagemDesemprego":9.384352287302265,"TotalDiplomados":9356,"TotalDesempregados":878},{"CNAEF":310,"CNAEFNome":"Ciências Sociais e do Comportamento","PercentagemDesemprego":10.121674572076717,"TotalDiplomados":24245,"TotalDesempregados":2454},{"CNAEF":320,"CNAEFNome":"Informação e Jornalismo","PercentagemDesemprego":10.841382816471784,"TotalDiplomados":7868,"TotalDesempregados":853},{"CNAEF":340,"CNAEFNome":"Ciências Empresariais","PercentagemDesemprego":7.587733818904155,"TotalDiplomados":48328,"TotalDesempregados":3667},{"CNAEF":380,"CNAEFNome":"Direito","PercentagemDesemprego":7.078412675126531,"TotalDiplomados":13633,"TotalDesempregados":965},{"CNAEF":420,"CNAEFNome":"Ciências da Vida","PercentagemDesemprego":6.750733775410371,"TotalDiplomados":9199,"TotalDesempregados":621},{"CNAEF":440,"CNAEFNome":"Ciências Físicas","PercentagemDesemprego":8.097395243488108,"TotalDiplomados":5298,"TotalDesempregados":429},{"CNAEF":460,"CNAEFNome":"Matemática e Estatística","PercentagemDesemprego":7.376623376623376,"TotalDiplomados":1925,"TotalDesempregados":142},{"CNAEF":480,"CNAEFNome":"Informática","PercentagemDesemprego":6.079160288650776,"TotalDiplomados":4573,"TotalDesempregados":278},{"CNAEF":520,"CNAEFNome":"Engenharia e Técnicas Afins","PercentagemDesemprego":4.991483984396462,"TotalDiplomados":36402,"TotalDesempregados":1817},{"CNAEF":540,"CNAEFNome":"Indústrias Transformadoras","PercentagemDesemprego":10.040676514664954,"TotalDiplomados":4671,"TotalDesempregados":469},{"CNAEF":580,"CNAEFNome":"Arquitectura e Construção","PercentagemDesemprego":9.049773755656108,"TotalDiplomados":20332,"TotalDesempregados":1840},{"CNAEF":620,"CNAEFNome":"Agricultura, Silvicultura e Pescas","PercentagemDesemprego":8.570750237416904,"TotalDiplomados":4212,"TotalDesempregados":361},{"CNAEF":640,"CNAEFNome":"Ciências Veterinárias","PercentagemDesemprego":7.870593915982617,"TotalDiplomados":2071,"TotalDesempregados":163},{"CNAEF":720,"CNAEFNome":"Saúde","PercentagemDesemprego":6.973596921852196,"TotalDiplomados":37685,"TotalDesempregados":2628},{"CNAEF":760,"CNAEFNome":"Serviços Sociais","PercentagemDesemprego":14.798257679963319,"TotalDiplomados":8724,"TotalDesempregados":1291},{"CNAEF":810,"CNAEFNome":"Serviços Pessoais","PercentagemDesemprego":10.274604413538636,"TotalDiplomados":14093,"TotalDesempregados":1448},{"CNAEF":840,"CNAEFNome":"Serviços de Transporte","PercentagemDesemprego":10.034843205574912,"TotalDiplomados":1435,"TotalDesempregados":144},{"CNAEF":850,"CNAEFNome":"Protecção do Ambiente","PercentagemDesemprego":8.871162678269277,"TotalDiplomados":4137,"TotalDesempregados":367},{"CNAEF":860,"CNAEFNome":"Serviços de Segurança","PercentagemDesemprego":11.023622047244094,"TotalDiplomados":762,"TotalDesempregados":84}]}