{"data":[{"CNAEF":140,"CNAEFNome":"Formação de Professores\/Formadores e Ciências da Educação","PercentagemDesemprego":8.85,"TotalDiplomados":79726,"TotalDesempregados":7057},{"CNAEF":210,"CNAEFNome":"Artes","PercentagemDesemprego":7.75,"TotalDiplomados":35468,"TotalDesempregados":2749},{"CNAEF":220,"CNAEFNome":"Humanidades","PercentagemDesemprego":8.39,"TotalDiplomados":23436,"TotalDesempregados":1967},{"CNAEF":310,"CNAEFNome":"Ciências Sociais e do Comportamento","PercentagemDesemprego":7.54,"TotalDiplomados":53486,"TotalDesempregados":4035},{"CNAEF":320,"CNAEFNome":"Informação e Jornalismo","PercentagemDesemprego":9.2,"TotalDiplomados":14732,"TotalDesempregados":1355},{"CNAEF":340,"CNAEFNome":"Ciências Empresariais","PercentagemDesemprego":5.6,"TotalDiplomados":117981,"TotalDesempregados":6602},{"CNAEF":380,"CNAEFNome":"Direito","PercentagemDesemprego":4.12,"TotalDiplomados":24800,"TotalDesempregados":1021},{"CNAEF":420,"CNAEFNome":"Ciências da Vida","PercentagemDesemprego":5.02,"TotalDiplomados":12305,"TotalDesempregados":618},{"CNAEF":440,"CNAEFNome":"Ciências Físicas","PercentagemDesemprego":8.16,"TotalDiplomados":10266,"TotalDesempregados":838},{"CNAEF":460,"CNAEFNome":"Matemática e Estatística","PercentagemDesemprego":7.26,"TotalDiplomados":5650,"TotalDesempregados":410},{"CNAEF":480,"CNAEFNome":"Informática","PercentagemDesemprego":6.01,"TotalDiplomados":11092,"TotalDesempregados":667},{"CNAEF":520,"CNAEFNome":"Engenharia e Técnicas Afins","PercentagemDesemprego":4.12,"TotalDiplomados":62759,"TotalDesempregados":2588},{"CNAEF":540,"CNAEFNome":"Indústrias Transformadoras","PercentagemDesemprego":7.23,"TotalDiplomados":9544,"TotalDesempregados":690},{"CNAEF":580,"CNAEFNome":"Arquitectura e Construção","PercentagemDesemprego":7.55,"TotalDiplomados":40744,"TotalDesempregados":3076},{"CNAEF":620,"CNAEFNome":"Agricultura, Silvicultura e Pescas","PercentagemDesemprego":6.01,"TotalDiplomados":10461,"TotalDesempregados":629},{"CNAEF":640,"CNAEFNome":"Ciências Veterinárias","PercentagemDesemprego":4.18,"TotalDiplomados":2633,"TotalDesempregados":110},{"CNAEF":720,"CNAEFNome":"Saúde","PercentagemDesemprego":3.42,"TotalDiplomados":59663,"TotalDesempregados":2038},{"CNAEF":760,"CNAEFNome":"Serviços Sociais","PercentagemDesemprego":10.03,"TotalDiplomados":18985,"TotalDesempregados":1904},{"CNAEF":810,"CNAEFNome":"Serviços Pessoais","PercentagemDesemprego":5.9,"TotalDiplomados":26666,"TotalDesempregados":1572},{"CNAEF":840,"CNAEFNome":"Serviços de Transporte","PercentagemDesemprego":5.02,"TotalDiplomados":917,"TotalDesempregados":46},{"CNAEF":850,"CNAEFNome":"Protecção do Ambiente","PercentagemDesemprego":8.17,"TotalDiplomados":8703,"TotalDesempregados":711},{"CNAEF":860,"CNAEFNome":"Serviços de Segurança","PercentagemDesemprego":7.51,"TotalDiplomados":839,"TotalDesempregados":63},{"CNAEF":100,"CNAEFNome":"Educação","PercentagemDesemprego":9.05,"TotalDiplomados":75202,"TotalDesempregados":6803},{"CNAEF":200,"CNAEFNome":"Artes e Humanidades","PercentagemDesemprego":8.14,"TotalDiplomados":57146,"TotalDesempregados":4651},{"CNAEF":300,"CNAEFNome":"Ciências Sociais, Comércio e Direito","PercentagemDesemprego":6.17,"TotalDiplomados":214064,"TotalDesempregados":13211},{"CNAEF":400,"CNAEFNome":"Ciências, Matemática e Informática","PercentagemDesemprego":6.61,"TotalDiplomados":39651,"TotalDesempregados":2620},{"CNAEF":500,"CNAEFNome":"Engenharia, Indústrias Transformadoras e Construção","PercentagemDesemprego":5.57,"TotalDiplomados":114966,"TotalDesempregados":6400},{"CNAEF":600,"CNAEFNome":"Agricultura","PercentagemDesemprego":5.65,"TotalDiplomados":13135,"TotalDesempregados":742},{"CNAEF":700,"CNAEFNome":"Saúde e Protecção Social","PercentagemDesemprego":4.99,"TotalDiplomados":78542,"TotalDesempregados":3916},{"CNAEF":800,"CNAEFNome":"Serviços","PercentagemDesemprego":6.3,"TotalDiplomados":38150,"TotalDesempregados":2403},{"CNAEF":142,"CNAEFNome":"Ciências da Educação","PercentagemDesemprego":5.04,"TotalDiplomados":7663,"TotalDesempregados":386},{"CNAEF":143,"CNAEFNome":"Formação de Educadores de Infância","PercentagemDesemprego":7.09,"TotalDiplomados":20422,"TotalDesempregados":1447},{"CNAEF":144,"CNAEFNome":"Formação de Professores do Ensino Básico (1.º e 2.º Ciclos)","PercentagemDesemprego":11.08,"TotalDiplomados":33995,"TotalDesempregados":3766},{"CNAEF":145,"CNAEFNome":"Formação de Professores de Áreas Disciplinares Específicas","PercentagemDesemprego":9.67,"TotalDiplomados":12063,"TotalDesempregados":1167},{"CNAEF":146,"CNAEFNome":"Formação de Professores e Formadores de Áreas Tecnológicas","PercentagemDesemprego":3.49,"TotalDiplomados":1059,"TotalDesempregados":37},{"CNAEF":210,"CNAEFNome":"Artes","PercentagemDesemprego":17.39,"TotalDiplomados":23,"TotalDesempregados":4},{"CNAEF":211,"CNAEFNome":"Belas-Artes","PercentagemDesemprego":9.33,"TotalDiplomados":5768,"TotalDesempregados":538},{"CNAEF":212,"CNAEFNome":"Artes do Espectáculo","PercentagemDesemprego":4.92,"TotalDiplomados":4287,"TotalDesempregados":211},{"CNAEF":213,"CNAEFNome":"Áudio-Visuais e Produção dos Media","PercentagemDesemprego":8.52,"TotalDiplomados":8412,"TotalDesempregados":717},{"CNAEF":214,"CNAEFNome":"Design","PercentagemDesemprego":7.76,"TotalDiplomados":15722,"TotalDesempregados":1220},{"CNAEF":215,"CNAEFNome":"Artesanato","PercentagemDesemprego":5.25,"TotalDiplomados":1315,"TotalDesempregados":69},{"CNAEF":221,"CNAEFNome":"Religião e Teologia","PercentagemDesemprego":2.99,"TotalDiplomados":837,"TotalDesempregados":25},{"CNAEF":222,"CNAEFNome":"Línguas e Literaturas Estrangeiras","PercentagemDesemprego":6.83,"TotalDiplomados":10559,"TotalDesempregados":721},{"CNAEF":223,"CNAEFNome":"Língua e Literatura Materna","PercentagemDesemprego":10.84,"TotalDiplomados":3080,"TotalDesempregados":334},{"CNAEF":225,"CNAEFNome":"História e Arqueologia","PercentagemDesemprego":10.54,"TotalDiplomados":5407,"TotalDesempregados":570},{"CNAEF":226,"CNAEFNome":"Filosofia e Ética","PercentagemDesemprego":13.94,"TotalDiplomados":1736,"TotalDesempregados":242},{"CNAEF":311,"CNAEFNome":"Psicologia","PercentagemDesemprego":8.22,"TotalDiplomados":26770,"TotalDesempregados":2200},{"CNAEF":312,"CNAEFNome":"Sociologia e Outros Estudos","PercentagemDesemprego":8.13,"TotalDiplomados":12118,"TotalDesempregados":985},{"CNAEF":313,"CNAEFNome":"Ciência Política e Cidadania","PercentagemDesemprego":8.06,"TotalDiplomados":4154,"TotalDesempregados":335},{"CNAEF":314,"CNAEFNome":"Economia","PercentagemDesemprego":5.2,"TotalDiplomados":14113,"TotalDesempregados":734},{"CNAEF":321,"CNAEFNome":"Jornalismo e Reportagem","PercentagemDesemprego":8.97,"TotalDiplomados":14843,"TotalDesempregados":1331},{"CNAEF":322,"CNAEFNome":"Biblioteconomia, Arquivo e Documentação (BAD)","PercentagemDesemprego":11.22,"TotalDiplomados":838,"TotalDesempregados":94},{"CNAEF":329,"CNAEFNome":"Informação e Jornalismo - programas não classificados noutra área de formação","PercentagemDesemprego":11.58,"TotalDiplomados":259,"TotalDesempregados":30},{"CNAEF":341,"CNAEFNome":"Comércio","PercentagemDesemprego":5.62,"TotalDiplomados":1388,"TotalDesempregados":78},{"CNAEF":342,"CNAEFNome":"Marketing e Publicidade","PercentagemDesemprego":6.43,"TotalDiplomados":21548,"TotalDesempregados":1386},{"CNAEF":343,"CNAEFNome":"Finanças, Banca e Seguros","PercentagemDesemprego":2.69,"TotalDiplomados":3798,"TotalDesempregados":102},{"CNAEF":344,"CNAEFNome":"Contabilidade e Fiscalidade","PercentagemDesemprego":4.42,"TotalDiplomados":29857,"TotalDesempregados":1320},{"CNAEF":345,"CNAEFNome":"Gestão e Administração","PercentagemDesemprego":6.01,"TotalDiplomados":51430,"TotalDesempregados":3092},{"CNAEF":346,"CNAEFNome":"Secretariado e Trabalho Administrativo","PercentagemDesemprego":6.13,"TotalDiplomados":5510,"TotalDesempregados":338},{"CNAEF":347,"CNAEFNome":"Enquadramento na Organização\/Empresa","PercentagemDesemprego":6.86,"TotalDiplomados":452,"TotalDesempregados":31},{"CNAEF":349,"CNAEFNome":"Ciências Empresariais - programas não classificados noutra área de formação","PercentagemDesemprego":6.13,"TotalDiplomados":2186,"TotalDesempregados":134},{"CNAEF":380,"CNAEFNome":"Direito","PercentagemDesemprego":4.12,"TotalDiplomados":24800,"TotalDesempregados":1021},{"CNAEF":421,"CNAEFNome":"Biologia e Bioquímica","PercentagemDesemprego":4.72,"TotalDiplomados":11935,"TotalDesempregados":563},{"CNAEF":422,"CNAEFNome":"Ciências do Ambiente","PercentagemDesemprego":7.31,"TotalDiplomados":862,"TotalDesempregados":63},{"CNAEF":441,"CNAEFNome":"Física","PercentagemDesemprego":6.32,"TotalDiplomados":1693,"TotalDesempregados":107},{"CNAEF":442,"CNAEFNome":"Química","PercentagemDesemprego":6.46,"TotalDiplomados":3330,"TotalDesempregados":215},{"CNAEF":443,"CNAEFNome":"Ciências da Terra","PercentagemDesemprego":9.84,"TotalDiplomados":5587,"TotalDesempregados":550},{"CNAEF":461,"CNAEFNome":"Matemática","PercentagemDesemprego":7.84,"TotalDiplomados":5587,"TotalDesempregados":438},{"CNAEF":462,"CNAEFNome":"Estatística","PercentagemDesemprego":2.62,"TotalDiplomados":649,"TotalDesempregados":17},{"CNAEF":481,"CNAEFNome":"Ciências Informáticas","PercentagemDesemprego":6.64,"TotalDiplomados":9830,"TotalDesempregados":653},{"CNAEF":489,"CNAEFNome":"Informática - programas não classificados noutra área de formação","PercentagemDesemprego":7.87,"TotalDiplomados":178,"TotalDesempregados":14},{"CNAEF":521,"CNAEFNome":"Metalurgia e Metalomecânica","PercentagemDesemprego":4.16,"TotalDiplomados":12916,"TotalDesempregados":537},{"CNAEF":522,"CNAEFNome":"Electricidade e Energia","PercentagemDesemprego":4.97,"TotalDiplomados":7062,"TotalDesempregados":351},{"CNAEF":523,"CNAEFNome":"Electrónica e Automação","PercentagemDesemprego":3.0,"TotalDiplomados":29413,"TotalDesempregados":883},{"CNAEF":524,"CNAEFNome":"Tecnologia dos Processos Químicos","PercentagemDesemprego":5.99,"TotalDiplomados":11032,"TotalDesempregados":661},{"CNAEF":525,"CNAEFNome":"Construção e Reparação de Veículos a Motor","PercentagemDesemprego":2.27,"TotalDiplomados":968,"TotalDesempregados":22},{"CNAEF":529,"CNAEFNome":"Engenharia e Técnicas Afins - programas não classificados noutra área de formação","PercentagemDesemprego":5.28,"TotalDiplomados":2936,"TotalDesempregados":155},{"CNAEF":541,"CNAEFNome":"Indústrias Alimentares","PercentagemDesemprego":7.24,"TotalDiplomados":6243,"TotalDesempregados":452},{"CNAEF":542,"CNAEFNome":"Indústrias do Têxtil, Vestuário, Calçado e Couro","PercentagemDesemprego":8.04,"TotalDiplomados":547,"TotalDesempregados":44},{"CNAEF":543,"CNAEFNome":"Materiais (Indústrias da Madeira, Cortiça, Papel, Plástico, Vidro e outros)","PercentagemDesemprego":6.83,"TotalDiplomados":1785,"TotalDesempregados":122},{"CNAEF":544,"CNAEFNome":"Indústrias Extractivas","PercentagemDesemprego":7.97,"TotalDiplomados":816,"TotalDesempregados":65},{"CNAEF":581,"CNAEFNome":"Arquitectura e Urbanismo","PercentagemDesemprego":8.88,"TotalDiplomados":13712,"TotalDesempregados":1217},{"CNAEF":582,"CNAEFNome":"Construção Civil e Engenharia Civil","PercentagemDesemprego":6.87,"TotalDiplomados":27536,"TotalDesempregados":1891},{"CNAEF":621,"CNAEFNome":"Produção Agrícola e Animal","PercentagemDesemprego":5.9,"TotalDiplomados":9074,"TotalDesempregados":535},{"CNAEF":622,"CNAEFNome":"Floricultura e Jardinagem","PercentagemDesemprego":16.67,"TotalDiplomados":24,"TotalDesempregados":4},{"CNAEF":623,"CNAEFNome":"Silvicultura e Caça","PercentagemDesemprego":6.62,"TotalDiplomados":1404,"TotalDesempregados":93},{"CNAEF":640,"CNAEFNome":"Ciências Veterinárias","PercentagemDesemprego":4.18,"TotalDiplomados":2633,"TotalDesempregados":110},{"CNAEF":721,"CNAEFNome":"Medicina","PercentagemDesemprego":0.24,"TotalDiplomados":5029,"TotalDesempregados":12},{"CNAEF":723,"CNAEFNome":"Enfermagem","PercentagemDesemprego":4.37,"TotalDiplomados":15644,"TotalDesempregados":683},{"CNAEF":724,"CNAEFNome":"Ciências Dentárias","PercentagemDesemprego":1.26,"TotalDiplomados":4367,"TotalDesempregados":55},{"CNAEF":725,"CNAEFNome":"Tecnologias de Diagnóstico e Terapêutica","PercentagemDesemprego":4.37,"TotalDiplomados":13664,"TotalDesempregados":597},{"CNAEF":726,"CNAEFNome":"Terapia e Reabilitação","PercentagemDesemprego":3.97,"TotalDiplomados":12249,"TotalDesempregados":486},{"CNAEF":727,"CNAEFNome":"Ciências Farmacêuticas","PercentagemDesemprego":2.34,"TotalDiplomados":8704,"TotalDesempregados":204},{"CNAEF":729,"CNAEFNome":"Saúde - programas não classificados noutra área de formação","PercentagemDesemprego":13.33,"TotalDiplomados":15,"TotalDesempregados":2},{"CNAEF":762,"CNAEFNome":"Trabalho Social e Orientação","PercentagemDesemprego":9.95,"TotalDiplomados":18870,"TotalDesempregados":1877},{"CNAEF":811,"CNAEFNome":"Hotelaria e Restauração","PercentagemDesemprego":4.42,"TotalDiplomados":2037,"TotalDesempregados":90},{"CNAEF":812,"CNAEFNome":"Turismo e Lazer","PercentagemDesemprego":7.25,"TotalDiplomados":11707,"TotalDesempregados":849},{"CNAEF":813,"CNAEFNome":"Desporto","PercentagemDesemprego":4.75,"TotalDiplomados":15062,"TotalDesempregados":716},{"CNAEF":840,"CNAEFNome":"Serviços de Transporte","PercentagemDesemprego":4.76,"TotalDiplomados":294,"TotalDesempregados":14},{"CNAEF":851,"CNAEFNome":"Tecnologia de Protecção do Ambiente","PercentagemDesemprego":8.34,"TotalDiplomados":7149,"TotalDesempregados":596},{"CNAEF":852,"CNAEFNome":"Ambientes Naturais e Vida Selvagem","PercentagemDesemprego":7.51,"TotalDiplomados":213,"TotalDesempregados":16},{"CNAEF":853,"CNAEFNome":"Serviços de Saúde Pública","PercentagemDesemprego":6.37,"TotalDiplomados":942,"TotalDesempregados":60},{"CNAEF":861,"CNAEFNome":"Protecção de Pessoas e Bens","PercentagemDesemprego":10.46,"TotalDiplomados":153,"TotalDesempregados":16},{"CNAEF":862,"CNAEFNome":"Segurança e Higiene no Trabalho","PercentagemDesemprego":7.76,"TotalDiplomados":593,"TotalDesempregados":46}]}