{"data":[{"CNAEF":140,"CNAEFNome":"Formação de Professores\/Formadores e Ciências da Educação","PercentagemDesemprego":6.05,"TotalDiplomados":79699,"TotalDesempregados":4822},{"CNAEF":210,"CNAEFNome":"Artes","PercentagemDesemprego":8.79,"TotalDiplomados":34720,"TotalDesempregados":3051},{"CNAEF":220,"CNAEFNome":"Humanidades","PercentagemDesemprego":8.46,"TotalDiplomados":24657,"TotalDesempregados":2086},{"CNAEF":310,"CNAEFNome":"Ciências Sociais e do Comportamento","PercentagemDesemprego":10.46,"TotalDiplomados":51268,"TotalDesempregados":5362},{"CNAEF":320,"CNAEFNome":"Informação e Jornalismo","PercentagemDesemprego":10.99,"TotalDiplomados":15022,"TotalDesempregados":1651},{"CNAEF":340,"CNAEFNome":"Ciências Empresariais","PercentagemDesemprego":6.67,"TotalDiplomados":125427,"TotalDesempregados":8362},{"CNAEF":380,"CNAEFNome":"Direito","PercentagemDesemprego":5.95,"TotalDiplomados":24588,"TotalDesempregados":1464},{"CNAEF":420,"CNAEFNome":"Ciências da Vida","PercentagemDesemprego":5.72,"TotalDiplomados":11573,"TotalDesempregados":662},{"CNAEF":440,"CNAEFNome":"Ciências Físicas","PercentagemDesemprego":7.51,"TotalDiplomados":10605,"TotalDesempregados":796},{"CNAEF":460,"CNAEFNome":"Matemática e Estatística","PercentagemDesemprego":4.8,"TotalDiplomados":5997,"TotalDesempregados":288},{"CNAEF":480,"CNAEFNome":"Informática","PercentagemDesemprego":5.06,"TotalDiplomados":11620,"TotalDesempregados":588},{"CNAEF":520,"CNAEFNome":"Engenharia e Técnicas Afins","PercentagemDesemprego":5.88,"TotalDiplomados":62098,"TotalDesempregados":3649},{"CNAEF":540,"CNAEFNome":"Indústrias Transformadoras","PercentagemDesemprego":9.8,"TotalDiplomados":9543,"TotalDesempregados":935},{"CNAEF":580,"CNAEFNome":"Arquitectura e Construção","PercentagemDesemprego":8.25,"TotalDiplomados":39048,"TotalDesempregados":3222},{"CNAEF":620,"CNAEFNome":"Agricultura, Silvicultura e Pescas","PercentagemDesemprego":7.17,"TotalDiplomados":11717,"TotalDesempregados":840},{"CNAEF":640,"CNAEFNome":"Ciências Veterinárias","PercentagemDesemprego":5.96,"TotalDiplomados":2483,"TotalDesempregados":148},{"CNAEF":720,"CNAEFNome":"Saúde","PercentagemDesemprego":4.44,"TotalDiplomados":56580,"TotalDesempregados":2513},{"CNAEF":760,"CNAEFNome":"Serviços Sociais","PercentagemDesemprego":11.08,"TotalDiplomados":18577,"TotalDesempregados":2059},{"CNAEF":810,"CNAEFNome":"Serviços Pessoais","PercentagemDesemprego":6.82,"TotalDiplomados":26384,"TotalDesempregados":1800},{"CNAEF":840,"CNAEFNome":"Serviços de Transporte","PercentagemDesemprego":10.42,"TotalDiplomados":768,"TotalDesempregados":80},{"CNAEF":850,"CNAEFNome":"Protecção do Ambiente","PercentagemDesemprego":8.61,"TotalDiplomados":8047,"TotalDesempregados":693},{"CNAEF":860,"CNAEFNome":"Serviços de Segurança","PercentagemDesemprego":7.3,"TotalDiplomados":877,"TotalDesempregados":64},{"CNAEF":100,"CNAEFNome":"Educação","PercentagemDesemprego":5.9,"TotalDiplomados":75669,"TotalDesempregados":4466},{"CNAEF":200,"CNAEFNome":"Artes e Humanidades","PercentagemDesemprego":8.89,"TotalDiplomados":57285,"TotalDesempregados":5090},{"CNAEF":300,"CNAEFNome":"Ciências Sociais, Comércio e Direito","PercentagemDesemprego":7.83,"TotalDiplomados":219321,"TotalDesempregados":17164},{"CNAEF":400,"CNAEFNome":"Ciências, Matemática e Informática","PercentagemDesemprego":6.07,"TotalDiplomados":39912,"TotalDesempregados":2421},{"CNAEF":500,"CNAEFNome":"Engenharia, Indústrias Transformadoras e Construção","PercentagemDesemprego":7.03,"TotalDiplomados":112411,"TotalDesempregados":7899},{"CNAEF":600,"CNAEFNome":"Agricultura","PercentagemDesemprego":6.93,"TotalDiplomados":14253,"TotalDesempregados":988},{"CNAEF":700,"CNAEFNome":"Saúde e Protecção Social","PercentagemDesemprego":6.05,"TotalDiplomados":74933,"TotalDesempregados":4535},{"CNAEF":800,"CNAEFNome":"Serviços","PercentagemDesemprego":6.86,"TotalDiplomados":37514,"TotalDesempregados":2572},{"CNAEF":142,"CNAEFNome":"Ciências da Educação","PercentagemDesemprego":4.92,"TotalDiplomados":6606,"TotalDesempregados":325},{"CNAEF":143,"CNAEFNome":"Formação de Educadores de Infância","PercentagemDesemprego":7.32,"TotalDiplomados":20366,"TotalDesempregados":1491},{"CNAEF":144,"CNAEFNome":"Formação de Professores do Ensino Básico (1.º e 2.º Ciclos)","PercentagemDesemprego":6.03,"TotalDiplomados":34934,"TotalDesempregados":2108},{"CNAEF":145,"CNAEFNome":"Formação de Professores de Áreas Disciplinares Específicas","PercentagemDesemprego":3.95,"TotalDiplomados":13280,"TotalDesempregados":525},{"CNAEF":146,"CNAEFNome":"Formação de Professores e Formadores de Áreas Tecnológicas","PercentagemDesemprego":3.52,"TotalDiplomados":483,"TotalDesempregados":17},{"CNAEF":211,"CNAEFNome":"Belas-Artes","PercentagemDesemprego":8.78,"TotalDiplomados":6356,"TotalDesempregados":558},{"CNAEF":212,"CNAEFNome":"Artes do Espectáculo","PercentagemDesemprego":6.25,"TotalDiplomados":3871,"TotalDesempregados":242},{"CNAEF":213,"CNAEFNome":"Áudio-Visuais e Produção dos Media","PercentagemDesemprego":11.81,"TotalDiplomados":7147,"TotalDesempregados":844},{"CNAEF":214,"CNAEFNome":"Design","PercentagemDesemprego":8.49,"TotalDiplomados":15942,"TotalDesempregados":1353},{"CNAEF":215,"CNAEFNome":"Artesanato","PercentagemDesemprego":5.01,"TotalDiplomados":1458,"TotalDesempregados":73},{"CNAEF":221,"CNAEFNome":"Religião e Teologia","PercentagemDesemprego":3.66,"TotalDiplomados":846,"TotalDesempregados":31},{"CNAEF":222,"CNAEFNome":"Línguas e Literaturas Estrangeiras","PercentagemDesemprego":8.4,"TotalDiplomados":11137,"TotalDesempregados":935},{"CNAEF":223,"CNAEFNome":"Língua e Literatura Materna","PercentagemDesemprego":7.36,"TotalDiplomados":3179,"TotalDesempregados":234},{"CNAEF":225,"CNAEFNome":"História e Arqueologia","PercentagemDesemprego":10.8,"TotalDiplomados":5612,"TotalDesempregados":606},{"CNAEF":226,"CNAEFNome":"Filosofia e Ética","PercentagemDesemprego":12.32,"TotalDiplomados":1737,"TotalDesempregados":214},{"CNAEF":311,"CNAEFNome":"Psicologia","PercentagemDesemprego":10.14,"TotalDiplomados":25329,"TotalDesempregados":2568},{"CNAEF":312,"CNAEFNome":"Sociologia e Outros Estudos","PercentagemDesemprego":11.25,"TotalDiplomados":11391,"TotalDesempregados":1281},{"CNAEF":313,"CNAEFNome":"Ciência Política e Cidadania","PercentagemDesemprego":14.0,"TotalDiplomados":4171,"TotalDesempregados":584},{"CNAEF":314,"CNAEFNome":"Economia","PercentagemDesemprego":8.99,"TotalDiplomados":14043,"TotalDesempregados":1262},{"CNAEF":321,"CNAEFNome":"Jornalismo e Reportagem","PercentagemDesemprego":10.54,"TotalDiplomados":15356,"TotalDesempregados":1618},{"CNAEF":322,"CNAEFNome":"Biblioteconomia, Arquivo e Documentação (BAD)","PercentagemDesemprego":13.49,"TotalDiplomados":756,"TotalDesempregados":102},{"CNAEF":329,"CNAEFNome":"Informação e Jornalismo - programas não classificados noutra área de formação","PercentagemDesemprego":18.02,"TotalDiplomados":222,"TotalDesempregados":40},{"CNAEF":341,"CNAEFNome":"Comércio","PercentagemDesemprego":8.96,"TotalDiplomados":1384,"TotalDesempregados":124},{"CNAEF":342,"CNAEFNome":"Marketing e Publicidade","PercentagemDesemprego":7.8,"TotalDiplomados":22287,"TotalDesempregados":1739},{"CNAEF":343,"CNAEFNome":"Finanças, Banca e Seguros","PercentagemDesemprego":3.58,"TotalDiplomados":4246,"TotalDesempregados":152},{"CNAEF":344,"CNAEFNome":"Contabilidade e Fiscalidade","PercentagemDesemprego":4.31,"TotalDiplomados":33237,"TotalDesempregados":1434},{"CNAEF":345,"CNAEFNome":"Gestão e Administração","PercentagemDesemprego":7.9,"TotalDiplomados":53620,"TotalDesempregados":4237},{"CNAEF":346,"CNAEFNome":"Secretariado e Trabalho Administrativo","PercentagemDesemprego":6.28,"TotalDiplomados":5749,"TotalDesempregados":361},{"CNAEF":347,"CNAEFNome":"Enquadramento na Organização\/Empresa","PercentagemDesemprego":9.82,"TotalDiplomados":489,"TotalDesempregados":48},{"CNAEF":349,"CNAEFNome":"Ciências Empresariais - programas não classificados noutra área de formação","PercentagemDesemprego":6.11,"TotalDiplomados":2453,"TotalDesempregados":150},{"CNAEF":380,"CNAEFNome":"Direito","PercentagemDesemprego":5.95,"TotalDiplomados":24588,"TotalDesempregados":1464},{"CNAEF":421,"CNAEFNome":"Biologia e Bioquímica","PercentagemDesemprego":5.91,"TotalDiplomados":11012,"TotalDesempregados":651},{"CNAEF":422,"CNAEFNome":"Ciências do Ambiente","PercentagemDesemprego":7.59,"TotalDiplomados":896,"TotalDesempregados":68},{"CNAEF":441,"CNAEFNome":"Física","PercentagemDesemprego":5.23,"TotalDiplomados":1741,"TotalDesempregados":91},{"CNAEF":442,"CNAEFNome":"Química","PercentagemDesemprego":7.83,"TotalDiplomados":3447,"TotalDesempregados":270},{"CNAEF":443,"CNAEFNome":"Ciências da Terra","PercentagemDesemprego":7.76,"TotalDiplomados":5698,"TotalDesempregados":442},{"CNAEF":461,"CNAEFNome":"Matemática","PercentagemDesemprego":5.1,"TotalDiplomados":5955,"TotalDesempregados":304},{"CNAEF":462,"CNAEFNome":"Estatística","PercentagemDesemprego":2.6,"TotalDiplomados":691,"TotalDesempregados":18},{"CNAEF":481,"CNAEFNome":"Ciências Informáticas","PercentagemDesemprego":5.25,"TotalDiplomados":10366,"TotalDesempregados":544},{"CNAEF":489,"CNAEFNome":"Informática - programas não classificados noutra área de formação","PercentagemDesemprego":31.13,"TotalDiplomados":106,"TotalDesempregados":33},{"CNAEF":521,"CNAEFNome":"Metalurgia e Metalomecânica","PercentagemDesemprego":7.12,"TotalDiplomados":13818,"TotalDesempregados":984},{"CNAEF":522,"CNAEFNome":"Electricidade e Energia","PercentagemDesemprego":4.43,"TotalDiplomados":7649,"TotalDesempregados":339},{"CNAEF":523,"CNAEFNome":"Electrónica e Automação","PercentagemDesemprego":4.2,"TotalDiplomados":27586,"TotalDesempregados":1159},{"CNAEF":524,"CNAEFNome":"Tecnologia dos Processos Químicos","PercentagemDesemprego":8.34,"TotalDiplomados":11181,"TotalDesempregados":932},{"CNAEF":525,"CNAEFNome":"Construção e Reparação de Veículos a Motor","PercentagemDesemprego":4.62,"TotalDiplomados":931,"TotalDesempregados":43},{"CNAEF":529,"CNAEFNome":"Engenharia e Técnicas Afins - programas não classificados noutra área de formação","PercentagemDesemprego":9.97,"TotalDiplomados":2448,"TotalDesempregados":244},{"CNAEF":541,"CNAEFNome":"Indústrias Alimentares","PercentagemDesemprego":9.65,"TotalDiplomados":6049,"TotalDesempregados":584},{"CNAEF":542,"CNAEFNome":"Indústrias do Têxtil, Vestuário, Calçado e Couro","PercentagemDesemprego":16.95,"TotalDiplomados":584,"TotalDesempregados":99},{"CNAEF":543,"CNAEFNome":"Materiais (Indústrias da Madeira, Cortiça, Papel, Plástico, Vidro e outros)","PercentagemDesemprego":8.2,"TotalDiplomados":1914,"TotalDesempregados":157},{"CNAEF":544,"CNAEFNome":"Indústrias Extractivas","PercentagemDesemprego":9.56,"TotalDiplomados":879,"TotalDesempregados":84},{"CNAEF":581,"CNAEFNome":"Arquitectura e Urbanismo","PercentagemDesemprego":10.57,"TotalDiplomados":12740,"TotalDesempregados":1346},{"CNAEF":582,"CNAEFNome":"Construção Civil e Engenharia Civil","PercentagemDesemprego":7.24,"TotalDiplomados":26632,"TotalDesempregados":1928},{"CNAEF":621,"CNAEFNome":"Produção Agrícola e Animal","PercentagemDesemprego":6.94,"TotalDiplomados":10235,"TotalDesempregados":710},{"CNAEF":622,"CNAEFNome":"Floricultura e Jardinagem","PercentagemDesemprego":9.52,"TotalDiplomados":42,"TotalDesempregados":4},{"CNAEF":623,"CNAEFNome":"Silvicultura e Caça","PercentagemDesemprego":8.44,"TotalDiplomados":1493,"TotalDesempregados":126},{"CNAEF":640,"CNAEFNome":"Ciências Veterinárias","PercentagemDesemprego":5.96,"TotalDiplomados":2483,"TotalDesempregados":148},{"CNAEF":721,"CNAEFNome":"Medicina","PercentagemDesemprego":0.41,"TotalDiplomados":5414,"TotalDesempregados":22},{"CNAEF":723,"CNAEFNome":"Enfermagem","PercentagemDesemprego":7.66,"TotalDiplomados":13833,"TotalDesempregados":1060},{"CNAEF":724,"CNAEFNome":"Ciências Dentárias","PercentagemDesemprego":2.15,"TotalDiplomados":4522,"TotalDesempregados":97},{"CNAEF":725,"CNAEFNome":"Tecnologias de Diagnóstico e Terapêutica","PercentagemDesemprego":4.55,"TotalDiplomados":12642,"TotalDesempregados":575},{"CNAEF":726,"CNAEFNome":"Terapia e Reabilitação","PercentagemDesemprego":4.33,"TotalDiplomados":12033,"TotalDesempregados":521},{"CNAEF":727,"CNAEFNome":"Ciências Farmacêuticas","PercentagemDesemprego":2.9,"TotalDiplomados":8125,"TotalDesempregados":236},{"CNAEF":761,"CNAEFNome":"Serviços de Apoio a Crianças e Jovens","PercentagemDesemprego":6.06,"TotalDiplomados":33,"TotalDesempregados":2},{"CNAEF":762,"CNAEFNome":"Trabalho Social e Orientação","PercentagemDesemprego":11.03,"TotalDiplomados":18331,"TotalDesempregados":2022},{"CNAEF":811,"CNAEFNome":"Hotelaria e Restauração","PercentagemDesemprego":8.78,"TotalDiplomados":2313,"TotalDesempregados":203},{"CNAEF":812,"CNAEFNome":"Turismo e Lazer","PercentagemDesemprego":9.19,"TotalDiplomados":11881,"TotalDesempregados":1092},{"CNAEF":813,"CNAEFNome":"Desporto","PercentagemDesemprego":3.72,"TotalDiplomados":14379,"TotalDesempregados":535},{"CNAEF":840,"CNAEFNome":"Serviços de Transporte","PercentagemDesemprego":6.89,"TotalDiplomados":363,"TotalDesempregados":25},{"CNAEF":851,"CNAEFNome":"Tecnologia de Protecção do Ambiente","PercentagemDesemprego":9.43,"TotalDiplomados":6299,"TotalDesempregados":594},{"CNAEF":852,"CNAEFNome":"Ambientes Naturais e Vida Selvagem","PercentagemDesemprego":6.56,"TotalDiplomados":122,"TotalDesempregados":8},{"CNAEF":853,"CNAEFNome":"Serviços de Saúde Pública","PercentagemDesemprego":3.98,"TotalDiplomados":1280,"TotalDesempregados":51},{"CNAEF":861,"CNAEFNome":"Protecção de Pessoas e Bens","PercentagemDesemprego":7.14,"TotalDiplomados":126,"TotalDesempregados":9},{"CNAEF":862,"CNAEFNome":"Segurança e Higiene no Trabalho","PercentagemDesemprego":9.79,"TotalDiplomados":521,"TotalDesempregados":51},{"CNAEF":863,"CNAEFNome":"Segurança Militar","PercentagemDesemprego":1.74,"TotalDiplomados":230,"TotalDesempregados":4}]}