{"data":[{"CNAEF":100,"CNAEFNome":"Educação","PercentagemDesemprego":13.342851580245311,"TotalDiplomados":30818,"TotalDesempregados":4112},{"CNAEF":200,"CNAEFNome":"Artes e Humanidades","PercentagemDesemprego":11.656132329209253,"TotalDiplomados":29744,"TotalDesempregados":3467},{"CNAEF":300,"CNAEFNome":"Ciências Sociais, Comércio e Direito","PercentagemDesemprego":9.351003815363324,"TotalDiplomados":104053,"TotalDesempregados":9730},{"CNAEF":400,"CNAEFNome":"Ciências, Matemática e Informática","PercentagemDesemprego":9.417273673257023,"TotalDiplomados":21142,"TotalDesempregados":1991},{"CNAEF":500,"CNAEFNome":"Engenharia, Indústrias Transformadoras e Construção","PercentagemDesemprego":7.886144450826858,"TotalDiplomados":66154,"TotalDesempregados":5217},{"CNAEF":600,"CNAEFNome":"Agricultura","PercentagemDesemprego":8.362713298547455,"TotalDiplomados":7091,"TotalDesempregados":593},{"CNAEF":700,"CNAEFNome":"Saúde e Protecção Social","PercentagemDesemprego":9.559290832986347,"TotalDiplomados":45631,"TotalDesempregados":4362},{"CNAEF":800,"CNAEFNome":"Serviços","PercentagemDesemprego":10.616850087857209,"TotalDiplomados":21626,"TotalDesempregados":2296},{"CNAEF":142,"CNAEFNome":"Ciências da Educação","PercentagemDesemprego":8.164530797850352,"TotalDiplomados":4838,"TotalDesempregados":395},{"CNAEF":143,"CNAEFNome":"Formação de Educadores de Infância","PercentagemDesemprego":10.02050981541166,"TotalDiplomados":6826,"TotalDesempregados":684},{"CNAEF":144,"CNAEFNome":"Formação de Professores do Ensino Básico (1.º e 2.º Ciclos)","PercentagemDesemprego":15.783436568020187,"TotalDiplomados":13077,"TotalDesempregados":2064},{"CNAEF":145,"CNAEFNome":"Formação de Professores de Áreas Disciplinares Específicas","PercentagemDesemprego":17.299736743136517,"TotalDiplomados":5318,"TotalDesempregados":920},{"CNAEF":146,"CNAEFNome":"Formação de Professores e Formadores de Áreas Tecnológicas","PercentagemDesemprego":6.455862977602108,"TotalDiplomados":759,"TotalDesempregados":49},{"CNAEF":210,"CNAEFNome":"Artes","PercentagemDesemprego":16.666666666666668,"TotalDiplomados":66,"TotalDesempregados":11},{"CNAEF":211,"CNAEFNome":"Belas-Artes","PercentagemDesemprego":11.811652035115722,"TotalDiplomados":3759,"TotalDesempregados":444},{"CNAEF":212,"CNAEFNome":"Artes do Espectáculo","PercentagemDesemprego":9.090909090909092,"TotalDiplomados":2915,"TotalDesempregados":265},{"CNAEF":213,"CNAEFNome":"Áudio-Visuais e Produção dos Media","PercentagemDesemprego":16.348957165283696,"TotalDiplomados":4459,"TotalDesempregados":729},{"CNAEF":214,"CNAEFNome":"Design","PercentagemDesemprego":10.644418872266973,"TotalDiplomados":8690,"TotalDesempregados":925},{"CNAEF":215,"CNAEFNome":"Artesanato","PercentagemDesemprego":5.299145299145299,"TotalDiplomados":585,"TotalDesempregados":31},{"CNAEF":221,"CNAEFNome":"Religião e Teologia","PercentagemDesemprego":4.526748971193416,"TotalDiplomados":243,"TotalDesempregados":11},{"CNAEF":222,"CNAEFNome":"Línguas e Literaturas Estrangeiras","PercentagemDesemprego":10.73968705547653,"TotalDiplomados":4218,"TotalDesempregados":453},{"CNAEF":223,"CNAEFNome":"Língua e Literatura Materna","PercentagemDesemprego":13.233376792698827,"TotalDiplomados":1534,"TotalDesempregados":203},{"CNAEF":225,"CNAEFNome":"História e Arqueologia","PercentagemDesemprego":11.406844106463879,"TotalDiplomados":2367,"TotalDesempregados":270},{"CNAEF":226,"CNAEFNome":"Filosofia e Ética","PercentagemDesemprego":13.766519823788546,"TotalDiplomados":908,"TotalDesempregados":125},{"CNAEF":311,"CNAEFNome":"Psicologia","PercentagemDesemprego":11.346266901822457,"TotalDiplomados":11907,"TotalDesempregados":1351},{"CNAEF":312,"CNAEFNome":"Sociologia e Outros Estudos","PercentagemDesemprego":9.701667841202726,"TotalDiplomados":8514,"TotalDesempregados":826},{"CNAEF":313,"CNAEFNome":"Ciência Política e Cidadania","PercentagemDesemprego":10.898928737773637,"TotalDiplomados":2147,"TotalDesempregados":234},{"CNAEF":314,"CNAEFNome":"Economia","PercentagemDesemprego":8.914370260773072,"TotalDiplomados":5407,"TotalDesempregados":482},{"CNAEF":321,"CNAEFNome":"Jornalismo e Reportagem","PercentagemDesemprego":11.674528301886792,"TotalDiplomados":6784,"TotalDesempregados":792},{"CNAEF":322,"CNAEFNome":"Biblioteconomia, Arquivo e Documentação (BAD)","PercentagemDesemprego":10.35598705501618,"TotalDiplomados":927,"TotalDesempregados":96},{"CNAEF":329,"CNAEFNome":"Informação e Jornalismo - programas não classificados noutra área de formação","PercentagemDesemprego":12.631578947368421,"TotalDiplomados":95,"TotalDesempregados":12},{"CNAEF":341,"CNAEFNome":"Comércio","PercentagemDesemprego":9.784735812133073,"TotalDiplomados":511,"TotalDesempregados":50},{"CNAEF":342,"CNAEFNome":"Marketing e Publicidade","PercentagemDesemprego":10.758662491160724,"TotalDiplomados":9899,"TotalDesempregados":1065},{"CNAEF":343,"CNAEFNome":"Finanças, Banca e Seguros","PercentagemDesemprego":8.018867924528301,"TotalDiplomados":1696,"TotalDesempregados":136},{"CNAEF":344,"CNAEFNome":"Contabilidade e Fiscalidade","PercentagemDesemprego":7.328918322295806,"TotalDiplomados":13590,"TotalDesempregados":996},{"CNAEF":345,"CNAEFNome":"Gestão e Administração","PercentagemDesemprego":9.106336761361709,"TotalDiplomados":29463,"TotalDesempregados":2683},{"CNAEF":346,"CNAEFNome":"Secretariado e Trabalho Administrativo","PercentagemDesemprego":8.101851851851851,"TotalDiplomados":2160,"TotalDesempregados":175},{"CNAEF":347,"CNAEFNome":"Enquadramento na Organização\/Empresa","PercentagemDesemprego":15.339805825242719,"TotalDiplomados":515,"TotalDesempregados":79},{"CNAEF":349,"CNAEFNome":"Ciências Empresariais - programas não classificados noutra área de formação","PercentagemDesemprego":6.035665294924554,"TotalDiplomados":729,"TotalDesempregados":44},{"CNAEF":380,"CNAEFNome":"Direito","PercentagemDesemprego":7.302502832423524,"TotalDiplomados":9709,"TotalDesempregados":709},{"CNAEF":421,"CNAEFNome":"Biologia e Bioquímica","PercentagemDesemprego":7.704053303720156,"TotalDiplomados":7204,"TotalDesempregados":555},{"CNAEF":422,"CNAEFNome":"Ciências do Ambiente","PercentagemDesemprego":10.161662817551964,"TotalDiplomados":433,"TotalDesempregados":44},{"CNAEF":441,"CNAEFNome":"Física","PercentagemDesemprego":8.006672226855713,"TotalDiplomados":1199,"TotalDesempregados":96},{"CNAEF":442,"CNAEFNome":"Química","PercentagemDesemprego":7.971484121840571,"TotalDiplomados":1543,"TotalDesempregados":123},{"CNAEF":443,"CNAEFNome":"Ciências da Terra","PercentagemDesemprego":11.85897435897436,"TotalDiplomados":2808,"TotalDesempregados":333},{"CNAEF":461,"CNAEFNome":"Matemática","PercentagemDesemprego":14.710485133020343,"TotalDiplomados":2556,"TotalDesempregados":376},{"CNAEF":462,"CNAEFNome":"Estatística","PercentagemDesemprego":5.2924791086350975,"TotalDiplomados":359,"TotalDesempregados":19},{"CNAEF":481,"CNAEFNome":"Ciências Informáticas","PercentagemDesemprego":8.55781185246581,"TotalDiplomados":4826,"TotalDesempregados":413},{"CNAEF":489,"CNAEFNome":"Informática - programas não classificados noutra área de formação","PercentagemDesemprego":14.953271028037383,"TotalDiplomados":214,"TotalDesempregados":32},{"CNAEF":521,"CNAEFNome":"Metalurgia e Metalomecânica","PercentagemDesemprego":6.9399851815263025,"TotalDiplomados":8098,"TotalDesempregados":562},{"CNAEF":522,"CNAEFNome":"Electricidade e Energia","PercentagemDesemprego":6.890561667631731,"TotalDiplomados":3454,"TotalDesempregados":238},{"CNAEF":523,"CNAEFNome":"Electrónica e Automação","PercentagemDesemprego":4.247572815533981,"TotalDiplomados":15656,"TotalDesempregados":665},{"CNAEF":524,"CNAEFNome":"Tecnologia dos Processos Químicos","PercentagemDesemprego":9.209257473481196,"TotalDiplomados":6222,"TotalDesempregados":573},{"CNAEF":525,"CNAEFNome":"Construção e Reparação de Veículos a Motor","PercentagemDesemprego":5.882352941176471,"TotalDiplomados":782,"TotalDesempregados":46},{"CNAEF":529,"CNAEFNome":"Engenharia e Técnicas Afins - programas não classificados noutra área de formação","PercentagemDesemprego":8.150892556416302,"TotalDiplomados":2969,"TotalDesempregados":242},{"CNAEF":541,"CNAEFNome":"Indústrias Alimentares","PercentagemDesemprego":9.737134394668642,"TotalDiplomados":2701,"TotalDesempregados":263},{"CNAEF":542,"CNAEFNome":"Indústrias do Têxtil, Vestuário, Calçado e Couro","PercentagemDesemprego":4.8076923076923075,"TotalDiplomados":208,"TotalDesempregados":10},{"CNAEF":543,"CNAEFNome":"Materiais (Indústrias da Madeira, Cortiça, Papel, Plástico, Vidro e outros)","PercentagemDesemprego":7.1863580998781975,"TotalDiplomados":821,"TotalDesempregados":59},{"CNAEF":544,"CNAEFNome":"Indústrias Extractivas","PercentagemDesemprego":11.320754716981131,"TotalDiplomados":477,"TotalDesempregados":54},{"CNAEF":581,"CNAEFNome":"Arquitectura e Urbanismo","PercentagemDesemprego":12.421231216674746,"TotalDiplomados":8252,"TotalDesempregados":1025},{"CNAEF":582,"CNAEFNome":"Construção Civil e Engenharia Civil","PercentagemDesemprego":8.962092769771104,"TotalDiplomados":16514,"TotalDesempregados":1480},{"CNAEF":621,"CNAEFNome":"Produção Agrícola e Animal","PercentagemDesemprego":6.927374301675978,"TotalDiplomados":4475,"TotalDesempregados":310},{"CNAEF":622,"CNAEFNome":"Floricultura e Jardinagem","PercentagemDesemprego":14.285714285714286,"TotalDiplomados":7,"TotalDesempregados":1},{"CNAEF":623,"CNAEFNome":"Silvicultura e Caça","PercentagemDesemprego":13.406940063091483,"TotalDiplomados":634,"TotalDesempregados":85},{"CNAEF":640,"CNAEFNome":"Ciências Veterinárias","PercentagemDesemprego":9.974683544303797,"TotalDiplomados":1975,"TotalDesempregados":197},{"CNAEF":721,"CNAEFNome":"Medicina","PercentagemDesemprego":0.4618937644341801,"TotalDiplomados":2165,"TotalDesempregados":10},{"CNAEF":723,"CNAEFNome":"Enfermagem","PercentagemDesemprego":9.072375127421,"TotalDiplomados":8829,"TotalDesempregados":801},{"CNAEF":724,"CNAEFNome":"Ciências Dentárias","PercentagemDesemprego":6.5396825396825395,"TotalDiplomados":3150,"TotalDesempregados":206},{"CNAEF":725,"CNAEFNome":"Tecnologias de Diagnóstico e Terapêutica","PercentagemDesemprego":9.198176454813623,"TotalDiplomados":7458,"TotalDesempregados":686},{"CNAEF":726,"CNAEFNome":"Terapia e Reabilitação","PercentagemDesemprego":10.312324141812043,"TotalDiplomados":7108,"TotalDesempregados":733},{"CNAEF":727,"CNAEFNome":"Ciências Farmacêuticas","PercentagemDesemprego":7.1440494074445,"TotalDiplomados":5991,"TotalDesempregados":428},{"CNAEF":729,"CNAEFNome":"Saúde - programas não classificados noutra área de formação","PercentagemDesemprego":7.619047619047619,"TotalDiplomados":105,"TotalDesempregados":8},{"CNAEF":762,"CNAEFNome":"Trabalho Social e Orientação","PercentagemDesemprego":13.764434180138569,"TotalDiplomados":10825,"TotalDesempregados":1490},{"CNAEF":811,"CNAEFNome":"Hotelaria e Restauração","PercentagemDesemprego":9.445701357466064,"TotalDiplomados":1768,"TotalDesempregados":167},{"CNAEF":812,"CNAEFNome":"Turismo e Lazer","PercentagemDesemprego":10.659283613081849,"TotalDiplomados":5779,"TotalDesempregados":616},{"CNAEF":813,"CNAEFNome":"Desporto","PercentagemDesemprego":9.5527950310559,"TotalDiplomados":8050,"TotalDesempregados":769},{"CNAEF":819,"CNAEFNome":"Serviços Pessoais - programas não classificados noutra área de formação","PercentagemDesemprego":10.0,"TotalDiplomados":40,"TotalDesempregados":4},{"CNAEF":840,"CNAEFNome":"Serviços de Transporte","PercentagemDesemprego":4.4609665427509295,"TotalDiplomados":269,"TotalDesempregados":12},{"CNAEF":851,"CNAEFNome":"Tecnologia de Protecção do Ambiente","PercentagemDesemprego":12.916776056707798,"TotalDiplomados":3809,"TotalDesempregados":492},{"CNAEF":852,"CNAEFNome":"Ambientes Naturais e Vida Selvagem","PercentagemDesemprego":15.384615384615385,"TotalDiplomados":143,"TotalDesempregados":22},{"CNAEF":853,"CNAEFNome":"Serviços de Saúde Pública","PercentagemDesemprego":15.029469548133596,"TotalDiplomados":1018,"TotalDesempregados":153},{"CNAEF":861,"CNAEFNome":"Protecção de Pessoas e Bens","PercentagemDesemprego":8.823529411764707,"TotalDiplomados":170,"TotalDesempregados":15},{"CNAEF":862,"CNAEFNome":"Segurança e Higiene no Trabalho","PercentagemDesemprego":8.19672131147541,"TotalDiplomados":549,"TotalDesempregados":45},{"CNAEF":863,"CNAEFNome":"Segurança Militar","PercentagemDesemprego":3.225806451612903,"TotalDiplomados":31,"TotalDesempregados":1},{"CNAEF":140,"CNAEFNome":"Formação de Professores\/Formadores e Ciências da Educação","PercentagemDesemprego":12.634175430987748,"TotalDiplomados":36892,"TotalDesempregados":4661},{"CNAEF":210,"CNAEFNome":"Artes","PercentagemDesemprego":11.710654936461388,"TotalDiplomados":20460,"TotalDesempregados":2396},{"CNAEF":220,"CNAEFNome":"Humanidades","PercentagemDesemprego":10.912884715701617,"TotalDiplomados":9585,"TotalDesempregados":1046},{"CNAEF":310,"CNAEFNome":"Ciências Sociais e do Comportamento","PercentagemDesemprego":10.748767248166411,"TotalDiplomados":24133,"TotalDesempregados":2594},{"CNAEF":320,"CNAEFNome":"Informação e Jornalismo","PercentagemDesemprego":11.237939937491507,"TotalDiplomados":7359,"TotalDesempregados":827},{"CNAEF":340,"CNAEFNome":"Ciências Empresariais","PercentagemDesemprego":8.973962627095355,"TotalDiplomados":58224,"TotalDesempregados":5225},{"CNAEF":380,"CNAEFNome":"Direito","PercentagemDesemprego":7.302502832423524,"TotalDiplomados":9709,"TotalDesempregados":709},{"CNAEF":420,"CNAEFNome":"Ciências da Vida","PercentagemDesemprego":7.169308250629537,"TotalDiplomados":6751,"TotalDesempregados":484},{"CNAEF":440,"CNAEFNome":"Ciências Físicas","PercentagemDesemprego":10.613517060367455,"TotalDiplomados":6096,"TotalDesempregados":647},{"CNAEF":460,"CNAEFNome":"Matemática e Estatística","PercentagemDesemprego":12.164865946378551,"TotalDiplomados":2499,"TotalDesempregados":304},{"CNAEF":480,"CNAEFNome":"Informática","PercentagemDesemprego":9.362591431556949,"TotalDiplomados":4785,"TotalDesempregados":448},{"CNAEF":520,"CNAEFNome":"Engenharia e Técnicas Afins","PercentagemDesemprego":6.236341783216783,"TotalDiplomados":36608,"TotalDesempregados":2283},{"CNAEF":540,"CNAEFNome":"Indústrias Transformadoras","PercentagemDesemprego":9.175184216781554,"TotalDiplomados":4207,"TotalDesempregados":386},{"CNAEF":580,"CNAEFNome":"Arquitectura e Construção","PercentagemDesemprego":9.81969837391524,"TotalDiplomados":23738,"TotalDesempregados":2331},{"CNAEF":620,"CNAEFNome":"Agricultura, Silvicultura e Pescas","PercentagemDesemprego":7.740422204847537,"TotalDiplomados":5116,"TotalDesempregados":396},{"CNAEF":640,"CNAEFNome":"Ciências Veterinárias","PercentagemDesemprego":9.974683544303797,"TotalDiplomados":1975,"TotalDesempregados":197},{"CNAEF":720,"CNAEFNome":"Saúde","PercentagemDesemprego":8.25145089927024,"TotalDiplomados":34806,"TotalDesempregados":2872},{"CNAEF":760,"CNAEFNome":"Serviços Sociais","PercentagemDesemprego":13.728875159004179,"TotalDiplomados":11006,"TotalDesempregados":1511},{"CNAEF":810,"CNAEFNome":"Serviços Pessoais","PercentagemDesemprego":9.741712426276184,"TotalDiplomados":14751,"TotalDesempregados":1437},{"CNAEF":840,"CNAEFNome":"Serviços de Transporte","PercentagemDesemprego":14.490445859872612,"TotalDiplomados":1256,"TotalDesempregados":182},{"CNAEF":850,"CNAEFNome":"Protecção do Ambiente","PercentagemDesemprego":13.884386817936251,"TotalDiplomados":5553,"TotalDesempregados":771},{"CNAEF":860,"CNAEFNome":"Serviços de Segurança","PercentagemDesemprego":8.133333333333333,"TotalDiplomados":750,"TotalDesempregados":61}]}