{"data":[{"NomeFaculdade":"Academia Militar","CodigoFaculdade":7510,"PercentagemDesemprego":3.225806451612903,"TotalDiplomados":31,"TotalDesempregados":1},{"NomeFaculdade":"Academia Nacional Superior de Orquestra","CodigoFaculdade":4002,"PercentagemDesemprego":0.8130081300813008,"TotalDiplomados":123,"TotalDesempregados":1},{"NomeFaculdade":"CESPU-Instituto Politécnico de Saúde do Norte - Escola Superior de Saúde do Vale do Ave","CodigoFaculdade":36972,"PercentagemDesemprego":8.961593172119487,"TotalDiplomados":1406,"TotalDesempregados":126},{"NomeFaculdade":"CESPU-Instituto Politécnico de Saúde do Norte - Escola Superior de Saúde do Vale do Sousa","CodigoFaculdade":36981,"PercentagemDesemprego":9.659408151870464,"TotalDiplomados":1791,"TotalDesempregados":173},{"NomeFaculdade":"DINENSINO-Ensino, Desenvolvimento e Cooperação, CRL (Beja)","CodigoFaculdade":8066,"PercentagemDesemprego":2.4193548387096775,"TotalDiplomados":124,"TotalDesempregados":3},{"NomeFaculdade":"DINENSINO-Ensino, Desenvolvimento e Cooperação, CRL (Setúbal)","CodigoFaculdade":8062,"PercentagemDesemprego":2.9411764705882355,"TotalDiplomados":136,"TotalDesempregados":4},{"NomeFaculdade":"Escola Superior Artística do Porto","CodigoFaculdade":40100,"PercentagemDesemprego":23.654568210262827,"TotalDiplomados":799,"TotalDesempregados":189},{"NomeFaculdade":"Escola Superior Artística do Porto (Guimarães)","CodigoFaculdade":8022,"PercentagemDesemprego":23.076923076923077,"TotalDiplomados":65,"TotalDesempregados":15},{"NomeFaculdade":"Escola Superior de Actividades Imobiliárias","CodigoFaculdade":4020,"PercentagemDesemprego":7.5,"TotalDiplomados":40,"TotalDesempregados":3},{"NomeFaculdade":"Escola Superior de Artes Decorativas","CodigoFaculdade":16272,"PercentagemDesemprego":8.89423076923077,"TotalDiplomados":416,"TotalDesempregados":37},{"NomeFaculdade":"Escola Superior de Artes e Design","CodigoFaculdade":16276,"PercentagemDesemprego":17.491166077738516,"TotalDiplomados":2264,"TotalDesempregados":396},{"NomeFaculdade":"Escola Superior de Design","CodigoFaculdade":12333,"PercentagemDesemprego":3.6048064085447264,"TotalDiplomados":2247,"TotalDesempregados":81},{"NomeFaculdade":"Escola Superior de Educadores de Infância Maria Ulrich","CodigoFaculdade":8130,"PercentagemDesemprego":10.37037037037037,"TotalDiplomados":135,"TotalDesempregados":14},{"NomeFaculdade":"Escola Superior de Educação de Almeida Garrett","CodigoFaculdade":24444,"PercentagemDesemprego":4.702970297029703,"TotalDiplomados":808,"TotalDesempregados":38},{"NomeFaculdade":"Escola Superior de Educação de Fafe","CodigoFaculdade":32608,"PercentagemDesemprego":12.956810631229235,"TotalDiplomados":903,"TotalDesempregados":117},{"NomeFaculdade":"Escola Superior de Educação de João de Deus","CodigoFaculdade":24480,"PercentagemDesemprego":6.563039723661485,"TotalDiplomados":1158,"TotalDesempregados":76},{"NomeFaculdade":"Escola Superior de Educação de Paula Frassinetti","CodigoFaculdade":20425,"PercentagemDesemprego":15.866388308977035,"TotalDiplomados":958,"TotalDesempregados":152},{"NomeFaculdade":"Escola Superior de Educação de Santa Maria","CodigoFaculdade":4090,"PercentagemDesemprego":15.97444089456869,"TotalDiplomados":313,"TotalDesempregados":50},{"NomeFaculdade":"Escola Superior de Educação de Torres Novas","CodigoFaculdade":12285,"PercentagemDesemprego":16.751269035532996,"TotalDiplomados":197,"TotalDesempregados":33},{"NomeFaculdade":"Escola Superior de Educação Jean Piaget - Nordeste","CodigoFaculdade":20395,"PercentagemDesemprego":22.857142857142858,"TotalDiplomados":420,"TotalDesempregados":96},{"NomeFaculdade":"Escola Superior de Educação Jean Piaget de Almada","CodigoFaculdade":48924,"PercentagemDesemprego":9.950248756218905,"TotalDiplomados":1608,"TotalDesempregados":160},{"NomeFaculdade":"Escola Superior de Educação Jean Piaget de Arcozelo","CodigoFaculdade":48936,"PercentagemDesemprego":17.345231455660905,"TotalDiplomados":1793,"TotalDesempregados":311},{"NomeFaculdade":"Escola Superior de Educação Jean Piaget de Arcozelo (Viseu)","CodigoFaculdade":24486,"PercentagemDesemprego":12.987012987012987,"TotalDiplomados":385,"TotalDesempregados":50},{"NomeFaculdade":"Escola Superior de Enfermagem da Cruz Vermelha Portuguesa de Oliveira de Azeméis","CodigoFaculdade":4089,"PercentagemDesemprego":4.060913705583756,"TotalDiplomados":197,"TotalDesempregados":8},{"NomeFaculdade":"Escola Superior de Enfermagem de Coimbra","CodigoFaculdade":7001,"PercentagemDesemprego":1.67427701674277,"TotalDiplomados":657,"TotalDesempregados":11},{"NomeFaculdade":"Escola Superior de Enfermagem de Lisboa","CodigoFaculdade":7002,"PercentagemDesemprego":0.5328596802841918,"TotalDiplomados":563,"TotalDesempregados":3},{"NomeFaculdade":"Escola Superior de Enfermagem de Santa Maria","CodigoFaculdade":4097,"PercentagemDesemprego":22.38095238095238,"TotalDiplomados":210,"TotalDesempregados":47},{"NomeFaculdade":"Escola Superior de Enfermagem de São João","CodigoFaculdade":7061,"PercentagemDesemprego":0.2079002079002079,"TotalDiplomados":481,"TotalDesempregados":1},{"NomeFaculdade":"Escola Superior de Enfermagem do Porto","CodigoFaculdade":7003,"PercentagemDesemprego":14.486391571553995,"TotalDiplomados":1139,"TotalDesempregados":165},{"NomeFaculdade":"Escola Superior de Enfermagem Dr. José Timóteo Montalvão Machado","CodigoFaculdade":4093,"PercentagemDesemprego":1.5748031496062993,"TotalDiplomados":254,"TotalDesempregados":4},{"NomeFaculdade":"Escola Superior de Enfermagem S. Francisco das Misericórdias","CodigoFaculdade":4096,"PercentagemDesemprego":7.920792079207921,"TotalDiplomados":101,"TotalDesempregados":8},{"NomeFaculdade":"Escola Superior de Hotelaria e Turismo do Estoril","CodigoFaculdade":56880,"PercentagemDesemprego":7.490144546649145,"TotalDiplomados":1522,"TotalDesempregados":114},{"NomeFaculdade":"Escola Superior de Jornalismo","CodigoFaculdade":8200,"PercentagemDesemprego":9.090909090909092,"TotalDiplomados":154,"TotalDesempregados":14},{"NomeFaculdade":"Escola Superior de Marketing e Publicidade","CodigoFaculdade":4112,"PercentagemDesemprego":8.0,"TotalDiplomados":50,"TotalDesempregados":4},{"NomeFaculdade":"Escola Superior de Saúde da Cruz Vermelha Portuguesa","CodigoFaculdade":12273,"PercentagemDesemprego":6.172839506172839,"TotalDiplomados":324,"TotalDesempregados":20},{"NomeFaculdade":"Escola Superior de Saúde do Alcoitão","CodigoFaculdade":12315,"PercentagemDesemprego":5.019305019305019,"TotalDiplomados":777,"TotalDesempregados":39},{"NomeFaculdade":"Escola Superior de Saúde Egas Moniz","CodigoFaculdade":49272,"PercentagemDesemprego":7.34341252699784,"TotalDiplomados":1852,"TotalDesempregados":136},{"NomeFaculdade":"Escola Superior de Saúde Jean Piaget - Algarve","CodigoFaculdade":12306,"PercentagemDesemprego":19.148936170212767,"TotalDiplomados":47,"TotalDesempregados":9},{"NomeFaculdade":"Escola Superior de Saúde Jean Piaget de Vila Nova de Gaia","CodigoFaculdade":24606,"PercentagemDesemprego":24.756335282651072,"TotalDiplomados":513,"TotalDesempregados":127},{"NomeFaculdade":"Escola Superior de Saúde Jean Piaget de Viseu","CodigoFaculdade":4103,"PercentagemDesemprego":12.313432835820896,"TotalDiplomados":268,"TotalDesempregados":33},{"NomeFaculdade":"Escola Superior de Saúde Jean Piaget\/Nordeste","CodigoFaculdade":24594,"PercentagemDesemprego":8.19672131147541,"TotalDiplomados":671,"TotalDesempregados":55},{"NomeFaculdade":"Escola Superior de Saúde Ribeiro Sanches","CodigoFaculdade":16416,"PercentagemDesemprego":4.716981132075472,"TotalDiplomados":424,"TotalDesempregados":20},{"NomeFaculdade":"Escola Superior de Tecnologia e Gestão Jean Piaget do Litoral Alentejano","CodigoFaculdade":12927,"PercentagemDesemprego":30.76923076923077,"TotalDiplomados":39,"TotalDesempregados":12},{"NomeFaculdade":"Escola Superior de Tecnologias de Fafe","CodigoFaculdade":16460,"PercentagemDesemprego":12.867647058823529,"TotalDiplomados":272,"TotalDesempregados":35},{"NomeFaculdade":"Escola Superior de Tecnologias e Artes de Lisboa","CodigoFaculdade":12375,"PercentagemDesemprego":9.236947791164658,"TotalDiplomados":249,"TotalDesempregados":23},{"NomeFaculdade":"Escola Superior Gallaecia","CodigoFaculdade":8050,"PercentagemDesemprego":6.153846153846154,"TotalDiplomados":130,"TotalDesempregados":8},{"NomeFaculdade":"Escola Superior Náutica Infante D. Henrique","CodigoFaculdade":42630,"PercentagemDesemprego":4.605263157894737,"TotalDiplomados":456,"TotalDesempregados":21},{"NomeFaculdade":"Escola Universitária das Artes de Coimbra","CodigoFaculdade":28840,"PercentagemDesemprego":11.842105263157896,"TotalDiplomados":380,"TotalDesempregados":45},{"NomeFaculdade":"Escola Universitária Vasco da Gama","CodigoFaculdade":8252,"PercentagemDesemprego":6.030150753768845,"TotalDiplomados":199,"TotalDesempregados":12},{"NomeFaculdade":"Instituto de Arte, Design e Empresa - Universitário","CodigoFaculdade":9120,"PercentagemDesemprego":-1.0,"TotalDiplomados":0,"TotalDesempregados":25},{"NomeFaculdade":"Instituto de Estudos Superiores de Contabilidade","CodigoFaculdade":4127,"PercentagemDesemprego":2.9585798816568047,"TotalDiplomados":169,"TotalDesempregados":5},{"NomeFaculdade":"Instituto de Estudos Superiores Financeiros e Fiscais (Porto)","CodigoFaculdade":12423,"PercentagemDesemprego":11.475409836065573,"TotalDiplomados":122,"TotalDesempregados":14},{"NomeFaculdade":"Instituto Militar dos Pupilos do Exército-Secção de Ens. Superior","CodigoFaculdade":7620,"PercentagemDesemprego":2.5641025641025643,"TotalDiplomados":39,"TotalDesempregados":1},{"NomeFaculdade":"Instituto Politécnico da Guarda - Escola Superior de Educação, Comunicação e Desporto","CodigoFaculdade":43274,"PercentagemDesemprego":12.870090634441087,"TotalDiplomados":1655,"TotalDesempregados":213},{"NomeFaculdade":"Instituto Politécnico da Guarda - Escola Superior de Saúde da Guarda","CodigoFaculdade":14080,"PercentagemDesemprego":21.348314606741575,"TotalDiplomados":89,"TotalDesempregados":19},{"NomeFaculdade":"Instituto Politécnico da Guarda - Escola Superior de Tecnologia e Gestão","CodigoFaculdade":55656,"PercentagemDesemprego":9.70258410531448,"TotalDiplomados":2051,"TotalDesempregados":199},{"NomeFaculdade":"Instituto Politécnico da Guarda - Escola Superior de Turismo e Hotelaria","CodigoFaculdade":6190,"PercentagemDesemprego":10.687022900763358,"TotalDiplomados":262,"TotalDesempregados":28},{"NomeFaculdade":"Instituto Politécnico de Beja - Escola Superior Agrária","CodigoFaculdade":27189,"PercentagemDesemprego":8.67117117117117,"TotalDiplomados":888,"TotalDesempregados":77},{"NomeFaculdade":"Instituto Politécnico de Beja - Escola Superior de Educação","CodigoFaculdade":33242,"PercentagemDesemprego":19.542857142857144,"TotalDiplomados":875,"TotalDesempregados":171},{"NomeFaculdade":"Instituto Politécnico de Beja - Escola Superior de Saúde","CodigoFaculdade":7005,"PercentagemDesemprego":33.333333333333336,"TotalDiplomados":48,"TotalDesempregados":16},{"NomeFaculdade":"Instituto Politécnico de Beja - Escola Superior de Tecnologia e de Gestão","CodigoFaculdade":30230,"PercentagemDesemprego":9.668109668109668,"TotalDiplomados":693,"TotalDesempregados":67},{"NomeFaculdade":"Instituto Politécnico de Bragança - Escola Superior Agrária de Bragança","CodigoFaculdade":33451,"PercentagemDesemprego":16.90929451287794,"TotalDiplomados":893,"TotalDesempregados":151},{"NomeFaculdade":"Instituto Politécnico de Bragança - Escola Superior de Comunicação, Administração e Turismo de Mirandela","CodigoFaculdade":21315,"PercentagemDesemprego":18.553459119496857,"TotalDiplomados":318,"TotalDesempregados":59},{"NomeFaculdade":"Instituto Politécnico de Bragança - Escola Superior de Educação de Bragança","CodigoFaculdade":48672,"PercentagemDesemprego":22.918054630246502,"TotalDiplomados":1501,"TotalDesempregados":344},{"NomeFaculdade":"Instituto Politécnico de Bragança - Escola Superior de Saúde de Bragança","CodigoFaculdade":35075,"PercentagemDesemprego":26.52173913043478,"TotalDiplomados":460,"TotalDesempregados":122},{"NomeFaculdade":"Instituto Politécnico de Bragança - Escola Superior de Tecnologia e de Gestão de Bragança","CodigoFaculdade":63903,"PercentagemDesemprego":11.373011196228639,"TotalDiplomados":1697,"TotalDesempregados":193},{"NomeFaculdade":"Instituto Politécnico de Castelo Branco - Escola Superior Agrária de Castelo Branco","CodigoFaculdade":30510,"PercentagemDesemprego":10.057803468208093,"TotalDiplomados":865,"TotalDesempregados":87},{"NomeFaculdade":"Instituto Politécnico de Castelo Branco - Escola Superior de Artes Aplicadas de Castelo Branco","CodigoFaculdade":21385,"PercentagemDesemprego":15.45138888888889,"TotalDiplomados":576,"TotalDesempregados":89},{"NomeFaculdade":"Instituto Politécnico de Castelo Branco - Escola Superior de Educação de Castelo Branco","CodigoFaculdade":27468,"PercentagemDesemprego":14.625850340136054,"TotalDiplomados":1176,"TotalDesempregados":172},{"NomeFaculdade":"Instituto Politécnico de Castelo Branco - Escola Superior de Gestão de Idanha-a-Nova","CodigoFaculdade":24432,"PercentagemDesemprego":8.669108669108669,"TotalDiplomados":819,"TotalDesempregados":71},{"NomeFaculdade":"Instituto Politécnico de Castelo Branco - Escola Superior de Saúde Dr. Lopes Dias","CodigoFaculdade":35100,"PercentagemDesemprego":6.094182825484765,"TotalDiplomados":722,"TotalDesempregados":44},{"NomeFaculdade":"Instituto Politécnico de Castelo Branco - Escola Superior de Tecnologia de Castelo Branco","CodigoFaculdade":30530,"PercentagemDesemprego":10.176531671858775,"TotalDiplomados":963,"TotalDesempregados":98},{"NomeFaculdade":"Instituto Politécnico de Coimbra - Escola Superior Agrária de Coimbra","CodigoFaculdade":33671,"PercentagemDesemprego":8.839190628328009,"TotalDiplomados":1878,"TotalDesempregados":166},{"NomeFaculdade":"Instituto Politécnico de Coimbra - Escola Superior de Educação de Coimbra","CodigoFaculdade":58178,"PercentagemDesemprego":12.834917891097666,"TotalDiplomados":2314,"TotalDesempregados":297},{"NomeFaculdade":"Instituto Politécnico de Coimbra - Escola Superior de Tecnologia da Saúde de Coimbra","CodigoFaculdade":64890,"PercentagemDesemprego":10.638297872340425,"TotalDiplomados":1128,"TotalDesempregados":120},{"NomeFaculdade":"Instituto Politécnico de Coimbra - Escola Superior de Tecnologia e Gestão de Oliveira do Hospital","CodigoFaculdade":6130,"PercentagemDesemprego":17.316017316017316,"TotalDiplomados":231,"TotalDesempregados":40},{"NomeFaculdade":"Instituto Politécnico de Coimbra - Instituto Superior de Contabilidade e Administração de Coimbra","CodigoFaculdade":21441,"PercentagemDesemprego":8.13893208916537,"TotalDiplomados":1929,"TotalDesempregados":157},{"NomeFaculdade":"Instituto Politécnico de Coimbra - Instituto Superior de Engenharia de Coimbra","CodigoFaculdade":52088,"PercentagemDesemprego":7.422003284072249,"TotalDiplomados":3045,"TotalDesempregados":226},{"NomeFaculdade":"Instituto Politécnico de Leiria - Escola Superior de Artes e Design das Caldas da Rainha","CodigoFaculdade":31030,"PercentagemDesemprego":7.300884955752212,"TotalDiplomados":1808,"TotalDesempregados":132},{"NomeFaculdade":"Instituto Politécnico de Leiria - Escola Superior de Educação de Leiria (Caldas da Rainha)","CodigoFaculdade":6208,"PercentagemDesemprego":15.189873417721518,"TotalDiplomados":79,"TotalDesempregados":12},{"NomeFaculdade":"Instituto Politécnico de Leiria - Escola Superior de Educação e Ciências Sociais","CodigoFaculdade":46515,"PercentagemDesemprego":18.327402135231317,"TotalDiplomados":1686,"TotalDesempregados":309},{"NomeFaculdade":"Instituto Politécnico de Leiria - Escola Superior de Saúde de Leiria","CodigoFaculdade":21135,"PercentagemDesemprego":65.0,"TotalDiplomados":40,"TotalDesempregados":26},{"NomeFaculdade":"Instituto Politécnico de Leiria - Escola Superior de Tecnologia e Gestão","CodigoFaculdade":89958,"PercentagemDesemprego":7.8631316564695215,"TotalDiplomados":4413,"TotalDesempregados":347},{"NomeFaculdade":"Instituto Politécnico de Leiria - Escola Superior de Turismo e Tecnologia do Mar de Peniche","CodigoFaculdade":24840,"PercentagemDesemprego":14.45466491458607,"TotalDiplomados":761,"TotalDesempregados":110},{"NomeFaculdade":"Instituto Politécnico de Lisboa - Escola Superior de Comunicação Social","CodigoFaculdade":24904,"PercentagemDesemprego":7.982261640798226,"TotalDiplomados":1804,"TotalDesempregados":144},{"NomeFaculdade":"Instituto Politécnico de Lisboa - Escola Superior de Dança","CodigoFaculdade":3111,"PercentagemDesemprego":1.2048192771084338,"TotalDiplomados":83,"TotalDesempregados":1},{"NomeFaculdade":"Instituto Politécnico de Lisboa - Escola Superior de Educação de Lisboa","CodigoFaculdade":24896,"PercentagemDesemprego":10.179640718562874,"TotalDiplomados":1503,"TotalDesempregados":153},{"NomeFaculdade":"Instituto Politécnico de Lisboa - Escola Superior de Música","CodigoFaculdade":6228,"PercentagemDesemprego":2.5316455696202533,"TotalDiplomados":79,"TotalDesempregados":2},{"NomeFaculdade":"Instituto Politécnico de Lisboa - Escola Superior de Teatro e Cinema","CodigoFaculdade":24928,"PercentagemDesemprego":5.710306406685237,"TotalDiplomados":718,"TotalDesempregados":41},{"NomeFaculdade":"Instituto Politécnico de Lisboa - Escola Superior de Tecnologia da Saúde de Lisboa","CodigoFaculdade":108300,"PercentagemDesemprego":6.431686046511628,"TotalDiplomados":2752,"TotalDesempregados":177},{"NomeFaculdade":"Instituto Politécnico de Lisboa - Instituto Superior de Contabilidade e Administração de Lisboa","CodigoFaculdade":21819,"PercentagemDesemprego":4.4076021027092604,"TotalDiplomados":2473,"TotalDesempregados":109},{"NomeFaculdade":"Instituto Politécnico de Lisboa - Instituto Superior de Engenharia de Lisboa","CodigoFaculdade":49888,"PercentagemDesemprego":7.540781779008926,"TotalDiplomados":3249,"TotalDesempregados":245},{"NomeFaculdade":"Instituto Politécnico de Portalegre - Escola Superior Agrária","CodigoFaculdade":12492,"PercentagemDesemprego":13.571428571428571,"TotalDiplomados":280,"TotalDesempregados":38},{"NomeFaculdade":"Instituto Politécnico de Portalegre - Escola Superior de Educação","CodigoFaculdade":40573,"PercentagemDesemprego":11.834319526627219,"TotalDiplomados":1183,"TotalDesempregados":140},{"NomeFaculdade":"Instituto Politécnico de Portalegre - Escola Superior de Saúde de Portalegre","CodigoFaculdade":7055,"PercentagemDesemprego":22.51082251082251,"TotalDiplomados":231,"TotalDesempregados":52},{"NomeFaculdade":"Instituto Politécnico de Portalegre - Escola Superior de Tecnologia e Gestão","CodigoFaculdade":65562,"PercentagemDesemprego":7.9057591623036645,"TotalDiplomados":1910,"TotalDesempregados":151},{"NomeFaculdade":"Instituto Politécnico de Santarém - Escola Superior Agrária de Santarém","CodigoFaculdade":25128,"PercentagemDesemprego":8.991825613079019,"TotalDiplomados":734,"TotalDesempregados":66},{"NomeFaculdade":"Instituto Politécnico de Santarém - Escola Superior de Desporto de Rio Maior","CodigoFaculdade":25160,"PercentagemDesemprego":8.567774936061381,"TotalDiplomados":782,"TotalDesempregados":67},{"NomeFaculdade":"Instituto Politécnico de Santarém - Escola Superior de Educação de Santarém","CodigoFaculdade":31420,"PercentagemDesemprego":12.715105162523901,"TotalDiplomados":1046,"TotalDesempregados":133},{"NomeFaculdade":"Instituto Politécnico de Santarém - Escola Superior de Gestão e Tecnologia de Santarém","CodigoFaculdade":15715,"PercentagemDesemprego":14.983164983164983,"TotalDiplomados":594,"TotalDesempregados":89},{"NomeFaculdade":"Instituto Politécnico de Santarém - Escola Superior de Saúde de Santarém","CodigoFaculdade":7065,"PercentagemDesemprego":13.300492610837438,"TotalDiplomados":203,"TotalDesempregados":27},{"NomeFaculdade":"Instituto Politécnico de Setúbal - Escola Superior de Ciências Empresariais","CodigoFaculdade":31530,"PercentagemDesemprego":8.05541303232427,"TotalDiplomados":1949,"TotalDesempregados":157},{"NomeFaculdade":"Instituto Politécnico de Setúbal - Escola Superior de Educação","CodigoFaculdade":28359,"PercentagemDesemprego":11.745334796926455,"TotalDiplomados":911,"TotalDesempregados":107},{"NomeFaculdade":"Instituto Politécnico de Setúbal - Escola Superior de Saúde","CodigoFaculdade":6310,"PercentagemDesemprego":5.357142857142857,"TotalDiplomados":448,"TotalDesempregados":24},{"NomeFaculdade":"Instituto Politécnico de Setúbal - Escola Superior de Tecnologia de Setúbal","CodigoFaculdade":34672,"PercentagemDesemprego":9.036860879904875,"TotalDiplomados":841,"TotalDesempregados":76},{"NomeFaculdade":"Instituto Politécnico de Setúbal - Escola Superior de Tecnologia do Barreiro","CodigoFaculdade":9462,"PercentagemDesemprego":26.455026455026456,"TotalDiplomados":189,"TotalDesempregados":50},{"NomeFaculdade":"Instituto Politécnico de Tomar - Escola Superior de Gestão de Tomar","CodigoFaculdade":29169,"PercentagemDesemprego":9.477911646586346,"TotalDiplomados":1245,"TotalDesempregados":118},{"NomeFaculdade":"Instituto Politécnico de Tomar - Escola Superior de Tecnologia de Abrantes","CodigoFaculdade":9729,"PercentagemDesemprego":16.10169491525424,"TotalDiplomados":118,"TotalDesempregados":19},{"NomeFaculdade":"Instituto Politécnico de Tomar - Escola Superior de Tecnologia de Tomar","CodigoFaculdade":61598,"PercentagemDesemprego":7.287449392712551,"TotalDiplomados":2223,"TotalDesempregados":162},{"NomeFaculdade":"Instituto Politécnico de Viana do Castelo - Escola Superior Agrária","CodigoFaculdade":18966,"PercentagemDesemprego":22.32704402515723,"TotalDiplomados":318,"TotalDesempregados":71},{"NomeFaculdade":"Instituto Politécnico de Viana do Castelo - Escola Superior de Ciências Empresariais","CodigoFaculdade":9492,"PercentagemDesemprego":23.943661971830984,"TotalDiplomados":71,"TotalDesempregados":17},{"NomeFaculdade":"Instituto Politécnico de Viana do Castelo - Escola Superior de Desporto e Lazer de Melgaço","CodigoFaculdade":3165,"PercentagemDesemprego":29.72972972972973,"TotalDiplomados":37,"TotalDesempregados":11},{"NomeFaculdade":"Instituto Politécnico de Viana do Castelo - Escola Superior de Educação","CodigoFaculdade":25296,"PercentagemDesemprego":19.330289193302892,"TotalDiplomados":657,"TotalDesempregados":127},{"NomeFaculdade":"Instituto Politécnico de Viana do Castelo - Escola Superior de Saúde de Viana do Castelo","CodigoFaculdade":7075,"PercentagemDesemprego":18.0327868852459,"TotalDiplomados":244,"TotalDesempregados":44},{"NomeFaculdade":"Instituto Politécnico de Viana do Castelo - Escola Superior de Tecnologia e Gestão","CodigoFaculdade":60097,"PercentagemDesemprego":10.652463382157125,"TotalDiplomados":2253,"TotalDesempregados":240},{"NomeFaculdade":"Instituto Politécnico de Viseu - Escola Superior Agrária de Viseu","CodigoFaculdade":28665,"PercentagemDesemprego":8.533916849015318,"TotalDiplomados":457,"TotalDesempregados":39},{"NomeFaculdade":"Instituto Politécnico de Viseu - Escola Superior de Educação de Viseu","CodigoFaculdade":38172,"PercentagemDesemprego":27.531837477258946,"TotalDiplomados":1649,"TotalDesempregados":454},{"NomeFaculdade":"Instituto Politécnico de Viseu - Escola Superior de Educação de Viseu (Lamego)","CodigoFaculdade":9549,"PercentagemDesemprego":11.554621848739496,"TotalDiplomados":476,"TotalDesempregados":55},{"NomeFaculdade":"Instituto Politécnico de Viseu - Escola Superior de Saúde de Viseu","CodigoFaculdade":7085,"PercentagemDesemprego":0.45248868778280543,"TotalDiplomados":221,"TotalDesempregados":1},{"NomeFaculdade":"Instituto Politécnico de Viseu - Escola Superior de Tecnologia e Gestão de Lamego","CodigoFaculdade":15930,"PercentagemDesemprego":19.58997722095672,"TotalDiplomados":439,"TotalDesempregados":86},{"NomeFaculdade":"Instituto Politécnico de Viseu - Escola Superior de Tecnologia e Gestão de Viseu","CodigoFaculdade":66822,"PercentagemDesemprego":8.357230643179024,"TotalDiplomados":2441,"TotalDesempregados":204},{"NomeFaculdade":"Instituto Politécnico do Cávado e do Ave - Escola Superior de Gestão","CodigoFaculdade":27279,"PercentagemDesemprego":11.165523996082273,"TotalDiplomados":1021,"TotalDesempregados":114},{"NomeFaculdade":"Instituto Politécnico do Cávado e do Ave - Escola Superior de Tecnologia","CodigoFaculdade":15160,"PercentagemDesemprego":38.19095477386934,"TotalDiplomados":199,"TotalDesempregados":76},{"NomeFaculdade":"Instituto Politécnico do Porto","CodigoFaculdade":9390,"PercentagemDesemprego":7.172995780590718,"TotalDiplomados":237,"TotalDesempregados":17},{"NomeFaculdade":"Instituto Politécnico do Porto - Escola Superior de Educação","CodigoFaculdade":46965,"PercentagemDesemprego":13.875598086124402,"TotalDiplomados":1881,"TotalDesempregados":261},{"NomeFaculdade":"Instituto Politécnico do Porto - Escola Superior de Estudos Industriais e de Gestão","CodigoFaculdade":25064,"PercentagemDesemprego":11.157718120805368,"TotalDiplomados":1192,"TotalDesempregados":133},{"NomeFaculdade":"Instituto Politécnico do Porto - Escola Superior de Música e das Artes do Espectáculo","CodigoFaculdade":34452,"PercentagemDesemprego":7.216494845360825,"TotalDiplomados":582,"TotalDesempregados":42},{"NomeFaculdade":"Instituto Politécnico do Porto - Escola Superior de Tecnologia da Saúde do Porto","CodigoFaculdade":122910,"PercentagemDesemprego":11.71954964176049,"TotalDiplomados":1954,"TotalDesempregados":229},{"NomeFaculdade":"Instituto Politécnico do Porto - Escola Superior de Tecnologia e Gestão de Felgueiras","CodigoFaculdade":12552,"PercentagemDesemprego":22.71714922048998,"TotalDiplomados":449,"TotalDesempregados":102},{"NomeFaculdade":"Instituto Politécnico do Porto - Instituto Superior de Contabilidade e Administração do Porto","CodigoFaculdade":34474,"PercentagemDesemprego":10.403467822607535,"TotalDiplomados":2999,"TotalDesempregados":312},{"NomeFaculdade":"Instituto Politécnico do Porto - Instituto Superior de Engenharia do Porto","CodigoFaculdade":84645,"PercentagemDesemprego":9.188464118041583,"TotalDiplomados":5964,"TotalDesempregados":548},{"NomeFaculdade":"Instituto Português de Administração de Marketing de Lisboa","CodigoFaculdade":16624,"PercentagemDesemprego":8.025343189017951,"TotalDiplomados":1894,"TotalDesempregados":152},{"NomeFaculdade":"Instituto Português de Administração de Marketing de Matosinhos","CodigoFaculdade":12465,"PercentagemDesemprego":8.930602957906713,"TotalDiplomados":1758,"TotalDesempregados":157},{"NomeFaculdade":"Instituto Português de Administração de Marketing de Matosinhos (Aveiro)","CodigoFaculdade":16628,"PercentagemDesemprego":8.818897637795276,"TotalDiplomados":635,"TotalDesempregados":56},{"NomeFaculdade":"Instituto Superior Autónomo de Estudos Politécnicos","CodigoFaculdade":20800,"PercentagemDesemprego":6.346153846153846,"TotalDiplomados":520,"TotalDesempregados":33},{"NomeFaculdade":"Instituto Superior Bissaya Barreto","CodigoFaculdade":17020,"PercentagemDesemprego":7.707910750507099,"TotalDiplomados":493,"TotalDesempregados":38},{"NomeFaculdade":"Instituto Superior D. Afonso III","CodigoFaculdade":38610,"PercentagemDesemprego":9.97229916897507,"TotalDiplomados":1083,"TotalDesempregados":108},{"NomeFaculdade":"Instituto Superior D. Dinis","CodigoFaculdade":12876,"PercentagemDesemprego":8.074534161490684,"TotalDiplomados":161,"TotalDesempregados":13},{"NomeFaculdade":"Instituto Superior da Maia","CodigoFaculdade":122024,"PercentagemDesemprego":13.929001203369435,"TotalDiplomados":3324,"TotalDesempregados":463},{"NomeFaculdade":"Instituto Superior de Administração e Gestão","CodigoFaculdade":25200,"PercentagemDesemprego":10.751818916734035,"TotalDiplomados":1237,"TotalDesempregados":133},{"NomeFaculdade":"Instituto Superior de Administração e Línguas","CodigoFaculdade":12660,"PercentagemDesemprego":3.1746031746031744,"TotalDiplomados":315,"TotalDesempregados":10},{"NomeFaculdade":"Instituto Superior de Administração, Comunicação e Empresa","CodigoFaculdade":4170,"PercentagemDesemprego":2.4390243902439024,"TotalDiplomados":41,"TotalDesempregados":1},{"NomeFaculdade":"Instituto Superior de Assistentes e Intérpretes","CodigoFaculdade":17000,"PercentagemDesemprego":3.411513859275053,"TotalDiplomados":469,"TotalDesempregados":16},{"NomeFaculdade":"Instituto Superior de Ciências da Administração","CodigoFaculdade":12825,"PercentagemDesemprego":7.8125,"TotalDiplomados":128,"TotalDesempregados":10},{"NomeFaculdade":"Instituto Superior de Ciências da Informação e da Administração","CodigoFaculdade":12831,"PercentagemDesemprego":5.882352941176471,"TotalDiplomados":170,"TotalDesempregados":10},{"NomeFaculdade":"Instituto Superior de Ciências da Saúde - Norte","CodigoFaculdade":46871,"PercentagemDesemprego":8.933217692974848,"TotalDiplomados":1153,"TotalDesempregados":103},{"NomeFaculdade":"Instituto Superior de Ciências da Saúde Egas Moniz","CodigoFaculdade":25560,"PercentagemDesemprego":9.25925925925926,"TotalDiplomados":864,"TotalDesempregados":80},{"NomeFaculdade":"Instituto Superior de Ciências Educativas","CodigoFaculdade":51240,"PercentagemDesemprego":12.837837837837839,"TotalDiplomados":888,"TotalDesempregados":114},{"NomeFaculdade":"Instituto Superior de Ciências Educativas de Felgueiras","CodigoFaculdade":17084,"PercentagemDesemprego":23.666666666666668,"TotalDiplomados":300,"TotalDesempregados":71},{"NomeFaculdade":"Instituto Superior de Ciências Educativas de Mangualde","CodigoFaculdade":8544,"PercentagemDesemprego":10.0,"TotalDiplomados":300,"TotalDesempregados":30},{"NomeFaculdade":"Instituto Superior de Ciências Empresariais e do Turismo","CodigoFaculdade":34240,"PercentagemDesemprego":16.944024205748864,"TotalDiplomados":661,"TotalDesempregados":112},{"NomeFaculdade":"Instituto Superior de Comunicação Empresarial","CodigoFaculdade":8590,"PercentagemDesemprego":9.523809523809524,"TotalDiplomados":378,"TotalDesempregados":36},{"NomeFaculdade":"Instituto Superior de Educação e Ciências","CodigoFaculdade":47278,"PercentagemDesemprego":7.739130434782608,"TotalDiplomados":1150,"TotalDesempregados":89},{"NomeFaculdade":"Instituto Superior de Entre Douro e Vouga","CodigoFaculdade":21415,"PercentagemDesemprego":17.97752808988764,"TotalDiplomados":267,"TotalDesempregados":48},{"NomeFaculdade":"Instituto Superior de Espinho","CodigoFaculdade":4303,"PercentagemDesemprego":8.19672131147541,"TotalDiplomados":61,"TotalDesempregados":5},{"NomeFaculdade":"Instituto Superior de Estudos Interculturais e Transdisciplinares - Almada","CodigoFaculdade":21530,"PercentagemDesemprego":13.513513513513514,"TotalDiplomados":259,"TotalDesempregados":35},{"NomeFaculdade":"Instituto Superior de Estudos Interculturais e Transdisciplinares - Mirandela","CodigoFaculdade":12921,"PercentagemDesemprego":5.434782608695652,"TotalDiplomados":92,"TotalDesempregados":5},{"NomeFaculdade":"Instituto Superior de Estudos Interculturais e Transdisciplinares - Viseu","CodigoFaculdade":25848,"PercentagemDesemprego":11.789772727272727,"TotalDiplomados":704,"TotalDesempregados":83},{"NomeFaculdade":"Instituto Superior de Gestão","CodigoFaculdade":12900,"PercentagemDesemprego":8.695652173913043,"TotalDiplomados":575,"TotalDesempregados":50},{"NomeFaculdade":"Instituto Superior de Gestão Bancária","CodigoFaculdade":12915,"PercentagemDesemprego":1.8666666666666667,"TotalDiplomados":750,"TotalDesempregados":14},{"NomeFaculdade":"Instituto Superior de Humanidades e Tecnologias de Lisboa","CodigoFaculdade":4310,"PercentagemDesemprego":5.555555555555555,"TotalDiplomados":36,"TotalDesempregados":2},{"NomeFaculdade":"Instituto Superior de Informática e Gestão","CodigoFaculdade":4050,"PercentagemDesemprego":3.787878787878788,"TotalDiplomados":132,"TotalDesempregados":5},{"NomeFaculdade":"Instituto Superior de Línguas e Administração de Bragança","CodigoFaculdade":13053,"PercentagemDesemprego":23.275862068965516,"TotalDiplomados":116,"TotalDesempregados":27},{"NomeFaculdade":"Instituto Superior de Línguas e Administração de Leiria","CodigoFaculdade":30478,"PercentagemDesemprego":9.6,"TotalDiplomados":250,"TotalDesempregados":24},{"NomeFaculdade":"Instituto Superior de Línguas e Administração de Vila Nova de Gaia","CodigoFaculdade":39177,"PercentagemDesemprego":12.283236994219653,"TotalDiplomados":692,"TotalDesempregados":85},{"NomeFaculdade":"Instituto Superior de Matemática e Gestão (Portimão)","CodigoFaculdade":4365,"PercentagemDesemprego":7.6923076923076925,"TotalDiplomados":13,"TotalDesempregados":1},{"NomeFaculdade":"Instituto Superior de Matemática e Gestão (Torres Vedras)","CodigoFaculdade":4364,"PercentagemDesemprego":1.2345679012345678,"TotalDiplomados":81,"TotalDesempregados":1},{"NomeFaculdade":"Instituto Superior de Novas Profissões","CodigoFaculdade":16600,"PercentagemDesemprego":9.562563580874873,"TotalDiplomados":983,"TotalDesempregados":94},{"NomeFaculdade":"Instituto Superior de Paços de Brandão","CodigoFaculdade":17520,"PercentagemDesemprego":9.854014598540147,"TotalDiplomados":274,"TotalDesempregados":27},{"NomeFaculdade":"Instituto Superior de Saúde do Alto Ave","CodigoFaculdade":35680,"PercentagemDesemprego":16.25874125874126,"TotalDiplomados":572,"TotalDesempregados":93},{"NomeFaculdade":"Instituto Superior de Serviço Social de Lisboa (Beja)","CodigoFaculdade":4511,"PercentagemDesemprego":10.787172011661808,"TotalDiplomados":343,"TotalDesempregados":37},{"NomeFaculdade":"Instituto Superior de Serviço Social do Porto","CodigoFaculdade":9040,"PercentagemDesemprego":22.058823529411764,"TotalDiplomados":68,"TotalDesempregados":15},{"NomeFaculdade":"Instituto Superior de Tecnologias Avançadas de Lisboa","CodigoFaculdade":13590,"PercentagemDesemprego":5.240174672489083,"TotalDiplomados":458,"TotalDesempregados":24},{"NomeFaculdade":"Instituto Superior de Tecnologias Avançadas de Lisboa (Porto)","CodigoFaculdade":13593,"PercentagemDesemprego":8.053691275167786,"TotalDiplomados":149,"TotalDesempregados":12},{"NomeFaculdade":"Instituto Superior de Transportes e Comunicações","CodigoFaculdade":4550,"PercentagemDesemprego":9.090909090909092,"TotalDiplomados":33,"TotalDesempregados":3},{"NomeFaculdade":"Instituto Superior Manuel Teixeira Gomes","CodigoFaculdade":30625,"PercentagemDesemprego":11.306532663316583,"TotalDiplomados":398,"TotalDesempregados":45},{"NomeFaculdade":"Instituto Superior Miguel Torga","CodigoFaculdade":49500,"PercentagemDesemprego":10.286591606960082,"TotalDiplomados":1954,"TotalDesempregados":201},{"NomeFaculdade":"Instituto Superior Politécnico do Oeste","CodigoFaculdade":8770,"PercentagemDesemprego":7.792207792207792,"TotalDiplomados":154,"TotalDesempregados":12},{"NomeFaculdade":"Instituto Superior Politécnico Gaya - Escola Superior de Ciência e Tecnologia","CodigoFaculdade":44420,"PercentagemDesemprego":6.030150753768845,"TotalDiplomados":597,"TotalDesempregados":36},{"NomeFaculdade":"Instituto Superior Politécnico Gaya - Escola Superior de Desenvolvimento Social e Comunitário","CodigoFaculdade":22205,"PercentagemDesemprego":8.984375,"TotalDiplomados":256,"TotalDesempregados":23},{"NomeFaculdade":"Instituto Superior Politécnico Gaya - Escola Superior de Educação de Santa Maria","CodigoFaculdade":4443,"PercentagemDesemprego":40.0,"TotalDiplomados":5,"TotalDesempregados":2},{"NomeFaculdade":"Instituto Superior Politécnico Internacional","CodigoFaculdade":17700,"PercentagemDesemprego":3.3877038895859473,"TotalDiplomados":797,"TotalDesempregados":27},{"NomeFaculdade":"Instituto Superior Politécnico Portucalense de Penafiel","CodigoFaculdade":4436,"PercentagemDesemprego":100.0,"TotalDiplomados":1,"TotalDesempregados":1},{"NomeFaculdade":"ISCTE - Instituto Universitário de Lisboa","CodigoFaculdade":258400,"PercentagemDesemprego":5.621301775147929,"TotalDiplomados":6760,"TotalDesempregados":380},{"NomeFaculdade":"ISLA - Instituto Superior de Gestão e Administração de Santarém","CodigoFaculdade":13056,"PercentagemDesemprego":12.396694214876034,"TotalDiplomados":121,"TotalDesempregados":15},{"NomeFaculdade":"ISPA-Instituto Universitário de Ciências Psicológicas, Sociais e da Vida","CodigoFaculdade":53400,"PercentagemDesemprego":7.777470246332688,"TotalDiplomados":3613,"TotalDesempregados":281},{"NomeFaculdade":"Universidade Aberta","CodigoFaculdade":19600,"PercentagemDesemprego":3.1441513455901946,"TotalDiplomados":3753,"TotalDesempregados":118},{"NomeFaculdade":"Universidade Atlântica","CodigoFaculdade":13500,"PercentagemDesemprego":16.374269005847953,"TotalDiplomados":171,"TotalDesempregados":28},{"NomeFaculdade":"Universidade Atlântica - Escola Superior de Saúde Atlântica","CodigoFaculdade":10804,"PercentagemDesemprego":6.164383561643835,"TotalDiplomados":438,"TotalDesempregados":27},{"NomeFaculdade":"Universidade Autónoma de Lisboa Luís de Camões","CodigoFaculdade":31500,"PercentagemDesemprego":7.95638126009693,"TotalDiplomados":2476,"TotalDesempregados":197},{"NomeFaculdade":"Universidade Autónoma de Lisboa Luís de Camões (Caldas da Rainha)","CodigoFaculdade":2101,"PercentagemDesemprego":3.7037037037037037,"TotalDiplomados":27,"TotalDesempregados":1},{"NomeFaculdade":"Universidade Católica Portuguesa - Centro Regional das Beiras","CodigoFaculdade":13350,"PercentagemDesemprego":7.4812967581047385,"TotalDiplomados":401,"TotalDesempregados":30},{"NomeFaculdade":"Universidade Católica Portuguesa - Escola das Artes","CodigoFaculdade":6795,"PercentagemDesemprego":15.714285714285714,"TotalDiplomados":210,"TotalDesempregados":33},{"NomeFaculdade":"Universidade Católica Portuguesa - Escola Superior de Biotecnologia","CodigoFaculdade":17680,"PercentagemDesemprego":15.779092702169626,"TotalDiplomados":507,"TotalDesempregados":80},{"NomeFaculdade":"Universidade Católica Portuguesa - Escola Superior de Ciências e Tecnologia (Viseu)","CodigoFaculdade":2251,"PercentagemDesemprego":16.379310344827587,"TotalDiplomados":116,"TotalDesempregados":19},{"NomeFaculdade":"Universidade Católica Portuguesa - Escola Superior Politécnica de Saúde (Lisboa)","CodigoFaculdade":2215,"PercentagemDesemprego":4.417670682730924,"TotalDiplomados":249,"TotalDesempregados":11},{"NomeFaculdade":"Universidade Católica Portuguesa - Escola Superior Politécnica de Saúde (Porto)","CodigoFaculdade":2216,"PercentagemDesemprego":40.42553191489362,"TotalDiplomados":47,"TotalDesempregados":19},{"NomeFaculdade":"Universidade Católica Portuguesa - Faculdade de Ciências Económicas e Empresariais","CodigoFaculdade":6810,"PercentagemDesemprego":2.2610483042137717,"TotalDiplomados":973,"TotalDesempregados":22},{"NomeFaculdade":"Universidade Católica Portuguesa - Faculdade de Ciências Humanas","CodigoFaculdade":17760,"PercentagemDesemprego":7.920792079207921,"TotalDiplomados":909,"TotalDesempregados":72},{"NomeFaculdade":"Universidade Católica Portuguesa - Faculdade de Ciências Sociais","CodigoFaculdade":13326,"PercentagemDesemprego":15.760111576011157,"TotalDiplomados":717,"TotalDesempregados":113},{"NomeFaculdade":"Universidade Católica Portuguesa - Faculdade de Direito","CodigoFaculdade":4560,"PercentagemDesemprego":5.835806132542038,"TotalDiplomados":1011,"TotalDesempregados":59},{"NomeFaculdade":"Universidade Católica Portuguesa - Faculdade de Direito (Porto)","CodigoFaculdade":4562,"PercentagemDesemprego":3.283582089552239,"TotalDiplomados":1005,"TotalDesempregados":33},{"NomeFaculdade":"Universidade Católica Portuguesa - Faculdade de Economia e Gestão","CodigoFaculdade":11355,"PercentagemDesemprego":8.58806404657933,"TotalDiplomados":687,"TotalDesempregados":59},{"NomeFaculdade":"Universidade Católica Portuguesa - Faculdade de Educação e Psicologia","CodigoFaculdade":4578,"PercentagemDesemprego":17.081850533807827,"TotalDiplomados":281,"TotalDesempregados":48},{"NomeFaculdade":"Universidade Católica Portuguesa - Faculdade de Engenharia","CodigoFaculdade":6765,"PercentagemDesemprego":10.76923076923077,"TotalDiplomados":65,"TotalDesempregados":7},{"NomeFaculdade":"Universidade Católica Portuguesa - Faculdade de Filosofia","CodigoFaculdade":15610,"PercentagemDesemprego":14.024390243902438,"TotalDiplomados":492,"TotalDesempregados":69},{"NomeFaculdade":"Universidade Católica Portuguesa - Faculdade de Letras","CodigoFaculdade":6705,"PercentagemDesemprego":11.16751269035533,"TotalDiplomados":197,"TotalDesempregados":22},{"NomeFaculdade":"Universidade Católica Portuguesa - Faculdade de Teologia","CodigoFaculdade":6720,"PercentagemDesemprego":6.2015503875969,"TotalDiplomados":129,"TotalDesempregados":8},{"NomeFaculdade":"Universidade Católica Portuguesa - Faculdade de Teologia (Braga)","CodigoFaculdade":2241,"PercentagemDesemprego":9.090909090909092,"TotalDiplomados":11,"TotalDesempregados":1},{"NomeFaculdade":"Universidade Católica Portuguesa - Faculdade de Teologia (Porto)","CodigoFaculdade":2242,"PercentagemDesemprego":1.941747572815534,"TotalDiplomados":103,"TotalDesempregados":2},{"NomeFaculdade":"Universidade Católica Portuguesa - Instituto de Ciências da Saúde","CodigoFaculdade":2296,"PercentagemDesemprego":-1.0,"TotalDiplomados":0,"TotalDesempregados":1},{"NomeFaculdade":"Universidade Católica Portuguesa - Instituto de Estudos Políticos","CodigoFaculdade":4590,"PercentagemDesemprego":6.730769230769231,"TotalDiplomados":104,"TotalDesempregados":7},{"NomeFaculdade":"Universidade Católica Portuguesa - Instituto Universitário de Desenvolvimento e Promoção Social","CodigoFaculdade":2260,"PercentagemDesemprego":5.2631578947368425,"TotalDiplomados":38,"TotalDesempregados":2},{"NomeFaculdade":"Universidade da Beira Interior","CodigoFaculdade":21600,"PercentagemDesemprego":10.759366860348628,"TotalDiplomados":4991,"TotalDesempregados":537},{"NomeFaculdade":"Universidade da Madeira","CodigoFaculdade":11700,"PercentagemDesemprego":1.1636927851047323,"TotalDiplomados":1289,"TotalDesempregados":15},{"NomeFaculdade":"Universidade de Aveiro","CodigoFaculdade":24300,"PercentagemDesemprego":8.529553099471409,"TotalDiplomados":8324,"TotalDesempregados":710},{"NomeFaculdade":"Universidade de Aveiro - Escola Superior de Design, Gestão e Tecnologias da Produção de Aveiro-Norte","CodigoFaculdade":3014,"PercentagemDesemprego":18.29268292682927,"TotalDiplomados":82,"TotalDesempregados":15},{"NomeFaculdade":"Universidade de Aveiro - Escola Superior de Saúde de Aveiro","CodigoFaculdade":12052,"PercentagemDesemprego":9.641873278236915,"TotalDiplomados":363,"TotalDesempregados":35},{"NomeFaculdade":"Universidade de Aveiro - Escola Superior de Tecnologia e Gestão de Águeda","CodigoFaculdade":15060,"PercentagemDesemprego":12.285012285012286,"TotalDiplomados":407,"TotalDesempregados":50},{"NomeFaculdade":"Universidade de Aveiro - Instituto Superior de Contabilidade e Administração de Aveiro","CodigoFaculdade":15055,"PercentagemDesemprego":5.535055350553505,"TotalDiplomados":2168,"TotalDesempregados":120},{"NomeFaculdade":"Universidade de Coimbra - Faculdade de Ciências do Desporto e Educação Física","CodigoFaculdade":1524,"PercentagemDesemprego":7.287449392712551,"TotalDiplomados":494,"TotalDesempregados":36},{"NomeFaculdade":"Universidade de Coimbra - Faculdade de Ciências e Tecnologia","CodigoFaculdade":20040,"PercentagemDesemprego":8.058608058608058,"TotalDiplomados":5460,"TotalDesempregados":440},{"NomeFaculdade":"Universidade de Coimbra - Faculdade de Direito","CodigoFaculdade":2008,"PercentagemDesemprego":9.864603481624759,"TotalDiplomados":1034,"TotalDesempregados":102},{"NomeFaculdade":"Universidade de Coimbra - Faculdade de Economia","CodigoFaculdade":4527,"PercentagemDesemprego":10.428849902534113,"TotalDiplomados":2052,"TotalDesempregados":214},{"NomeFaculdade":"Universidade de Coimbra - Faculdade de Farmácia","CodigoFaculdade":2520,"PercentagemDesemprego":7.93458509993943,"TotalDiplomados":1651,"TotalDesempregados":131},{"NomeFaculdade":"Universidade de Coimbra - Faculdade de Letras","CodigoFaculdade":16160,"PercentagemDesemprego":17.117117117117118,"TotalDiplomados":1887,"TotalDesempregados":323},{"NomeFaculdade":"Universidade de Coimbra - Faculdade de Medicina","CodigoFaculdade":1012,"PercentagemDesemprego":18.0327868852459,"TotalDiplomados":122,"TotalDesempregados":22},{"NomeFaculdade":"Universidade de Coimbra - Faculdade de Psicologia e de Ciências da Educação","CodigoFaculdade":4563,"PercentagemDesemprego":15.323565323565324,"TotalDiplomados":1638,"TotalDesempregados":251},{"NomeFaculdade":"Universidade de Lisboa","CodigoFaculdade":700,"PercentagemDesemprego":2.2222222222222223,"TotalDiplomados":90,"TotalDesempregados":2},{"NomeFaculdade":"Universidade de Lisboa - Faculdade de Belas-Artes","CodigoFaculdade":74228,"PercentagemDesemprego":12.882882882882884,"TotalDiplomados":1110,"TotalDesempregados":143},{"NomeFaculdade":"Universidade de Lisboa - Faculdade de Ciências","CodigoFaculdade":25236,"PercentagemDesemprego":6.394359348407488,"TotalDiplomados":4113,"TotalDesempregados":263},{"NomeFaculdade":"Universidade de Lisboa - Faculdade de Direito","CodigoFaculdade":2106,"PercentagemDesemprego":1.2216404886561956,"TotalDiplomados":573,"TotalDesempregados":7},{"NomeFaculdade":"Universidade de Lisboa - Faculdade de Farmácia","CodigoFaculdade":2109,"PercentagemDesemprego":2.7796161482461947,"TotalDiplomados":1511,"TotalDesempregados":42},{"NomeFaculdade":"Universidade de Lisboa - Faculdade de Letras","CodigoFaculdade":27456,"PercentagemDesemprego":9.59037711313394,"TotalDiplomados":3076,"TotalDesempregados":295},{"NomeFaculdade":"Universidade de Lisboa - Faculdade de Medicina","CodigoFaculdade":1410,"PercentagemDesemprego":0.1579778830963665,"TotalDiplomados":1266,"TotalDesempregados":2},{"NomeFaculdade":"Universidade de Lisboa - Faculdade de Medicina Dentária","CodigoFaculdade":6600,"PercentagemDesemprego":6.204379562043796,"TotalDiplomados":274,"TotalDesempregados":17},{"NomeFaculdade":"Universidade de Lisboa - Faculdade de Psicologia","CodigoFaculdade":710,"PercentagemDesemprego":5.2631578947368425,"TotalDiplomados":19,"TotalDesempregados":1},{"NomeFaculdade":"Universidade de Lisboa - Faculdade de Psicologia e de Ciências da Educação","CodigoFaculdade":2118,"PercentagemDesemprego":5.8886509635974305,"TotalDiplomados":934,"TotalDesempregados":55},{"NomeFaculdade":"Universidade de Lisboa - Instituto de Ciências Sociais","CodigoFaculdade":707,"PercentagemDesemprego":5.0,"TotalDiplomados":20,"TotalDesempregados":1},{"NomeFaculdade":"Universidade de Lisboa - Instituto de Educação","CodigoFaculdade":1418,"PercentagemDesemprego":4.710920770877944,"TotalDiplomados":467,"TotalDesempregados":22},{"NomeFaculdade":"Universidade de Lisboa - Instituto de Geografia e Ordenamento do Território","CodigoFaculdade":1416,"PercentagemDesemprego":57.142857142857146,"TotalDiplomados":7,"TotalDesempregados":4},{"NomeFaculdade":"Universidade de Trás-os-Montes e Alto Douro","CodigoFaculdade":48000,"PercentagemDesemprego":14.757779916586461,"TotalDiplomados":3117,"TotalDesempregados":460},{"NomeFaculdade":"Universidade de Trás-os-Montes e Alto Douro (Chaves)","CodigoFaculdade":3870,"PercentagemDesemprego":13.411078717201166,"TotalDiplomados":343,"TotalDesempregados":46},{"NomeFaculdade":"Universidade de Trás-os-Montes e Alto Douro (Miranda do Douro)","CodigoFaculdade":2560,"PercentagemDesemprego":14.077669902912621,"TotalDiplomados":206,"TotalDesempregados":29},{"NomeFaculdade":"Universidade de Trás-os-Montes e Alto Douro - Escola de Ciências Agrárias e Veterinárias","CodigoFaculdade":6005,"PercentagemDesemprego":22.818791946308725,"TotalDiplomados":149,"TotalDesempregados":34},{"NomeFaculdade":"Universidade de Trás-os-Montes e Alto Douro - Escola de Ciências da Vida e do Ambiente","CodigoFaculdade":8428,"PercentagemDesemprego":26.64092664092664,"TotalDiplomados":259,"TotalDesempregados":69},{"NomeFaculdade":"Universidade de Trás-os-Montes e Alto Douro - Escola de Ciências e Tecnologia","CodigoFaculdade":9624,"PercentagemDesemprego":33.333333333333336,"TotalDiplomados":192,"TotalDesempregados":64},{"NomeFaculdade":"Universidade de Trás-os-Montes e Alto Douro - Escola de Ciências Humanas e Sociais","CodigoFaculdade":9616,"PercentagemDesemprego":45.78651685393258,"TotalDiplomados":356,"TotalDesempregados":163},{"NomeFaculdade":"Universidade de Trás-os-Montes e Alto Douro - Escola de Ciências Humanas e Sociais (Chaves)","CodigoFaculdade":1205,"PercentagemDesemprego":18.6046511627907,"TotalDiplomados":43,"TotalDesempregados":8},{"NomeFaculdade":"Universidade de Trás-os-Montes e Alto Douro - Escola Superior de Enfermagem de Vila Real","CodigoFaculdade":7080,"PercentagemDesemprego":0.8174386920980926,"TotalDiplomados":367,"TotalDesempregados":3},{"NomeFaculdade":"Universidade de Évora","CodigoFaculdade":25200,"PercentagemDesemprego":10.606989576946658,"TotalDiplomados":3262,"TotalDesempregados":346},{"NomeFaculdade":"Universidade de Évora - Escola de Artes","CodigoFaculdade":2412,"PercentagemDesemprego":34.51327433628319,"TotalDiplomados":113,"TotalDesempregados":39},{"NomeFaculdade":"Universidade de Évora - Escola de Ciências e Tecnologia","CodigoFaculdade":7826,"PercentagemDesemprego":21.08108108108108,"TotalDiplomados":370,"TotalDesempregados":78},{"NomeFaculdade":"Universidade de Évora - Escola de Ciências Sociais","CodigoFaculdade":7852,"PercentagemDesemprego":27.176220806794056,"TotalDiplomados":471,"TotalDesempregados":128},{"NomeFaculdade":"Universidade de Évora - Escola Superior de Enfermagem de São João de Deus","CodigoFaculdade":7030,"PercentagemDesemprego":16.0,"TotalDiplomados":150,"TotalDesempregados":24},{"NomeFaculdade":"Universidade do Algarve","CodigoFaculdade":400,"PercentagemDesemprego":10.679611650485437,"TotalDiplomados":103,"TotalDesempregados":11},{"NomeFaculdade":"Universidade do Algarve - Escola Superior de Educação e Comunicação","CodigoFaculdade":43134,"PercentagemDesemprego":8.4946908182386,"TotalDiplomados":1601,"TotalDesempregados":136},{"NomeFaculdade":"Universidade do Algarve - Escola Superior de Gestão, Hotelaria e Turismo","CodigoFaculdade":27738,"PercentagemDesemprego":8.377659574468085,"TotalDiplomados":1504,"TotalDesempregados":126},{"NomeFaculdade":"Universidade do Algarve - Escola Superior de Gestão, Hotelaria e Turismo (Portimão)","CodigoFaculdade":15435,"PercentagemDesemprego":9.482758620689655,"TotalDiplomados":464,"TotalDesempregados":44},{"NomeFaculdade":"Universidade do Algarve - Escola Superior de Saúde","CodigoFaculdade":28140,"PercentagemDesemprego":15.686274509803921,"TotalDiplomados":255,"TotalDesempregados":40},{"NomeFaculdade":"Universidade do Algarve - Faculdade de Ciências do Mar e do Ambiente","CodigoFaculdade":808,"PercentagemDesemprego":12.355212355212355,"TotalDiplomados":259,"TotalDesempregados":32},{"NomeFaculdade":"Universidade do Algarve - Faculdade de Ciências e Tecnologia","CodigoFaculdade":3248,"PercentagemDesemprego":13.35149863760218,"TotalDiplomados":734,"TotalDesempregados":98},{"NomeFaculdade":"Universidade do Algarve - Faculdade de Ciências Humanas e Sociais","CodigoFaculdade":2613,"PercentagemDesemprego":14.409937888198758,"TotalDiplomados":805,"TotalDesempregados":116},{"NomeFaculdade":"Universidade do Algarve - Faculdade de Economia","CodigoFaculdade":1224,"PercentagemDesemprego":14.80836236933798,"TotalDiplomados":574,"TotalDesempregados":85},{"NomeFaculdade":"Universidade do Algarve - Faculdade de Engenharia de Recursos Naturais","CodigoFaculdade":410,"PercentagemDesemprego":4.0358744394618835,"TotalDiplomados":223,"TotalDesempregados":9},{"NomeFaculdade":"Universidade do Algarve - Instituto Superior de Engenharia","CodigoFaculdade":33913,"PercentagemDesemprego":9.717436250861475,"TotalDiplomados":1451,"TotalDesempregados":141},{"NomeFaculdade":"Universidade do Minho","CodigoFaculdade":111000,"PercentagemDesemprego":10.116731517509727,"TotalDiplomados":15934,"TotalDesempregados":1612},{"NomeFaculdade":"Universidade do Minho - Escola Superior de Enfermagem","CodigoFaculdade":7010,"PercentagemDesemprego":25.614035087719298,"TotalDiplomados":285,"TotalDesempregados":73},{"NomeFaculdade":"Universidade do Porto - Faculdade de Arquitectura","CodigoFaculdade":2204,"PercentagemDesemprego":21.442885771543086,"TotalDiplomados":499,"TotalDesempregados":107},{"NomeFaculdade":"Universidade do Porto - Faculdade de Belas-Artes","CodigoFaculdade":32412,"PercentagemDesemprego":12.204724409448819,"TotalDiplomados":508,"TotalDesempregados":62},{"NomeFaculdade":"Universidade do Porto - Faculdade de Ciências","CodigoFaculdade":36399,"PercentagemDesemprego":13.357166070848228,"TotalDiplomados":3077,"TotalDesempregados":411},{"NomeFaculdade":"Universidade do Porto - Faculdade de Ciências da Nutrição e da Alimentação","CodigoFaculdade":2202,"PercentagemDesemprego":20.293398533007334,"TotalDiplomados":409,"TotalDesempregados":83},{"NomeFaculdade":"Universidade do Porto - Faculdade de Desporto","CodigoFaculdade":7777,"PercentagemDesemprego":6.501831501831502,"TotalDiplomados":2184,"TotalDesempregados":142},{"NomeFaculdade":"Universidade do Porto - Faculdade de Direito","CodigoFaculdade":2228,"PercentagemDesemprego":13.145539906103286,"TotalDiplomados":213,"TotalDesempregados":28},{"NomeFaculdade":"Universidade do Porto - Faculdade de Economia","CodigoFaculdade":9936,"PercentagemDesemprego":8.728010825439783,"TotalDiplomados":1478,"TotalDesempregados":129},{"NomeFaculdade":"Universidade do Porto - Faculdade de Engenharia","CodigoFaculdade":27625,"PercentagemDesemprego":6.3419511498357375,"TotalDiplomados":7001,"TotalDesempregados":444},{"NomeFaculdade":"Universidade do Porto - Faculdade de Farmácia","CodigoFaculdade":5530,"PercentagemDesemprego":3.236682400539447,"TotalDiplomados":1483,"TotalDesempregados":48},{"NomeFaculdade":"Universidade do Porto - Faculdade de Letras","CodigoFaculdade":40959,"PercentagemDesemprego":12.625994694960212,"TotalDiplomados":3770,"TotalDesempregados":476},{"NomeFaculdade":"Universidade do Porto - Faculdade de Medicina","CodigoFaculdade":4432,"PercentagemDesemprego":4.6875,"TotalDiplomados":128,"TotalDesempregados":6},{"NomeFaculdade":"Universidade do Porto - Faculdade de Medicina Dentária","CodigoFaculdade":2226,"PercentagemDesemprego":7.34375,"TotalDiplomados":640,"TotalDesempregados":47},{"NomeFaculdade":"Universidade do Porto - Faculdade de Psicologia e de Ciências da Educação","CodigoFaculdade":7763,"PercentagemDesemprego":11.332179930795848,"TotalDiplomados":1156,"TotalDesempregados":131},{"NomeFaculdade":"Universidade do Porto - Instituto de Ciências Biomédicas Abel Salazar","CodigoFaculdade":6660,"PercentagemDesemprego":7.552870090634441,"TotalDiplomados":331,"TotalDesempregados":25},{"NomeFaculdade":"Universidade dos Açores - Angra do Heroísmo","CodigoFaculdade":110,"PercentagemDesemprego":3.225806451612903,"TotalDiplomados":31,"TotalDesempregados":1},{"NomeFaculdade":"Universidade dos Açores - Escola Superior de Enfermagem de Ponta Delgada","CodigoFaculdade":7091,"PercentagemDesemprego":0.6896551724137931,"TotalDiplomados":145,"TotalDesempregados":1},{"NomeFaculdade":"Universidade dos Açores - Horta","CodigoFaculdade":120,"PercentagemDesemprego":11.11111111111111,"TotalDiplomados":9,"TotalDesempregados":1},{"NomeFaculdade":"Universidade dos Açores - Ponta Delgada","CodigoFaculdade":780,"PercentagemDesemprego":3.1531531531531534,"TotalDiplomados":444,"TotalDesempregados":14},{"NomeFaculdade":"Universidade Europeia","CodigoFaculdade":39150,"PercentagemDesemprego":12.09992193598751,"TotalDiplomados":1281,"TotalDesempregados":155},{"NomeFaculdade":"Universidade Fernando Pessoa","CodigoFaculdade":71500,"PercentagemDesemprego":16.240725474031326,"TotalDiplomados":2426,"TotalDesempregados":394},{"NomeFaculdade":"Universidade Fernando Pessoa (unidade de Ponte de Lima)","CodigoFaculdade":5502,"PercentagemDesemprego":5.7894736842105265,"TotalDiplomados":190,"TotalDesempregados":11},{"NomeFaculdade":"Universidade Fernando Pessoa - Escola Superior de Saúde","CodigoFaculdade":13760,"PercentagemDesemprego":12.277580071174377,"TotalDiplomados":562,"TotalDesempregados":69},{"NomeFaculdade":"Universidade Independente","CodigoFaculdade":15600,"PercentagemDesemprego":6.073446327683616,"TotalDiplomados":708,"TotalDesempregados":43},{"NomeFaculdade":"Universidade Internacional","CodigoFaculdade":4600,"PercentagemDesemprego":6.862745098039215,"TotalDiplomados":204,"TotalDesempregados":14},{"NomeFaculdade":"Universidade Internacional da Figueira da Foz","CodigoFaculdade":6906,"PercentagemDesemprego":11.229946524064172,"TotalDiplomados":187,"TotalDesempregados":21},{"NomeFaculdade":"Universidade Lusíada","CodigoFaculdade":50400,"PercentagemDesemprego":9.559071019858633,"TotalDiplomados":2971,"TotalDesempregados":284},{"NomeFaculdade":"Universidade Lusíada de Vila Nova de Famalicão","CodigoFaculdade":21618,"PercentagemDesemprego":12.148760330578513,"TotalDiplomados":1210,"TotalDesempregados":147},{"NomeFaculdade":"Universidade Lusíada do Porto","CodigoFaculdade":36015,"PercentagemDesemprego":13.035094485152333,"TotalDiplomados":2593,"TotalDesempregados":338},{"NomeFaculdade":"Universidade Lusófona de Humanidades e Tecnologias","CodigoFaculdade":148400,"PercentagemDesemprego":11.463217461600646,"TotalDiplomados":6185,"TotalDesempregados":709},{"NomeFaculdade":"Universidade Lusófona do Porto","CodigoFaculdade":64512,"PercentagemDesemprego":14.0754369825207,"TotalDiplomados":1087,"TotalDesempregados":153},{"NomeFaculdade":"Universidade Moderna de Lisboa","CodigoFaculdade":24180,"PercentagemDesemprego":11.253196930946292,"TotalDiplomados":391,"TotalDesempregados":44},{"NomeFaculdade":"Universidade Nova de Lisboa - Faculdade de Ciências e Tecnologia","CodigoFaculdade":30702,"PercentagemDesemprego":6.481728460922913,"TotalDiplomados":3749,"TotalDesempregados":243},{"NomeFaculdade":"Universidade Nova de Lisboa - Faculdade de Ciências Médicas","CodigoFaculdade":901,"PercentagemDesemprego":0.1364256480218281,"TotalDiplomados":733,"TotalDesempregados":1},{"NomeFaculdade":"Universidade Nova de Lisboa - Faculdade de Ciências Sociais e Humanas","CodigoFaculdade":30668,"PercentagemDesemprego":10.166520595968448,"TotalDiplomados":3423,"TotalDesempregados":348},{"NomeFaculdade":"Universidade Nova de Lisboa - Faculdade de Direito","CodigoFaculdade":911,"PercentagemDesemprego":4.400977995110025,"TotalDiplomados":409,"TotalDesempregados":18},{"NomeFaculdade":"Universidade Nova de Lisboa - Faculdade de Economia","CodigoFaculdade":3616,"PercentagemDesemprego":2.1913415285943345,"TotalDiplomados":1871,"TotalDesempregados":41},{"NomeFaculdade":"Universidade Nova de Lisboa - Instituto de Higiene e Medicina Tropical","CodigoFaculdade":1810,"PercentagemDesemprego":5.769230769230769,"TotalDiplomados":52,"TotalDesempregados":3},{"NomeFaculdade":"Universidade Nova de Lisboa - Instituto de Tecnologia Química e Biológica","CodigoFaculdade":1820,"PercentagemDesemprego":1.7241379310344827,"TotalDiplomados":116,"TotalDesempregados":2},{"NomeFaculdade":"Universidade Nova de Lisboa - Instituto Superior de Estatística e Gestão de Informação","CodigoFaculdade":3624,"PercentagemDesemprego":4.528301886792453,"TotalDiplomados":530,"TotalDesempregados":24},{"NomeFaculdade":"Universidade Portucalense Infante D. Henrique","CodigoFaculdade":32500,"PercentagemDesemprego":14.02116402116402,"TotalDiplomados":1890,"TotalDesempregados":265},{"NomeFaculdade":"Universidade Técnica de Lisboa - Faculdade de Arquitectura","CodigoFaculdade":7218,"PercentagemDesemprego":9.345156889495225,"TotalDiplomados":1466,"TotalDesempregados":137},{"NomeFaculdade":"Universidade Técnica de Lisboa - Faculdade de Medicina Veterinária","CodigoFaculdade":1602,"PercentagemDesemprego":2.964959568733154,"TotalDiplomados":742,"TotalDesempregados":22},{"NomeFaculdade":"Universidade Técnica de Lisboa - Faculdade de Motricidade Humana","CodigoFaculdade":8060,"PercentagemDesemprego":5.938092229943146,"TotalDiplomados":1583,"TotalDesempregados":94},{"NomeFaculdade":"Universidade Técnica de Lisboa - Instituto Superior de Agronomia","CodigoFaculdade":10439,"PercentagemDesemprego":8.147676639083386,"TotalDiplomados":1571,"TotalDesempregados":128},{"NomeFaculdade":"Universidade Técnica de Lisboa - Instituto Superior de Ciências Sociais e Políticas","CodigoFaculdade":10452,"PercentagemDesemprego":13.843351548269581,"TotalDiplomados":1647,"TotalDesempregados":228},{"NomeFaculdade":"Universidade Técnica de Lisboa - Instituto Superior de Economia e Gestão","CodigoFaculdade":10465,"PercentagemDesemprego":5.032258064516129,"TotalDiplomados":1550,"TotalDesempregados":78},{"NomeFaculdade":"Universidade Técnica de Lisboa - Instituto Superior Técnico (Alameda)","CodigoFaculdade":24210,"PercentagemDesemprego":3.0678767736162595,"TotalDiplomados":7823,"TotalDesempregados":240},{"NomeFaculdade":"Universidade Técnica de Lisboa - Instituto Superior Técnico (Taguspark)","CodigoFaculdade":2424,"PercentagemDesemprego":3.2822757111597376,"TotalDiplomados":457,"TotalDesempregados":15}]}