{"data":[{"NomeFaculdade":"Universidade dos Açores - Angra do Heroísmo","CodigoFaculdade":110,"PercentagemDesemprego":6.67,"TotalDiplomados":30.0,"TotalDesempregados":2.0},{"NomeFaculdade":"Universidade do Algarve","CodigoFaculdade":200,"PercentagemDesemprego":20.0,"TotalDiplomados":10.0,"TotalDesempregados":2.0},{"NomeFaculdade":"Universidade do Algarve - Faculdade de Ciências Humanas e Sociais","CodigoFaculdade":201,"PercentagemDesemprego":33.33,"TotalDiplomados":57.0,"TotalDesempregados":19.0},{"NomeFaculdade":"Universidade do Algarve - Faculdade de Ciências do Mar e do Ambiente","CodigoFaculdade":202,"PercentagemDesemprego":3.04,"TotalDiplomados":296.0,"TotalDesempregados":9.0},{"NomeFaculdade":"Universidade do Algarve - Faculdade de Economia","CodigoFaculdade":204,"PercentagemDesemprego":12.89,"TotalDiplomados":256.0,"TotalDesempregados":33.0},{"NomeFaculdade":"Universidade do Algarve - Faculdade de Engenharia de Recursos Naturais","CodigoFaculdade":205,"PercentagemDesemprego":16.67,"TotalDiplomados":42.0,"TotalDesempregados":7.0},{"NomeFaculdade":"Universidade de Aveiro","CodigoFaculdade":300,"PercentagemDesemprego":8.67,"TotalDiplomados":2676.0,"TotalDesempregados":232.0},{"NomeFaculdade":"Universidade da Beira Interior","CodigoFaculdade":400,"PercentagemDesemprego":11.65,"TotalDiplomados":1691.0,"TotalDesempregados":197.0},{"NomeFaculdade":"Universidade de Coimbra - Faculdade de Ciências e Tecnologia","CodigoFaculdade":501,"PercentagemDesemprego":8.89,"TotalDiplomados":1328.0,"TotalDesempregados":118.0},{"NomeFaculdade":"Universidade de Coimbra - Faculdade de Direito","CodigoFaculdade":502,"PercentagemDesemprego":4.99,"TotalDiplomados":741.0,"TotalDesempregados":37.0},{"NomeFaculdade":"Universidade de Coimbra - Faculdade de Economia","CodigoFaculdade":503,"PercentagemDesemprego":7.55,"TotalDiplomados":609.0,"TotalDesempregados":46.0},{"NomeFaculdade":"Universidade de Coimbra - Faculdade de Farmácia","CodigoFaculdade":504,"PercentagemDesemprego":4.76,"TotalDiplomados":294.0,"TotalDesempregados":14.0},{"NomeFaculdade":"Universidade de Coimbra - Faculdade de Letras","CodigoFaculdade":505,"PercentagemDesemprego":8.81,"TotalDiplomados":987.0,"TotalDesempregados":87.0},{"NomeFaculdade":"Universidade de Coimbra - Faculdade de Psicologia e de Ciências da Educação","CodigoFaculdade":507,"PercentagemDesemprego":18.72,"TotalDiplomados":593.0,"TotalDesempregados":111.0},{"NomeFaculdade":"Universidade de Évora","CodigoFaculdade":600,"PercentagemDesemprego":9.15,"TotalDiplomados":1104.0,"TotalDesempregados":101.0},{"NomeFaculdade":"Universidade de Lisboa - Faculdade de Ciências","CodigoFaculdade":701,"PercentagemDesemprego":3.65,"TotalDiplomados":1671.0,"TotalDesempregados":61.0},{"NomeFaculdade":"Universidade de Lisboa - Faculdade de Direito","CodigoFaculdade":702,"PercentagemDesemprego":0.46,"TotalDiplomados":439.0,"TotalDesempregados":2.0},{"NomeFaculdade":"Universidade de Lisboa - Faculdade de Farmácia","CodigoFaculdade":703,"PercentagemDesemprego":1.36,"TotalDiplomados":515.0,"TotalDesempregados":7.0},{"NomeFaculdade":"Universidade de Lisboa - Faculdade de Letras","CodigoFaculdade":704,"PercentagemDesemprego":7.59,"TotalDiplomados":1489.0,"TotalDesempregados":113.0},{"NomeFaculdade":"Universidade de Lisboa - Faculdade de Medicina","CodigoFaculdade":705,"PercentagemDesemprego":9.62,"TotalDiplomados":52.0,"TotalDesempregados":5.0},{"NomeFaculdade":"Universidade de Lisboa - Faculdade de Psicologia e de Ciências da Educação","CodigoFaculdade":706,"PercentagemDesemprego":5.44,"TotalDiplomados":993.0,"TotalDesempregados":54.0},{"NomeFaculdade":"Universidade de Lisboa - Instituto de Ciências Sociais","CodigoFaculdade":707,"PercentagemDesemprego":1.85,"TotalDiplomados":54.0,"TotalDesempregados":1.0},{"NomeFaculdade":"Universidade Técnica de Lisboa - Faculdade de Medicina Veterinária","CodigoFaculdade":801,"PercentagemDesemprego":20.37,"TotalDiplomados":108.0,"TotalDesempregados":22.0},{"NomeFaculdade":"Universidade Técnica de Lisboa - Faculdade de Arquitectura","CodigoFaculdade":802,"PercentagemDesemprego":10.0,"TotalDiplomados":20.0,"TotalDesempregados":2.0},{"NomeFaculdade":"Universidade Técnica de Lisboa - Instituto Superior de Agronomia","CodigoFaculdade":803,"PercentagemDesemprego":5.3,"TotalDiplomados":302.0,"TotalDesempregados":16.0},{"NomeFaculdade":"Universidade Técnica de Lisboa - Instituto Superior de Ciências Sociais e Políticas","CodigoFaculdade":804,"PercentagemDesemprego":18.69,"TotalDiplomados":107.0,"TotalDesempregados":20.0},{"NomeFaculdade":"Universidade Técnica de Lisboa - Instituto Superior de Economia e Gestão","CodigoFaculdade":805,"PercentagemDesemprego":5.44,"TotalDiplomados":846.0,"TotalDesempregados":46.0},{"NomeFaculdade":"Universidade Técnica de Lisboa - Faculdade de Motricidade Humana","CodigoFaculdade":806,"PercentagemDesemprego":18.9,"TotalDiplomados":127.0,"TotalDesempregados":24.0},{"NomeFaculdade":"Universidade Técnica de Lisboa - Instituto Superior Técnico (Alameda)","CodigoFaculdade":807,"PercentagemDesemprego":2.35,"TotalDiplomados":3919.0,"TotalDesempregados":92.0},{"NomeFaculdade":"Universidade Técnica de Lisboa - Instituto Superior Técnico (Taguspark)","CodigoFaculdade":808,"PercentagemDesemprego":1.33,"TotalDiplomados":75.0,"TotalDesempregados":1.0},{"NomeFaculdade":"Universidade Nova de Lisboa - Faculdade de Ciências Sociais e Humanas","CodigoFaculdade":902,"PercentagemDesemprego":10.84,"TotalDiplomados":1411.0,"TotalDesempregados":153.0},{"NomeFaculdade":"Universidade Nova de Lisboa - Faculdade de Ciências e Tecnologia","CodigoFaculdade":903,"PercentagemDesemprego":7.64,"TotalDiplomados":785.0,"TotalDesempregados":60.0},{"NomeFaculdade":"Universidade Nova de Lisboa - Faculdade de Economia","CodigoFaculdade":904,"PercentagemDesemprego":4.15,"TotalDiplomados":1180.0,"TotalDesempregados":49.0},{"NomeFaculdade":"Universidade Nova de Lisboa - Instituto Superior de Estatística e Gestão de Informação","CodigoFaculdade":906,"PercentagemDesemprego":1.56,"TotalDiplomados":257.0,"TotalDesempregados":4.0},{"NomeFaculdade":"Universidade Nova de Lisboa - Escola Nacional de Saúde Pública","CodigoFaculdade":908,"PercentagemDesemprego":2.52,"TotalDiplomados":119.0,"TotalDesempregados":3.0},{"NomeFaculdade":"Universidade Nova de Lisboa - Instituto de Tecnologia Química e Biológica António Xavier","CodigoFaculdade":910,"PercentagemDesemprego":0.88,"TotalDiplomados":114.0,"TotalDesempregados":1.0},{"NomeFaculdade":"Universidade Nova de Lisboa - Faculdade de Direito","CodigoFaculdade":911,"PercentagemDesemprego":3.75,"TotalDiplomados":80.0,"TotalDesempregados":3.0},{"NomeFaculdade":"Universidade do Minho","CodigoFaculdade":1000,"PercentagemDesemprego":6.04,"TotalDiplomados":4996.0,"TotalDesempregados":302.0},{"NomeFaculdade":"Universidade do Porto - Faculdade de Arquitetura","CodigoFaculdade":1102,"PercentagemDesemprego":4.17,"TotalDiplomados":48.0,"TotalDesempregados":2.0},{"NomeFaculdade":"Universidade do Porto - Faculdade de Ciências","CodigoFaculdade":1103,"PercentagemDesemprego":6.39,"TotalDiplomados":689.0,"TotalDesempregados":44.0},{"NomeFaculdade":"Universidade do Porto - Faculdade de Economia","CodigoFaculdade":1104,"PercentagemDesemprego":2.51,"TotalDiplomados":199.0,"TotalDesempregados":5.0},{"NomeFaculdade":"Universidade do Porto - Faculdade de Engenharia","CodigoFaculdade":1105,"PercentagemDesemprego":4.46,"TotalDiplomados":2715.0,"TotalDesempregados":121.0},{"NomeFaculdade":"Universidade do Porto - Faculdade de Farmácia","CodigoFaculdade":1106,"PercentagemDesemprego":4.1,"TotalDiplomados":390.0,"TotalDesempregados":16.0},{"NomeFaculdade":"Universidade do Porto - Faculdade de Letras","CodigoFaculdade":1107,"PercentagemDesemprego":13.99,"TotalDiplomados":1001.0,"TotalDesempregados":140.0},{"NomeFaculdade":"Universidade do Porto - Faculdade de Psicologia e de Ciências da Educação","CodigoFaculdade":1109,"PercentagemDesemprego":12.8,"TotalDiplomados":586.0,"TotalDesempregados":75.0},{"NomeFaculdade":"Universidade do Porto - Faculdade de Desporto","CodigoFaculdade":1111,"PercentagemDesemprego":0.68,"TotalDiplomados":1466.0,"TotalDesempregados":10.0},{"NomeFaculdade":"Universidade do Porto - Escola de Gestão do Porto","CodigoFaculdade":1112,"PercentagemDesemprego":17.86,"TotalDiplomados":28.0,"TotalDesempregados":5.0},{"NomeFaculdade":"Universidade do Porto - Faculdade de Direito","CodigoFaculdade":1114,"PercentagemDesemprego":6.19,"TotalDiplomados":97.0,"TotalDesempregados":6.0},{"NomeFaculdade":"Universidade de Trás-os-Montes e Alto Douro","CodigoFaculdade":1200,"PercentagemDesemprego":19.16,"TotalDiplomados":783.0,"TotalDesempregados":150.0},{"NomeFaculdade":"Universidade de Trás-os-Montes e Alto Douro (Miranda do Douro)","CodigoFaculdade":1280,"PercentagemDesemprego":22.81,"TotalDiplomados":114.0,"TotalDesempregados":26.0},{"NomeFaculdade":"Universidade de Trás-os-Montes e Alto Douro (Chaves)","CodigoFaculdade":1290,"PercentagemDesemprego":17.33,"TotalDiplomados":150.0,"TotalDesempregados":26.0},{"NomeFaculdade":"Universidade da Madeira","CodigoFaculdade":1300,"PercentagemDesemprego":2.78,"TotalDiplomados":72.0,"TotalDesempregados":2.0},{"NomeFaculdade":"Universidade Aberta","CodigoFaculdade":1400,"PercentagemDesemprego":0.84,"TotalDiplomados":3826.0,"TotalDesempregados":32.0},{"NomeFaculdade":"Universidade Autónoma de Lisboa Luís de Camões","CodigoFaculdade":2100,"PercentagemDesemprego":3.41,"TotalDiplomados":440.0,"TotalDesempregados":15.0},{"NomeFaculdade":"Universidade Católica Portuguesa - Escola Superior de Biotecnologia","CodigoFaculdade":2210,"PercentagemDesemprego":11.9,"TotalDiplomados":126.0,"TotalDesempregados":15.0},{"NomeFaculdade":"Universidade Católica Portuguesa - Escola Superior Politécnica de Saúde (Lisboa)","CodigoFaculdade":2215,"PercentagemDesemprego":2.33,"TotalDiplomados":43.0,"TotalDesempregados":1.0},{"NomeFaculdade":"Universidade Católica Portuguesa - Escola Superior Politécnica de Saúde (Porto)","CodigoFaculdade":2216,"PercentagemDesemprego":22.01,"TotalDiplomados":159.0,"TotalDesempregados":35.0},{"NomeFaculdade":"Universidade Católica Portuguesa - Faculdade de Ciências Humanas","CodigoFaculdade":2220,"PercentagemDesemprego":3.47,"TotalDiplomados":403.0,"TotalDesempregados":14.0},{"NomeFaculdade":"Universidade Católica Portuguesa - Faculdade de Ciências Sociais","CodigoFaculdade":2221,"PercentagemDesemprego":43.1,"TotalDiplomados":58.0,"TotalDesempregados":25.0},{"NomeFaculdade":"Universidade Católica Portuguesa - Centro Regional das Beiras","CodigoFaculdade":2225,"PercentagemDesemprego":50.0,"TotalDiplomados":24.0,"TotalDesempregados":12.0},{"NomeFaculdade":"Universidade Católica Portuguesa - Faculdade de Filosofia","CodigoFaculdade":2230,"PercentagemDesemprego":28.13,"TotalDiplomados":64.0,"TotalDesempregados":18.0},{"NomeFaculdade":"Universidade Católica Portuguesa - Faculdade de Teologia","CodigoFaculdade":2240,"PercentagemDesemprego":5.77,"TotalDiplomados":52.0,"TotalDesempregados":3.0},{"NomeFaculdade":"Universidade Católica Portuguesa - Faculdade de Engenharia","CodigoFaculdade":2255,"PercentagemDesemprego":5.66,"TotalDiplomados":53.0,"TotalDesempregados":3.0},{"NomeFaculdade":"Universidade Católica Portuguesa - Escola das Artes","CodigoFaculdade":2265,"PercentagemDesemprego":16.38,"TotalDiplomados":116.0,"TotalDesempregados":19.0},{"NomeFaculdade":"Universidade Católica Portuguesa - Faculdade de Ciências Económicas e Empresariais","CodigoFaculdade":2270,"PercentagemDesemprego":1.68,"TotalDiplomados":895.0,"TotalDesempregados":15.0},{"NomeFaculdade":"Universidade Católica Portuguesa - Faculdade de Economia e Gestão","CodigoFaculdade":2271,"PercentagemDesemprego":11.51,"TotalDiplomados":278.0,"TotalDesempregados":32.0},{"NomeFaculdade":"Universidade Católica Portuguesa - Faculdade de Direito","CodigoFaculdade":2280,"PercentagemDesemprego":4.43,"TotalDiplomados":203.0,"TotalDesempregados":9.0},{"NomeFaculdade":"Universidade Católica Portuguesa - Faculdade de Direito (Porto)","CodigoFaculdade":2281,"PercentagemDesemprego":5.47,"TotalDiplomados":274.0,"TotalDesempregados":15.0},{"NomeFaculdade":"Universidade Católica Portuguesa - Faculdade de Educação e Psicologia","CodigoFaculdade":2289,"PercentagemDesemprego":7.34,"TotalDiplomados":109.0,"TotalDesempregados":8.0},{"NomeFaculdade":"Universidade Católica Portuguesa - Faculdade de Educação e Psicologia (Lisboa)","CodigoFaculdade":2292,"PercentagemDesemprego":0.57,"TotalDiplomados":174.0,"TotalDesempregados":1.0},{"NomeFaculdade":"Universidade Católica Portuguesa - Instituto de Estudos Políticos","CodigoFaculdade":2295,"PercentagemDesemprego":5.13,"TotalDiplomados":39.0,"TotalDesempregados":2.0},{"NomeFaculdade":"Universidade Internacional da Figueira da Foz","CodigoFaculdade":2302,"PercentagemDesemprego":37.66,"TotalDiplomados":77.0,"TotalDesempregados":29.0},{"NomeFaculdade":"Universidade Lusíada","CodigoFaculdade":2400,"PercentagemDesemprego":8.03,"TotalDiplomados":1195.0,"TotalDesempregados":96.0},{"NomeFaculdade":"Universidade Lusíada do Porto","CodigoFaculdade":2401,"PercentagemDesemprego":13.38,"TotalDiplomados":695.0,"TotalDesempregados":93.0},{"NomeFaculdade":"Universidade Lusíada de Vila Nova de Famalicão","CodigoFaculdade":2402,"PercentagemDesemprego":20.0,"TotalDiplomados":130.0,"TotalDesempregados":26.0},{"NomeFaculdade":"Universidade Portucalense Infante D. Henrique","CodigoFaculdade":2500,"PercentagemDesemprego":25.75,"TotalDiplomados":233.0,"TotalDesempregados":60.0},{"NomeFaculdade":"Universidade Atlântica - Escola Superior de Saúde Atlântica","CodigoFaculdade":2701,"PercentagemDesemprego":4.96,"TotalDiplomados":423.0,"TotalDesempregados":21.0},{"NomeFaculdade":"Universidade Fernando Pessoa","CodigoFaculdade":2750,"PercentagemDesemprego":10.77,"TotalDiplomados":650.0,"TotalDesempregados":70.0},{"NomeFaculdade":"Universidade Fernando Pessoa (unidade de Ponte de Lima)","CodigoFaculdade":2751,"PercentagemDesemprego":6.13,"TotalDiplomados":212.0,"TotalDesempregados":13.0},{"NomeFaculdade":"Universidade Fernando Pessoa - Escola Superior de Saúde","CodigoFaculdade":2752,"PercentagemDesemprego":12.87,"TotalDiplomados":816.0,"TotalDesempregados":105.0},{"NomeFaculdade":"Universidade Fernando Pessoa (unidade de Ponte de Lima - ensino politécnico)","CodigoFaculdade":2753,"PercentagemDesemprego":1.74,"TotalDiplomados":288.0,"TotalDesempregados":5.0},{"NomeFaculdade":"Universidade Lusófona de Humanidades e Tecnologias","CodigoFaculdade":2800,"PercentagemDesemprego":11.26,"TotalDiplomados":1376.0,"TotalDesempregados":155.0},{"NomeFaculdade":"Universidade de Aveiro - Instituto Superior de Contabilidade e Administração de Aveiro","CodigoFaculdade":3011,"PercentagemDesemprego":3.5,"TotalDiplomados":4059.0,"TotalDesempregados":142.0},{"NomeFaculdade":"Universidade de Aveiro - Escola Superior de Tecnologia e Gestão de Águeda","CodigoFaculdade":3012,"PercentagemDesemprego":25.93,"TotalDiplomados":297.0,"TotalDesempregados":77.0},{"NomeFaculdade":"Universidade de Aveiro - Escola Superior de Saúde de Aveiro","CodigoFaculdade":3013,"PercentagemDesemprego":22.5,"TotalDiplomados":200.0,"TotalDesempregados":45.0},{"NomeFaculdade":"Universidade de Aveiro - Escola Superior de Design, Gestão e Tecnologias da Produção de Aveiro-Norte","CodigoFaculdade":3014,"PercentagemDesemprego":50.0,"TotalDiplomados":12.0,"TotalDesempregados":6.0},{"NomeFaculdade":"Instituto Politécnico de Beja - Escola Superior Agrária","CodigoFaculdade":3021,"PercentagemDesemprego":7.21,"TotalDiplomados":1124.0,"TotalDesempregados":81.0},{"NomeFaculdade":"Instituto Politécnico de Beja - Escola Superior de Educação","CodigoFaculdade":3022,"PercentagemDesemprego":9.14,"TotalDiplomados":1280.0,"TotalDesempregados":117.0},{"NomeFaculdade":"Instituto Politécnico de Beja - Escola Superior de Tecnologia e de Gestão","CodigoFaculdade":3023,"PercentagemDesemprego":7.22,"TotalDiplomados":1358.0,"TotalDesempregados":98.0},{"NomeFaculdade":"Instituto Politécnico do Cávado e do Ave - Escola Superior de Gestão","CodigoFaculdade":3031,"PercentagemDesemprego":5.29,"TotalDiplomados":1908.0,"TotalDesempregados":101.0},{"NomeFaculdade":"Instituto Politécnico do Cávado e do Ave - Escola Superior de Tecnologia","CodigoFaculdade":3032,"PercentagemDesemprego":42.55,"TotalDiplomados":94.0,"TotalDesempregados":40.0},{"NomeFaculdade":"Instituto Politécnico de Bragança - Escola Superior Agrária de Bragança","CodigoFaculdade":3041,"PercentagemDesemprego":7.2,"TotalDiplomados":1931.0,"TotalDesempregados":139.0},{"NomeFaculdade":"Instituto Politécnico de Bragança - Escola Superior de Educação de Bragança","CodigoFaculdade":3042,"PercentagemDesemprego":10.08,"TotalDiplomados":1508.0,"TotalDesempregados":152.0},{"NomeFaculdade":"Instituto Politécnico de Bragança - Escola Superior de Tecnologia e de Gestão de Bragança","CodigoFaculdade":3043,"PercentagemDesemprego":7.19,"TotalDiplomados":3103.0,"TotalDesempregados":223.0},{"NomeFaculdade":"Instituto Politécnico de Bragança - Escola Superior de Comunicação, Administração e Turismo de Mirandela","CodigoFaculdade":3045,"PercentagemDesemprego":21.36,"TotalDiplomados":412.0,"TotalDesempregados":88.0},{"NomeFaculdade":"Instituto Politécnico de Castelo Branco - Escola Superior Agrária de Castelo Branco","CodigoFaculdade":3051,"PercentagemDesemprego":6.45,"TotalDiplomados":2294.0,"TotalDesempregados":148.0},{"NomeFaculdade":"Instituto Politécnico de Castelo Branco - Escola Superior de Educação de Castelo Branco","CodigoFaculdade":3052,"PercentagemDesemprego":5.06,"TotalDiplomados":1522.0,"TotalDesempregados":77.0},{"NomeFaculdade":"Instituto Politécnico de Castelo Branco - Escola Superior de Tecnologia de Castelo Branco","CodigoFaculdade":3053,"PercentagemDesemprego":9.49,"TotalDiplomados":1665.0,"TotalDesempregados":158.0},{"NomeFaculdade":"Instituto Politécnico de Castelo Branco - Escola Superior de Gestão de Idanha-a-Nova","CodigoFaculdade":3054,"PercentagemDesemprego":6.37,"TotalDiplomados":1758.0,"TotalDesempregados":112.0},{"NomeFaculdade":"Instituto Politécnico de Castelo Branco - Escola Superior de Artes Aplicadas de Castelo Branco","CodigoFaculdade":3055,"PercentagemDesemprego":17.46,"TotalDiplomados":527.0,"TotalDesempregados":92.0},{"NomeFaculdade":"Instituto Politécnico de Coimbra - Escola Superior Agrária de Coimbra","CodigoFaculdade":3061,"PercentagemDesemprego":8.51,"TotalDiplomados":2692.0,"TotalDesempregados":229.0},{"NomeFaculdade":"Instituto Politécnico de Coimbra - Escola Superior de Educação de Coimbra","CodigoFaculdade":3062,"PercentagemDesemprego":7.2,"TotalDiplomados":4014.0,"TotalDesempregados":289.0},{"NomeFaculdade":"Instituto Politécnico de Coimbra - Instituto Superior de Contabilidade e Administração de Coimbra","CodigoFaculdade":3063,"PercentagemDesemprego":4.8,"TotalDiplomados":4582.0,"TotalDesempregados":220.0},{"NomeFaculdade":"Instituto Politécnico de Coimbra - Instituto Superior de Engenharia de Coimbra","CodigoFaculdade":3064,"PercentagemDesemprego":5.97,"TotalDiplomados":5146.0,"TotalDesempregados":307.0},{"NomeFaculdade":"Instituto Politécnico de Coimbra - Escola Superior de Tecnologia e Gestão de Oliveira do Hospital","CodigoFaculdade":3065,"PercentagemDesemprego":23.36,"TotalDiplomados":107.0,"TotalDesempregados":25.0},{"NomeFaculdade":"Universidade do Algarve - Escola Superior de Educação e Comunicação","CodigoFaculdade":3081,"PercentagemDesemprego":5.24,"TotalDiplomados":2557.0,"TotalDesempregados":134.0},{"NomeFaculdade":"Universidade do Algarve - Escola Superior de Gestão, Hotelaria e Turismo","CodigoFaculdade":3082,"PercentagemDesemprego":4.94,"TotalDiplomados":4635.0,"TotalDesempregados":229.0},{"NomeFaculdade":"Universidade do Algarve - Instituto Superior de Engenharia","CodigoFaculdade":3083,"PercentagemDesemprego":6.49,"TotalDiplomados":3049.0,"TotalDesempregados":198.0},{"NomeFaculdade":"Universidade do Algarve - Escola Superior de Gestão, Hotelaria e Turismo (Portimão)","CodigoFaculdade":3087,"PercentagemDesemprego":3.8,"TotalDiplomados":1368.0,"TotalDesempregados":52.0},{"NomeFaculdade":"Instituto Politécnico da Guarda - Escola Superior de Educação, Comunicação e Desporto","CodigoFaculdade":3091,"PercentagemDesemprego":6.76,"TotalDiplomados":3180.0,"TotalDesempregados":215.0},{"NomeFaculdade":"Instituto Politécnico da Guarda - Escola Superior de Tecnologia e Gestão","CodigoFaculdade":3092,"PercentagemDesemprego":5.87,"TotalDiplomados":3798.0,"TotalDesempregados":223.0},{"NomeFaculdade":"Instituto Politécnico da Guarda - Escola Superior de Turismo e Hotelaria","CodigoFaculdade":3095,"PercentagemDesemprego":16.67,"TotalDiplomados":174.0,"TotalDesempregados":29.0},{"NomeFaculdade":"Instituto Politécnico de Leiria - Escola Superior de Educação e Ciências Sociais","CodigoFaculdade":3101,"PercentagemDesemprego":7.89,"TotalDiplomados":2752.0,"TotalDesempregados":217.0},{"NomeFaculdade":"Instituto Politécnico de Leiria - Escola Superior de Tecnologia e Gestão","CodigoFaculdade":3102,"PercentagemDesemprego":5.7,"TotalDiplomados":7631.0,"TotalDesempregados":435.0},{"NomeFaculdade":"Instituto Politécnico de Leiria - Escola Superior de Artes e Design das Caldas da Rainha","CodigoFaculdade":3103,"PercentagemDesemprego":5.72,"TotalDiplomados":4840.0,"TotalDesempregados":277.0},{"NomeFaculdade":"Instituto Politécnico de Leiria - Escola Superior de Educação de Leiria (Caldas da Rainha)","CodigoFaculdade":3104,"PercentagemDesemprego":0.93,"TotalDiplomados":108.0,"TotalDesempregados":1.0},{"NomeFaculdade":"Instituto Politécnico de Leiria - Escola Superior de Turismo e Tecnologia do Mar de Peniche","CodigoFaculdade":3105,"PercentagemDesemprego":24.29,"TotalDiplomados":564.0,"TotalDesempregados":137.0},{"NomeFaculdade":"Instituto Politécnico de Lisboa - Escola Superior de Dança","CodigoFaculdade":3111,"PercentagemDesemprego":1.29,"TotalDiplomados":388.0,"TotalDesempregados":5.0},{"NomeFaculdade":"Instituto Politécnico de Lisboa - Escola Superior de Educação de Lisboa","CodigoFaculdade":3112,"PercentagemDesemprego":1.97,"TotalDiplomados":863.0,"TotalDesempregados":17.0},{"NomeFaculdade":"Instituto Politécnico de Lisboa - Escola Superior de Comunicação Social","CodigoFaculdade":3113,"PercentagemDesemprego":3.46,"TotalDiplomados":5614.0,"TotalDesempregados":194.0},{"NomeFaculdade":"Instituto Politécnico de Lisboa - Escola Superior de Música","CodigoFaculdade":3114,"PercentagemDesemprego":0.85,"TotalDiplomados":354.0,"TotalDesempregados":3.0},{"NomeFaculdade":"Instituto Politécnico de Lisboa - Escola Superior de Teatro e Cinema","CodigoFaculdade":3116,"PercentagemDesemprego":2.02,"TotalDiplomados":1631.0,"TotalDesempregados":33.0},{"NomeFaculdade":"Instituto Politécnico de Lisboa - Instituto Superior de Contabilidade e Administração de Lisboa","CodigoFaculdade":3117,"PercentagemDesemprego":1.86,"TotalDiplomados":6728.0,"TotalDesempregados":125.0},{"NomeFaculdade":"Instituto Politécnico de Lisboa - Instituto Superior de Engenharia de Lisboa","CodigoFaculdade":3118,"PercentagemDesemprego":5.19,"TotalDiplomados":7324.0,"TotalDesempregados":380.0},{"NomeFaculdade":"Instituto Politécnico de Portalegre - Escola Superior de Educação  e Ciências Sociais","CodigoFaculdade":3121,"PercentagemDesemprego":8.88,"TotalDiplomados":2376.0,"TotalDesempregados":211.0},{"NomeFaculdade":"Instituto Politécnico de Portalegre - Escola Superior de Tecnologia e Gestão","CodigoFaculdade":3122,"PercentagemDesemprego":6.95,"TotalDiplomados":4401.0,"TotalDesempregados":306.0},{"NomeFaculdade":"Instituto Politécnico de Portalegre - Escola Superior Agrária de Elvas","CodigoFaculdade":3123,"PercentagemDesemprego":13.17,"TotalDiplomados":205.0,"TotalDesempregados":27.0},{"NomeFaculdade":"Instituto Politécnico do Porto","CodigoFaculdade":3130,"PercentagemDesemprego":7.12,"TotalDiplomados":337.0,"TotalDesempregados":24.0},{"NomeFaculdade":"Instituto Politécnico do Porto - Escola Superior de Educação","CodigoFaculdade":3131,"PercentagemDesemprego":8.44,"TotalDiplomados":3009.0,"TotalDesempregados":254.0},{"NomeFaculdade":"Instituto Politécnico do Porto - Escola Superior de Música e das Artes do Espectáculo","CodigoFaculdade":3132,"PercentagemDesemprego":4.7,"TotalDiplomados":724.0,"TotalDesempregados":34.0},{"NomeFaculdade":"Instituto Politécnico do Porto - Escola Superior de Estudos Industriais e de Gestão","CodigoFaculdade":3133,"PercentagemDesemprego":8.69,"TotalDiplomados":1680.0,"TotalDesempregados":146.0},{"NomeFaculdade":"Instituto Politécnico do Porto - Instituto Superior de Contabilidade e Administração do Porto","CodigoFaculdade":3134,"PercentagemDesemprego":6.87,"TotalDiplomados":6787.0,"TotalDesempregados":466.0},{"NomeFaculdade":"Instituto Politécnico do Porto - Instituto Superior de Engenharia do Porto","CodigoFaculdade":3135,"PercentagemDesemprego":5.49,"TotalDiplomados":12150.0,"TotalDesempregados":667.0},{"NomeFaculdade":"Instituto Politécnico do Porto - Escola Superior de Estudos Industriais e de Gestão (Vila do Conde)","CodigoFaculdade":3136,"PercentagemDesemprego":1.68,"TotalDiplomados":298.0,"TotalDesempregados":5.0},{"NomeFaculdade":"Instituto Politécnico do Porto - Escola Superior de Estudos Industriais e de Gestão (Póvoa do Varzim)","CodigoFaculdade":3137,"PercentagemDesemprego":1.89,"TotalDiplomados":106.0,"TotalDesempregados":2.0},{"NomeFaculdade":"Instituto Politécnico do Porto - Escola Superior de Tecnologia e Gestão de Felgueiras","CodigoFaculdade":3138,"PercentagemDesemprego":22.27,"TotalDiplomados":247.0,"TotalDesempregados":55.0},{"NomeFaculdade":"Instituto Politécnico de Santarém - Escola Superior Agrária de Santarém","CodigoFaculdade":3141,"PercentagemDesemprego":7.51,"TotalDiplomados":1319.0,"TotalDesempregados":99.0},{"NomeFaculdade":"Instituto Politécnico de Santarém - Escola Superior de Educação de Santarém","CodigoFaculdade":3142,"PercentagemDesemprego":6.89,"TotalDiplomados":1452.0,"TotalDesempregados":100.0},{"NomeFaculdade":"Instituto Politécnico de Santarém - Escola Superior de Gestão e Tecnologia de Santarém","CodigoFaculdade":3143,"PercentagemDesemprego":8.08,"TotalDiplomados":1040.0,"TotalDesempregados":84.0},{"NomeFaculdade":"Instituto Politécnico de Santarém - Escola Superior de Desporto de Rio Maior","CodigoFaculdade":3145,"PercentagemDesemprego":6.62,"TotalDiplomados":786.0,"TotalDesempregados":52.0},{"NomeFaculdade":"Instituto Politécnico de Setúbal - Escola Superior de Educação","CodigoFaculdade":3151,"PercentagemDesemprego":8.52,"TotalDiplomados":822.0,"TotalDesempregados":70.0},{"NomeFaculdade":"Instituto Politécnico de Setúbal - Escola Superior de Tecnologia de Setúbal","CodigoFaculdade":3152,"PercentagemDesemprego":5.59,"TotalDiplomados":1770.0,"TotalDesempregados":99.0},{"NomeFaculdade":"Instituto Politécnico de Setúbal - Escola Superior de Ciências Empresariais","CodigoFaculdade":3153,"PercentagemDesemprego":3.98,"TotalDiplomados":5977.0,"TotalDesempregados":238.0},{"NomeFaculdade":"Instituto Politécnico de Setúbal - Escola Superior de Tecnologia do Barreiro","CodigoFaculdade":3154,"PercentagemDesemprego":7.61,"TotalDiplomados":289.0,"TotalDesempregados":22.0},{"NomeFaculdade":"Instituto Politécnico de Setúbal - Escola Superior de Saúde","CodigoFaculdade":3155,"PercentagemDesemprego":4.19,"TotalDiplomados":477.0,"TotalDesempregados":20.0},{"NomeFaculdade":"Instituto Politécnico de Viana do Castelo - Escola Superior Agrária","CodigoFaculdade":3161,"PercentagemDesemprego":12.58,"TotalDiplomados":318.0,"TotalDesempregados":40.0},{"NomeFaculdade":"Instituto Politécnico de Viana do Castelo - Escola Superior de Educação","CodigoFaculdade":3162,"PercentagemDesemprego":1.9,"TotalDiplomados":894.0,"TotalDesempregados":17.0},{"NomeFaculdade":"Instituto Politécnico de Viana do Castelo - Escola Superior de Tecnologia e Gestão","CodigoFaculdade":3163,"PercentagemDesemprego":7.98,"TotalDiplomados":3872.0,"TotalDesempregados":309.0},{"NomeFaculdade":"Instituto Politécnico de Viana do Castelo - Escola Superior de Ciências Empresariais","CodigoFaculdade":3164,"PercentagemDesemprego":40.63,"TotalDiplomados":32.0,"TotalDesempregados":13.0},{"NomeFaculdade":"Instituto Politécnico de Viseu - Escola Superior de Educação de Viseu","CodigoFaculdade":3181,"PercentagemDesemprego":11.31,"TotalDiplomados":1379.0,"TotalDesempregados":156.0},{"NomeFaculdade":"Instituto Politécnico de Viseu - Escola Superior de Tecnologia e Gestão de Viseu","CodigoFaculdade":3182,"PercentagemDesemprego":7.97,"TotalDiplomados":4817.0,"TotalDesempregados":384.0},{"NomeFaculdade":"Instituto Politécnico de Viseu - Escola Superior de Educação de Viseu (Lamego)","CodigoFaculdade":3183,"PercentagemDesemprego":1.15,"TotalDiplomados":262.0,"TotalDesempregados":3.0},{"NomeFaculdade":"Instituto Politécnico de Viseu - Escola Superior Agrária de Viseu","CodigoFaculdade":3185,"PercentagemDesemprego":11.32,"TotalDiplomados":1034.0,"TotalDesempregados":117.0},{"NomeFaculdade":"Instituto Politécnico de Viseu - Escola Superior de Tecnologia e Gestão de Lamego","CodigoFaculdade":3186,"PercentagemDesemprego":29.66,"TotalDiplomados":327.0,"TotalDesempregados":97.0},{"NomeFaculdade":"Instituto Politécnico de Tomar - Escola Superior de Gestão de Tomar","CodigoFaculdade":3241,"PercentagemDesemprego":5.62,"TotalDiplomados":2671.0,"TotalDesempregados":150.0},{"NomeFaculdade":"Instituto Politécnico de Tomar - Escola Superior de Tecnologia de Tomar","CodigoFaculdade":3242,"PercentagemDesemprego":5.56,"TotalDiplomados":5238.0,"TotalDesempregados":291.0},{"NomeFaculdade":"Instituto Politécnico de Tomar - Escola Superior de Tecnologia de Abrantes","CodigoFaculdade":3243,"PercentagemDesemprego":16.59,"TotalDiplomados":211.0,"TotalDesempregados":35.0},{"NomeFaculdade":"Escola Superior Artística do Porto","CodigoFaculdade":4010,"PercentagemDesemprego":9.97,"TotalDiplomados":602.0,"TotalDesempregados":60.0},{"NomeFaculdade":"Escola Superior Artística de Guimarães","CodigoFaculdade":4011,"PercentagemDesemprego":8.33,"TotalDiplomados":24.0,"TotalDesempregados":2.0},{"NomeFaculdade":"Escola Superior de Actividades Imobiliárias","CodigoFaculdade":4020,"PercentagemDesemprego":4.17,"TotalDiplomados":72.0,"TotalDesempregados":3.0},{"NomeFaculdade":"Escola Superior Gallaecia","CodigoFaculdade":4025,"PercentagemDesemprego":6.09,"TotalDiplomados":115.0,"TotalDesempregados":7.0},{"NomeFaculdade":"Universidade Moderna de Lisboa","CodigoFaculdade":4030,"PercentagemDesemprego":35.71,"TotalDiplomados":28.0,"TotalDesempregados":10.0},{"NomeFaculdade":"Universidade Lusófona do Porto","CodigoFaculdade":4032,"PercentagemDesemprego":28.68,"TotalDiplomados":136.0,"TotalDesempregados":39.0},{"NomeFaculdade":"Escola Superior de Educadores de Infância Maria Ulrich","CodigoFaculdade":4065,"PercentagemDesemprego":2.95,"TotalDiplomados":237.0,"TotalDesempregados":7.0},{"NomeFaculdade":"Escola Superior de Artes Decorativas","CodigoFaculdade":4068,"PercentagemDesemprego":7.05,"TotalDiplomados":922.0,"TotalDesempregados":65.0},{"NomeFaculdade":"Escola Superior de Artes e Design","CodigoFaculdade":4069,"PercentagemDesemprego":9.38,"TotalDiplomados":5168.0,"TotalDesempregados":485.0},{"NomeFaculdade":"Escola Superior de Educação Almeida Garrett","CodigoFaculdade":4074,"PercentagemDesemprego":0.53,"TotalDiplomados":1886.0,"TotalDesempregados":10.0},{"NomeFaculdade":"Escola Superior de Educação de Fafe","CodigoFaculdade":4076,"PercentagemDesemprego":1.51,"TotalDiplomados":1058.0,"TotalDesempregados":16.0},{"NomeFaculdade":"Escola Superior de Educação Jean Piaget de Almada","CodigoFaculdade":4077,"PercentagemDesemprego":1.79,"TotalDiplomados":1954.0,"TotalDesempregados":35.0},{"NomeFaculdade":"Escola Superior de Educação Jean Piaget de Arcozelo","CodigoFaculdade":4078,"PercentagemDesemprego":1.7,"TotalDiplomados":3414.0,"TotalDesempregados":58.0},{"NomeFaculdade":"Escola Superior de Educação Jean Piaget de Nordeste","CodigoFaculdade":4079,"PercentagemDesemprego":1.77,"TotalDiplomados":793.0,"TotalDesempregados":14.0},{"NomeFaculdade":"Escola Superior de Educação de João de Deus","CodigoFaculdade":4080,"PercentagemDesemprego":0.54,"TotalDiplomados":2042.0,"TotalDesempregados":11.0},{"NomeFaculdade":"Escola Superior de Educação Jean Piaget de Arcozelo (Viseu)","CodigoFaculdade":4081,"PercentagemDesemprego":4.21,"TotalDiplomados":903.0,"TotalDesempregados":38.0},{"NomeFaculdade":"Escola Superior de Educação de Paula Frassinetti","CodigoFaculdade":4085,"PercentagemDesemprego":5.4,"TotalDiplomados":2057.0,"TotalDesempregados":111.0},{"NomeFaculdade":"Escola Superior de Enfermagem da Cruz Vermelha Portuguesa de Oliveira de Azeméis","CodigoFaculdade":4089,"PercentagemDesemprego":14.67,"TotalDiplomados":150.0,"TotalDesempregados":22.0},{"NomeFaculdade":"Escola Superior de Saúde da Cruz Vermelha Portuguesa","CodigoFaculdade":4091,"PercentagemDesemprego":7.47,"TotalDiplomados":241.0,"TotalDesempregados":18.0},{"NomeFaculdade":"Escola Superior de Enfermagem da Imaculada Conceição","CodigoFaculdade":4092,"PercentagemDesemprego":1.0,"TotalDiplomados":300.0,"TotalDesempregados":3.0},{"NomeFaculdade":"Escola Superior de Enfermagem Dr. José Timóteo Montalvão Machado","CodigoFaculdade":4093,"PercentagemDesemprego":15.35,"TotalDiplomados":254.0,"TotalDesempregados":39.0},{"NomeFaculdade":"Escola Superior de Educação de Torres Novas","CodigoFaculdade":4095,"PercentagemDesemprego":0.82,"TotalDiplomados":122.0,"TotalDesempregados":1.0},{"NomeFaculdade":"Escola Superior de Enfermagem S. Francisco das Misericórdias","CodigoFaculdade":4096,"PercentagemDesemprego":0.48,"TotalDiplomados":207.0,"TotalDesempregados":1.0},{"NomeFaculdade":"Escola Superior de Enfermagem de Santa Maria","CodigoFaculdade":4097,"PercentagemDesemprego":9.78,"TotalDiplomados":409.0,"TotalDesempregados":40.0},{"NomeFaculdade":"Escola Superior de Saúde Jean Piaget de Nordeste","CodigoFaculdade":4099,"PercentagemDesemprego":11.32,"TotalDiplomados":1405.0,"TotalDesempregados":159.0},{"NomeFaculdade":"Escola Superior de Jornalismo","CodigoFaculdade":4100,"PercentagemDesemprego":4.28,"TotalDiplomados":1729.0,"TotalDesempregados":74.0},{"NomeFaculdade":"Escola Superior de Saúde Jean Piaget de Vila Nova de Gaia","CodigoFaculdade":4101,"PercentagemDesemprego":24.11,"TotalDiplomados":535.0,"TotalDesempregados":129.0},{"NomeFaculdade":"Escola Superior de Saúde Jean Piaget de Algarve","CodigoFaculdade":4102,"PercentagemDesemprego":11.6,"TotalDiplomados":250.0,"TotalDesempregados":29.0},{"NomeFaculdade":"Escola Superior de Saúde Jean Piaget de Viseu","CodigoFaculdade":4103,"PercentagemDesemprego":6.82,"TotalDiplomados":763.0,"TotalDesempregados":52.0},{"NomeFaculdade":"Escola Superior de Saúde Ribeiro Sanches","CodigoFaculdade":4104,"PercentagemDesemprego":11.52,"TotalDiplomados":243.0,"TotalDesempregados":28.0},{"NomeFaculdade":"Escola Superior de Saúde do Alcoitão","CodigoFaculdade":4105,"PercentagemDesemprego":1.66,"TotalDiplomados":1563.0,"TotalDesempregados":26.0},{"NomeFaculdade":"Escola Superior de Saúde Egas Moniz","CodigoFaculdade":4106,"PercentagemDesemprego":4.97,"TotalDiplomados":2838.0,"TotalDesempregados":141.0},{"NomeFaculdade":"CESPU-Instituto Politécnico de Saúde do Norte - Escola Superior de Saúde do Vale do Ave","CodigoFaculdade":4108,"PercentagemDesemprego":10.96,"TotalDiplomados":1588.0,"TotalDesempregados":174.0},{"NomeFaculdade":"CESPU-Instituto Politécnico de Saúde do Norte - Escola Superior de Saúde do Vale do Sousa","CodigoFaculdade":4109,"PercentagemDesemprego":5.84,"TotalDiplomados":2807.0,"TotalDesempregados":164.0},{"NomeFaculdade":"Escola Superior de Design","CodigoFaculdade":4111,"PercentagemDesemprego":4.87,"TotalDiplomados":226.0,"TotalDesempregados":11.0},{"NomeFaculdade":"Escola Superior de Marketing e Publicidade","CodigoFaculdade":4112,"PercentagemDesemprego":13.57,"TotalDiplomados":140.0,"TotalDesempregados":19.0},{"NomeFaculdade":"Escola Superior de Tecnologias de Fafe","CodigoFaculdade":4115,"PercentagemDesemprego":8.96,"TotalDiplomados":279.0,"TotalDesempregados":25.0},{"NomeFaculdade":"Escola Universitária das Artes de Coimbra","CodigoFaculdade":4120,"PercentagemDesemprego":25.1,"TotalDiplomados":251.0,"TotalDesempregados":63.0},{"NomeFaculdade":"Escola Superior de Tecnologias e Artes de Lisboa","CodigoFaculdade":4125,"PercentagemDesemprego":3.84,"TotalDiplomados":834.0,"TotalDesempregados":32.0},{"NomeFaculdade":"Escola Universitária Vasco da Gama","CodigoFaculdade":4126,"PercentagemDesemprego":60.0,"TotalDiplomados":10.0,"TotalDesempregados":6.0},{"NomeFaculdade":"Instituto de Estudos Superiores de Contabilidade","CodigoFaculdade":4127,"PercentagemDesemprego":1.25,"TotalDiplomados":962.0,"TotalDesempregados":12.0},{"NomeFaculdade":"Instituto de Estudos Superiores Financeiros e Fiscais (Lisboa)","CodigoFaculdade":4140,"PercentagemDesemprego":3.92,"TotalDiplomados":51.0,"TotalDesempregados":2.0},{"NomeFaculdade":"Instituto de Estudos Superiores Financeiros e Fiscais (Porto)","CodigoFaculdade":4141,"PercentagemDesemprego":5.96,"TotalDiplomados":453.0,"TotalDesempregados":27.0},{"NomeFaculdade":"Instituto Superior de Novas Profissões","CodigoFaculdade":4150,"PercentagemDesemprego":22.75,"TotalDiplomados":167.0,"TotalDesempregados":38.0},{"NomeFaculdade":"Instituto Português de Administração de Marketing do Porto","CodigoFaculdade":4155,"PercentagemDesemprego":4.78,"TotalDiplomados":3873.0,"TotalDesempregados":185.0},{"NomeFaculdade":"Instituto Português de Administração de Marketing de Lisboa","CodigoFaculdade":4156,"PercentagemDesemprego":4.41,"TotalDiplomados":4604.0,"TotalDesempregados":203.0},{"NomeFaculdade":"Instituto Português de Administração de Marketing de Aveiro","CodigoFaculdade":4157,"PercentagemDesemprego":5.47,"TotalDiplomados":1188.0,"TotalDesempregados":65.0},{"NomeFaculdade":"Instituto Português de Estudos Superiores","CodigoFaculdade":4159,"PercentagemDesemprego":5.63,"TotalDiplomados":142.0,"TotalDesempregados":8.0},{"NomeFaculdade":"Instituto Superior Autónomo de Estudos Politécnicos","CodigoFaculdade":4160,"PercentagemDesemprego":2.19,"TotalDiplomados":1959.0,"TotalDesempregados":43.0},{"NomeFaculdade":"Instituto Superior de Administração, Comunicação e Empresa","CodigoFaculdade":4170,"PercentagemDesemprego":6.15,"TotalDiplomados":65.0,"TotalDesempregados":4.0},{"NomeFaculdade":"Instituto Superior de Administração e Gestão","CodigoFaculdade":4200,"PercentagemDesemprego":5.02,"TotalDiplomados":2632.0,"TotalDesempregados":132.0},{"NomeFaculdade":"Instituto Superior de Administração e Línguas","CodigoFaculdade":4220,"PercentagemDesemprego":7.62,"TotalDiplomados":105.0,"TotalDesempregados":8.0},{"NomeFaculdade":"Instituto Superior de Assistentes e Intérpretes","CodigoFaculdade":4250,"PercentagemDesemprego":2.49,"TotalDiplomados":2212.0,"TotalDesempregados":55.0},{"NomeFaculdade":"Instituto Superior Bissaya Barreto","CodigoFaculdade":4255,"PercentagemDesemprego":4.76,"TotalDiplomados":42.0,"TotalDesempregados":2.0},{"NomeFaculdade":"Instituto Superior de Ciências da Saúde Egas Moniz","CodigoFaculdade":4260,"PercentagemDesemprego":4.86,"TotalDiplomados":185.0,"TotalDesempregados":9.0},{"NomeFaculdade":"Instituto Universitário de Ciências da Saúde","CodigoFaculdade":4261,"PercentagemDesemprego":9.76,"TotalDiplomados":82.0,"TotalDesempregados":8.0},{"NomeFaculdade":"Instituto Superior de Ciências Educativas","CodigoFaculdade":4270,"PercentagemDesemprego":2.05,"TotalDiplomados":1461.0,"TotalDesempregados":30.0},{"NomeFaculdade":"Instituto Superior de Ciências Educativas do Douro","CodigoFaculdade":4271,"PercentagemDesemprego":2.65,"TotalDiplomados":566.0,"TotalDesempregados":15.0},{"NomeFaculdade":"Instituto Superior de Ciências Educativas de Mangualde","CodigoFaculdade":4272,"PercentagemDesemprego":2.52,"TotalDiplomados":119.0,"TotalDesempregados":3.0},{"NomeFaculdade":"Instituto Superior de Ciências da Administração","CodigoFaculdade":4275,"PercentagemDesemprego":7.14,"TotalDiplomados":252.0,"TotalDesempregados":18.0},{"NomeFaculdade":"Instituto Superior de Ciências da Informação e da Administração","CodigoFaculdade":4277,"PercentagemDesemprego":8.46,"TotalDiplomados":319.0,"TotalDesempregados":27.0},{"NomeFaculdade":"Instituto Superior de Ciências Empresariais e do Turismo","CodigoFaculdade":4280,"PercentagemDesemprego":9.79,"TotalDiplomados":960.0,"TotalDesempregados":94.0},{"NomeFaculdade":"Instituto Superior de Entre Douro e Vouga","CodigoFaculdade":4283,"PercentagemDesemprego":9.54,"TotalDiplomados":681.0,"TotalDesempregados":65.0},{"NomeFaculdade":"Instituto Superior D. Afonso III","CodigoFaculdade":4290,"PercentagemDesemprego":7.63,"TotalDiplomados":118.0,"TotalDesempregados":9.0},{"NomeFaculdade":"Instituto Superior D. Dinis","CodigoFaculdade":4292,"PercentagemDesemprego":10.71,"TotalDiplomados":56.0,"TotalDesempregados":6.0},{"NomeFaculdade":"Instituto Superior de Comunicação Empresarial","CodigoFaculdade":4295,"PercentagemDesemprego":6.49,"TotalDiplomados":154.0,"TotalDesempregados":10.0},{"NomeFaculdade":"Instituto Superior de Educação e Ciências","CodigoFaculdade":4298,"PercentagemDesemprego":1.4,"TotalDiplomados":1218.0,"TotalDesempregados":17.0},{"NomeFaculdade":"Instituto Superior de Educação e Trabalho","CodigoFaculdade":4299,"PercentagemDesemprego":0.34,"TotalDiplomados":297.0,"TotalDesempregados":1.0},{"NomeFaculdade":"Instituto Superior de Gestão","CodigoFaculdade":4300,"PercentagemDesemprego":11.54,"TotalDiplomados":26.0,"TotalDesempregados":3.0},{"NomeFaculdade":"Instituto Superior de Espinho","CodigoFaculdade":4303,"PercentagemDesemprego":27.27,"TotalDiplomados":11.0,"TotalDesempregados":3.0},{"NomeFaculdade":"Instituto Superior de Gestão Bancária","CodigoFaculdade":4305,"PercentagemDesemprego":0.75,"TotalDiplomados":2676.0,"TotalDesempregados":20.0},{"NomeFaculdade":"Instituto Superior de Estudos Interculturais e Transdisciplinares de Almada","CodigoFaculdade":4306,"PercentagemDesemprego":2.16,"TotalDiplomados":278.0,"TotalDesempregados":6.0},{"NomeFaculdade":"Instituto Superior de Estudos Interculturais e Transdisciplinares - Mirandela","CodigoFaculdade":4307,"PercentagemDesemprego":133.33,"TotalDiplomados":3.0,"TotalDesempregados":4.0},{"NomeFaculdade":"Instituto Superior de Estudos Interculturais e Transdisciplinares de Viseu","CodigoFaculdade":4308,"PercentagemDesemprego":11.6,"TotalDiplomados":293.0,"TotalDesempregados":34.0},{"NomeFaculdade":"Escola Superior de Tecnologia e Gestão Jean Piaget do Litoral Alentejano","CodigoFaculdade":4309,"PercentagemDesemprego":36.84,"TotalDiplomados":19.0,"TotalDesempregados":7.0},{"NomeFaculdade":"Universidade Europeia","CodigoFaculdade":4350,"PercentagemDesemprego":19.57,"TotalDiplomados":46.0,"TotalDesempregados":9.0},{"NomeFaculdade":"Instituto Superior de Línguas e Administração de Bragança","CodigoFaculdade":4351,"PercentagemDesemprego":7.32,"TotalDiplomados":41.0,"TotalDesempregados":3.0},{"NomeFaculdade":"ISLA - Instituto Superior de Gestão e Administração de Santarém","CodigoFaculdade":4352,"PercentagemDesemprego":7.69,"TotalDiplomados":39.0,"TotalDesempregados":3.0},{"NomeFaculdade":"Instituto Superior de Línguas e Administração de Vila Nova de Gaia","CodigoFaculdade":4353,"PercentagemDesemprego":8.16,"TotalDiplomados":98.0,"TotalDesempregados":8.0},{"NomeFaculdade":"Instituto Superior de Gestão e Administração de Leiria","CodigoFaculdade":4354,"PercentagemDesemprego":17.86,"TotalDiplomados":28.0,"TotalDesempregados":5.0},{"NomeFaculdade":"Instituto Universitário da Maia - ISMAI","CodigoFaculdade":4358,"PercentagemDesemprego":4.94,"TotalDiplomados":4617.0,"TotalDesempregados":228.0},{"NomeFaculdade":"Instituto Superior Manuel Teixeira Gomes","CodigoFaculdade":4375,"PercentagemDesemprego":17.39,"TotalDiplomados":23.0,"TotalDesempregados":4.0},{"NomeFaculdade":"Instituto Superior de Paços de Brandão","CodigoFaculdade":4380,"PercentagemDesemprego":7.27,"TotalDiplomados":880.0,"TotalDesempregados":64.0},{"NomeFaculdade":"Instituto Superior Politécnico do Oeste","CodigoFaculdade":4385,"PercentagemDesemprego":8.33,"TotalDiplomados":36.0,"TotalDesempregados":3.0},{"NomeFaculdade":"Instituto Superior Politécnico Internacional","CodigoFaculdade":4425,"PercentagemDesemprego":7.43,"TotalDiplomados":2086.0,"TotalDesempregados":155.0},{"NomeFaculdade":"Instituto Superior Politécnico Gaya - Escola Superior de Desenvolvimento Social e Comunitário","CodigoFaculdade":4441,"PercentagemDesemprego":6.51,"TotalDiplomados":538.0,"TotalDesempregados":35.0},{"NomeFaculdade":"Instituto Superior Politécnico Gaya - Escola Superior de Ciência e Tecnologia","CodigoFaculdade":4442,"PercentagemDesemprego":2.46,"TotalDiplomados":1826.0,"TotalDesempregados":45.0},{"NomeFaculdade":"ISPA-Instituto Universitário de Ciências Psicológicas, Sociais e da Vida","CodigoFaculdade":4450,"PercentagemDesemprego":13.8,"TotalDiplomados":1500.0,"TotalDesempregados":207.0},{"NomeFaculdade":"Instituto Superior de Saúde do Alto Ave","CodigoFaculdade":4460,"PercentagemDesemprego":13.98,"TotalDiplomados":966.0,"TotalDesempregados":135.0},{"NomeFaculdade":"Instituto Superior Miguel Torga","CodigoFaculdade":4500,"PercentagemDesemprego":16.67,"TotalDiplomados":210.0,"TotalDesempregados":35.0},{"NomeFaculdade":"Instituto Superior de Tecnologias Avançadas de Lisboa","CodigoFaculdade":4530,"PercentagemDesemprego":2.87,"TotalDiplomados":905.0,"TotalDesempregados":26.0},{"NomeFaculdade":"Instituto Superior de Tecnologias Avançadas de Lisboa (Porto)","CodigoFaculdade":4531,"PercentagemDesemprego":4.13,"TotalDiplomados":315.0,"TotalDesempregados":13.0},{"NomeFaculdade":"Universidade de Lisboa - Faculdade de Belas-Artes","CodigoFaculdade":5302,"PercentagemDesemprego":15.79,"TotalDiplomados":152.0,"TotalDesempregados":24.0},{"NomeFaculdade":"Universidade do Porto - Faculdade de Belas Artes","CodigoFaculdade":5402,"PercentagemDesemprego":9.0,"TotalDiplomados":100.0,"TotalDesempregados":9.0},{"NomeFaculdade":"Universidade de Lisboa - Faculdade de Medicina Dentária","CodigoFaculdade":6600,"PercentagemDesemprego":9.09,"TotalDiplomados":165.0,"TotalDesempregados":15.0},{"NomeFaculdade":"ISCTE - Instituto Universitário de Lisboa","CodigoFaculdade":6800,"PercentagemDesemprego":6.75,"TotalDiplomados":2001.0,"TotalDesempregados":135.0},{"NomeFaculdade":"Escola Superior de Enfermagem de Coimbra","CodigoFaculdade":7001,"PercentagemDesemprego":5.34,"TotalDiplomados":1946.0,"TotalDesempregados":104.0},{"NomeFaculdade":"Escola Superior de Enfermagem de Lisboa","CodigoFaculdade":7002,"PercentagemDesemprego":1.28,"TotalDiplomados":1326.0,"TotalDesempregados":17.0},{"NomeFaculdade":"Escola Superior de Enfermagem do Porto","CodigoFaculdade":7003,"PercentagemDesemprego":61.78,"TotalDiplomados":191.0,"TotalDesempregados":118.0},{"NomeFaculdade":"Instituto Politécnico de Beja - Escola Superior de Saúde","CodigoFaculdade":7005,"PercentagemDesemprego":21.88,"TotalDiplomados":32.0,"TotalDesempregados":7.0},{"NomeFaculdade":"Universidade do Minho - Escola Superior de Enfermagem","CodigoFaculdade":7010,"PercentagemDesemprego":16.4,"TotalDiplomados":189.0,"TotalDesempregados":31.0},{"NomeFaculdade":"Instituto Politécnico de Bragança - Escola Superior de Saúde de Bragança","CodigoFaculdade":7015,"PercentagemDesemprego":26.69,"TotalDiplomados":326.0,"TotalDesempregados":87.0},{"NomeFaculdade":"Instituto Politécnico de Castelo Branco - Escola Superior de Saúde Dr. Lopes Dias","CodigoFaculdade":7020,"PercentagemDesemprego":7.04,"TotalDiplomados":625.0,"TotalDesempregados":44.0},{"NomeFaculdade":"Universidade do Algarve - Escola Superior de Saúde","CodigoFaculdade":7035,"PercentagemDesemprego":14.55,"TotalDiplomados":165.0,"TotalDesempregados":24.0},{"NomeFaculdade":"Instituto Politécnico de Leiria - Escola Superior de Saúde de Leiria","CodigoFaculdade":7045,"PercentagemDesemprego":6.64,"TotalDiplomados":286.0,"TotalDesempregados":19.0},{"NomeFaculdade":"Instituto Politécnico de Portalegre - Escola Superior de Saúde de Portalegre","CodigoFaculdade":7055,"PercentagemDesemprego":5.78,"TotalDiplomados":173.0,"TotalDesempregados":10.0},{"NomeFaculdade":"Instituto Politécnico de Santarém - Escola Superior de Saúde de Santarém","CodigoFaculdade":7065,"PercentagemDesemprego":13.95,"TotalDiplomados":43.0,"TotalDesempregados":6.0},{"NomeFaculdade":"Instituto Politécnico de Viana do Castelo - Escola Superior de Saúde de Viana do Castelo","CodigoFaculdade":7075,"PercentagemDesemprego":6.85,"TotalDiplomados":365.0,"TotalDesempregados":25.0},{"NomeFaculdade":"Universidade de Trás-os-Montes e Alto Douro - Escola Superior de Enfermagem de Vila Real","CodigoFaculdade":7080,"PercentagemDesemprego":8.17,"TotalDiplomados":367.0,"TotalDesempregados":30.0},{"NomeFaculdade":"Instituto Politécnico de Viseu - Escola Superior de Saúde de Viseu","CodigoFaculdade":7085,"PercentagemDesemprego":14.96,"TotalDiplomados":274.0,"TotalDesempregados":41.0},{"NomeFaculdade":"Escola Superior Náutica Infante D. Henrique","CodigoFaculdade":7105,"PercentagemDesemprego":4.7,"TotalDiplomados":617.0,"TotalDesempregados":29.0},{"NomeFaculdade":"Escola Superior de Hotelaria e Turismo do Estoril","CodigoFaculdade":7110,"PercentagemDesemprego":5.25,"TotalDiplomados":2382.0,"TotalDesempregados":125.0},{"NomeFaculdade":"Instituto Politécnico de Coimbra - Escola Superior de Tecnologia da Saúde de Coimbra","CodigoFaculdade":7210,"PercentagemDesemprego":3.97,"TotalDiplomados":2823.0,"TotalDesempregados":112.0},{"NomeFaculdade":"Instituto Politécnico de Lisboa - Escola Superior de Tecnologia da Saúde de Lisboa","CodigoFaculdade":7220,"PercentagemDesemprego":2.48,"TotalDiplomados":6044.0,"TotalDesempregados":150.0},{"NomeFaculdade":"Instituto Politécnico do Porto - Escola Superior de Tecnologia da Saúde do Porto","CodigoFaculdade":7230,"PercentagemDesemprego":3.87,"TotalDiplomados":3748.0,"TotalDesempregados":145.0},{"NomeFaculdade":"Escola do Serviço de Saúde Militar","CodigoFaculdade":7540,"PercentagemDesemprego":0.63,"TotalDiplomados":159.0,"TotalDesempregados":1.0}]}