{"data":[{"NomeFaculdade":"Academia Militar","CodigoFaculdade":7510,"PercentagemDesemprego":2.56,"TotalDiplomados":39,"TotalDesempregados":1},{"NomeFaculdade":"CESPU-Instituto Politécnico de Saúde do Norte - Escola Superior de Saúde do Vale do Ave","CodigoFaculdade":73944,"PercentagemDesemprego":14.29,"TotalDiplomados":2254,"TotalDesempregados":322},{"NomeFaculdade":"CESPU-Instituto Politécnico de Saúde do Norte - Escola Superior de Saúde do Vale do Sousa","CodigoFaculdade":57526,"PercentagemDesemprego":8.88,"TotalDiplomados":2659,"TotalDesempregados":236},{"NomeFaculdade":"DINENSINO-Ensino, Desenvolvimento e Cooperação, CRL (Beja)","CodigoFaculdade":20165,"PercentagemDesemprego":3.02,"TotalDiplomados":496,"TotalDesempregados":15},{"NomeFaculdade":"DINENSINO-Ensino, Desenvolvimento e Cooperação, CRL (Setúbal)","CodigoFaculdade":16124,"PercentagemDesemprego":2.28,"TotalDiplomados":439,"TotalDesempregados":10},{"NomeFaculdade":"Escola do Serviço de Saúde Militar","CodigoFaculdade":7540,"PercentagemDesemprego":3.77,"TotalDiplomados":159,"TotalDesempregados":6},{"NomeFaculdade":"Escola Superior Artística do Porto","CodigoFaculdade":80200,"PercentagemDesemprego":16.85,"TotalDiplomados":1395,"TotalDesempregados":235},{"NomeFaculdade":"Escola Superior Artística do Porto (Guimarães)","CodigoFaculdade":16044,"PercentagemDesemprego":25.84,"TotalDiplomados":89,"TotalDesempregados":23},{"NomeFaculdade":"Escola Superior de Actividades Imobiliárias","CodigoFaculdade":8040,"PercentagemDesemprego":8.0,"TotalDiplomados":200,"TotalDesempregados":16},{"NomeFaculdade":"Escola Superior de Artes Decorativas","CodigoFaculdade":12204,"PercentagemDesemprego":12.53,"TotalDiplomados":415,"TotalDesempregados":52},{"NomeFaculdade":"Escola Superior de Artes e Design","CodigoFaculdade":32552,"PercentagemDesemprego":13.98,"TotalDiplomados":4348,"TotalDesempregados":608},{"NomeFaculdade":"Escola Superior de Design","CodigoFaculdade":24666,"PercentagemDesemprego":4.89,"TotalDiplomados":3271,"TotalDesempregados":160},{"NomeFaculdade":"Escola Superior de Educadores de Infância Maria Ulrich","CodigoFaculdade":20325,"PercentagemDesemprego":7.44,"TotalDiplomados":1143,"TotalDesempregados":85},{"NomeFaculdade":"Escola Superior de Educação de Almeida Garrett","CodigoFaculdade":48888,"PercentagemDesemprego":6.0,"TotalDiplomados":1500,"TotalDesempregados":90},{"NomeFaculdade":"Escola Superior de Educação de Fafe","CodigoFaculdade":57064,"PercentagemDesemprego":17.07,"TotalDiplomados":2062,"TotalDesempregados":352},{"NomeFaculdade":"Escola Superior de Educação de João de Deus","CodigoFaculdade":36720,"PercentagemDesemprego":4.92,"TotalDiplomados":2563,"TotalDesempregados":126},{"NomeFaculdade":"Escola Superior de Educação de Paula Frassinetti","CodigoFaculdade":49020,"PercentagemDesemprego":13.82,"TotalDiplomados":2330,"TotalDesempregados":322},{"NomeFaculdade":"Escola Superior de Educação de Santa Maria","CodigoFaculdade":4090,"PercentagemDesemprego":13.76,"TotalDiplomados":356,"TotalDesempregados":49},{"NomeFaculdade":"Escola Superior de Educação de Torres Novas","CodigoFaculdade":16380,"PercentagemDesemprego":18.09,"TotalDiplomados":586,"TotalDesempregados":106},{"NomeFaculdade":"Escola Superior de Educação Jean Piaget - Nordeste","CodigoFaculdade":40790,"PercentagemDesemprego":16.63,"TotalDiplomados":1299,"TotalDesempregados":216},{"NomeFaculdade":"Escola Superior de Educação Jean Piaget de Almada","CodigoFaculdade":97848,"PercentagemDesemprego":11.99,"TotalDiplomados":3262,"TotalDesempregados":391},{"NomeFaculdade":"Escola Superior de Educação Jean Piaget de Arcozelo","CodigoFaculdade":101950,"PercentagemDesemprego":14.05,"TotalDiplomados":4682,"TotalDesempregados":658},{"NomeFaculdade":"Escola Superior de Educação Jean Piaget de Arcozelo (Viseu)","CodigoFaculdade":57134,"PercentagemDesemprego":15.91,"TotalDiplomados":987,"TotalDesempregados":157},{"NomeFaculdade":"Escola Superior de Enfermagem da Cruz Vermelha Portuguesa de Oliveira de Azeméis","CodigoFaculdade":8178,"PercentagemDesemprego":11.51,"TotalDiplomados":304,"TotalDesempregados":35},{"NomeFaculdade":"Escola Superior de Enfermagem da Imaculada Conceição","CodigoFaculdade":4092,"PercentagemDesemprego":0.33,"TotalDiplomados":300,"TotalDesempregados":1},{"NomeFaculdade":"Escola Superior de Enfermagem de Coimbra","CodigoFaculdade":14002,"PercentagemDesemprego":10.93,"TotalDiplomados":1620,"TotalDesempregados":177},{"NomeFaculdade":"Escola Superior de Enfermagem de D. Ana Guedes","CodigoFaculdade":7062,"PercentagemDesemprego":0.56,"TotalDiplomados":180,"TotalDesempregados":1},{"NomeFaculdade":"Escola Superior de Enfermagem de Lisboa","CodigoFaculdade":14004,"PercentagemDesemprego":7.9,"TotalDiplomados":1164,"TotalDesempregados":92},{"NomeFaculdade":"Escola Superior de Enfermagem de Santa Maria","CodigoFaculdade":8194,"PercentagemDesemprego":9.4,"TotalDiplomados":617,"TotalDesempregados":58},{"NomeFaculdade":"Escola Superior de Enfermagem de São João","CodigoFaculdade":7061,"PercentagemDesemprego":0.21,"TotalDiplomados":481,"TotalDesempregados":1},{"NomeFaculdade":"Escola Superior de Enfermagem do Porto","CodigoFaculdade":7003,"PercentagemDesemprego":16.18,"TotalDiplomados":884,"TotalDesempregados":143},{"NomeFaculdade":"Escola Superior de Enfermagem Dr. José Timóteo Montalvão Machado","CodigoFaculdade":8186,"PercentagemDesemprego":12.36,"TotalDiplomados":364,"TotalDesempregados":45},{"NomeFaculdade":"Escola Superior de Enfermagem S. Francisco das Misericórdias","CodigoFaculdade":8192,"PercentagemDesemprego":3.85,"TotalDiplomados":286,"TotalDesempregados":11},{"NomeFaculdade":"Escola Superior de Hotelaria e Turismo do Estoril","CodigoFaculdade":113760,"PercentagemDesemprego":5.62,"TotalDiplomados":2422,"TotalDesempregados":136},{"NomeFaculdade":"Escola Superior de Jornalismo","CodigoFaculdade":16400,"PercentagemDesemprego":5.52,"TotalDiplomados":688,"TotalDesempregados":38},{"NomeFaculdade":"Escola Superior de Marketing e Publicidade","CodigoFaculdade":20560,"PercentagemDesemprego":7.82,"TotalDiplomados":1292,"TotalDesempregados":101},{"NomeFaculdade":"Escola Superior de Saúde da Cruz Vermelha Portuguesa","CodigoFaculdade":24546,"PercentagemDesemprego":11.84,"TotalDiplomados":549,"TotalDesempregados":65},{"NomeFaculdade":"Escola Superior de Saúde do Alcoitão","CodigoFaculdade":36945,"PercentagemDesemprego":3.29,"TotalDiplomados":2100,"TotalDesempregados":69},{"NomeFaculdade":"Escola Superior de Saúde Egas Moniz","CodigoFaculdade":110862,"PercentagemDesemprego":6.48,"TotalDiplomados":3969,"TotalDesempregados":257},{"NomeFaculdade":"Escola Superior de Saúde Jean Piaget - Algarve","CodigoFaculdade":28714,"PercentagemDesemprego":8.45,"TotalDiplomados":509,"TotalDesempregados":43},{"NomeFaculdade":"Escola Superior de Saúde Jean Piaget de Vila Nova de Gaia","CodigoFaculdade":49212,"PercentagemDesemprego":17.57,"TotalDiplomados":1298,"TotalDesempregados":228},{"NomeFaculdade":"Escola Superior de Saúde Jean Piaget de Viseu","CodigoFaculdade":8206,"PercentagemDesemprego":4.39,"TotalDiplomados":1140,"TotalDesempregados":50},{"NomeFaculdade":"Escola Superior de Saúde Jean Piaget\/Nordeste","CodigoFaculdade":49188,"PercentagemDesemprego":6.89,"TotalDiplomados":2294,"TotalDesempregados":158},{"NomeFaculdade":"Escola Superior de Saúde Ribeiro Sanches","CodigoFaculdade":28728,"PercentagemDesemprego":7.8,"TotalDiplomados":628,"TotalDesempregados":49},{"NomeFaculdade":"Escola Superior de Tecnologias de Fafe","CodigoFaculdade":32920,"PercentagemDesemprego":14.85,"TotalDiplomados":431,"TotalDesempregados":64},{"NomeFaculdade":"Escola Superior de Tecnologias e Artes de Lisboa","CodigoFaculdade":20625,"PercentagemDesemprego":11.52,"TotalDiplomados":408,"TotalDesempregados":47},{"NomeFaculdade":"Escola Superior Gallaecia","CodigoFaculdade":12075,"PercentagemDesemprego":6.04,"TotalDiplomados":149,"TotalDesempregados":9},{"NomeFaculdade":"Escola Superior Náutica Infante D. Henrique","CodigoFaculdade":85260,"PercentagemDesemprego":4.79,"TotalDiplomados":751,"TotalDesempregados":36},{"NomeFaculdade":"Escola Universitária das Artes de Coimbra","CodigoFaculdade":53560,"PercentagemDesemprego":15.07,"TotalDiplomados":949,"TotalDesempregados":143},{"NomeFaculdade":"Escola Universitária Vasco da Gama","CodigoFaculdade":24756,"PercentagemDesemprego":9.3,"TotalDiplomados":258,"TotalDesempregados":24},{"NomeFaculdade":"Instituto de Estudos Superiores de Contabilidade","CodigoFaculdade":8254,"PercentagemDesemprego":2.13,"TotalDiplomados":470,"TotalDesempregados":10},{"NomeFaculdade":"Instituto de Estudos Superiores Financeiros e Fiscais (Porto)","CodigoFaculdade":16564,"PercentagemDesemprego":16.15,"TotalDiplomados":260,"TotalDesempregados":42},{"NomeFaculdade":"Instituto Militar dos Pupilos do Exército-Secção de Ens. Superior","CodigoFaculdade":7620,"PercentagemDesemprego":2.22,"TotalDiplomados":45,"TotalDesempregados":1},{"NomeFaculdade":"Instituto Politécnico da Guarda - Escola Superior de Educação, Comunicação e Desporto","CodigoFaculdade":77275,"PercentagemDesemprego":11.23,"TotalDiplomados":3730,"TotalDesempregados":419},{"NomeFaculdade":"Instituto Politécnico da Guarda - Escola Superior de Saúde da Guarda","CodigoFaculdade":14080,"PercentagemDesemprego":55.08,"TotalDiplomados":118,"TotalDesempregados":65},{"NomeFaculdade":"Instituto Politécnico da Guarda - Escola Superior de Tecnologia e Gestão","CodigoFaculdade":117496,"PercentagemDesemprego":9.79,"TotalDiplomados":4466,"TotalDesempregados":437},{"NomeFaculdade":"Instituto Politécnico da Guarda - Escola Superior de Turismo e Hotelaria","CodigoFaculdade":12380,"PercentagemDesemprego":17.47,"TotalDiplomados":332,"TotalDesempregados":58},{"NomeFaculdade":"Instituto Politécnico de Beja - Escola Superior Agrária","CodigoFaculdade":57399,"PercentagemDesemprego":11.21,"TotalDiplomados":1534,"TotalDesempregados":172},{"NomeFaculdade":"Instituto Politécnico de Beja - Escola Superior de Educação","CodigoFaculdade":75550,"PercentagemDesemprego":20.33,"TotalDiplomados":1972,"TotalDesempregados":401},{"NomeFaculdade":"Instituto Politécnico de Beja - Escola Superior de Saúde","CodigoFaculdade":14010,"PercentagemDesemprego":15.98,"TotalDiplomados":169,"TotalDesempregados":27},{"NomeFaculdade":"Instituto Politécnico de Beja - Escola Superior de Tecnologia e de Gestão","CodigoFaculdade":60460,"PercentagemDesemprego":13.77,"TotalDiplomados":1707,"TotalDesempregados":235},{"NomeFaculdade":"Instituto Politécnico de Bragança - Escola Superior Agrária de Bragança","CodigoFaculdade":72984,"PercentagemDesemprego":11.87,"TotalDiplomados":2064,"TotalDesempregados":245},{"NomeFaculdade":"Instituto Politécnico de Bragança - Escola Superior de Comunicação, Administração e Turismo de Mirandela","CodigoFaculdade":45675,"PercentagemDesemprego":23.59,"TotalDiplomados":835,"TotalDesempregados":197},{"NomeFaculdade":"Instituto Politécnico de Bragança - Escola Superior de Educação de Bragança","CodigoFaculdade":85176,"PercentagemDesemprego":22.48,"TotalDiplomados":2700,"TotalDesempregados":607},{"NomeFaculdade":"Instituto Politécnico de Bragança - Escola Superior de Saúde de Bragança","CodigoFaculdade":63135,"PercentagemDesemprego":29.31,"TotalDiplomados":754,"TotalDesempregados":221},{"NomeFaculdade":"Instituto Politécnico de Bragança - Escola Superior de Tecnologia e de Gestão de Bragança","CodigoFaculdade":121720,"PercentagemDesemprego":12.17,"TotalDiplomados":3459,"TotalDesempregados":421},{"NomeFaculdade":"Instituto Politécnico de Castelo Branco - Escola Superior Agrária de Castelo Branco","CodigoFaculdade":54918,"PercentagemDesemprego":11.25,"TotalDiplomados":2062,"TotalDesempregados":232},{"NomeFaculdade":"Instituto Politécnico de Castelo Branco - Escola Superior de Artes Aplicadas de Castelo Branco","CodigoFaculdade":30550,"PercentagemDesemprego":15.91,"TotalDiplomados":792,"TotalDesempregados":126},{"NomeFaculdade":"Instituto Politécnico de Castelo Branco - Escola Superior de Educação de Castelo Branco","CodigoFaculdade":57988,"PercentagemDesemprego":17.14,"TotalDiplomados":2100,"TotalDesempregados":360},{"NomeFaculdade":"Instituto Politécnico de Castelo Branco - Escola Superior de Gestão de Idanha-a-Nova","CodigoFaculdade":42756,"PercentagemDesemprego":10.67,"TotalDiplomados":1808,"TotalDesempregados":193},{"NomeFaculdade":"Instituto Politécnico de Castelo Branco - Escola Superior de Saúde Dr. Lopes Dias","CodigoFaculdade":70200,"PercentagemDesemprego":10.0,"TotalDiplomados":1030,"TotalDesempregados":103},{"NomeFaculdade":"Instituto Politécnico de Castelo Branco - Escola Superior de Tecnologia de Castelo Branco","CodigoFaculdade":64113,"PercentagemDesemprego":10.83,"TotalDiplomados":2003,"TotalDesempregados":217},{"NomeFaculdade":"Instituto Politécnico de Coimbra - Escola Superior Agrária de Coimbra","CodigoFaculdade":67342,"PercentagemDesemprego":10.69,"TotalDiplomados":2965,"TotalDesempregados":317},{"NomeFaculdade":"Instituto Politécnico de Coimbra - Escola Superior de Educação de Coimbra","CodigoFaculdade":116356,"PercentagemDesemprego":15.21,"TotalDiplomados":5385,"TotalDesempregados":819},{"NomeFaculdade":"Instituto Politécnico de Coimbra - Escola Superior de Tecnologia da Saúde de Coimbra","CodigoFaculdade":129780,"PercentagemDesemprego":7.57,"TotalDiplomados":2841,"TotalDesempregados":215},{"NomeFaculdade":"Instituto Politécnico de Coimbra - Escola Superior de Tecnologia e Gestão de Oliveira do Hospital","CodigoFaculdade":12260,"PercentagemDesemprego":21.29,"TotalDiplomados":249,"TotalDesempregados":53},{"NomeFaculdade":"Instituto Politécnico de Coimbra - Instituto Superior de Contabilidade e Administração de Coimbra","CodigoFaculdade":39819,"PercentagemDesemprego":8.36,"TotalDiplomados":4068,"TotalDesempregados":340},{"NomeFaculdade":"Instituto Politécnico de Coimbra - Instituto Superior de Engenharia de Coimbra","CodigoFaculdade":85792,"PercentagemDesemprego":7.99,"TotalDiplomados":6045,"TotalDesempregados":483},{"NomeFaculdade":"Instituto Politécnico de Leiria - Escola Superior de Artes e Design das Caldas da Rainha","CodigoFaculdade":68266,"PercentagemDesemprego":9.79,"TotalDiplomados":4616,"TotalDesempregados":452},{"NomeFaculdade":"Instituto Politécnico de Leiria - Escola Superior de Educação de Leiria (Caldas da Rainha)","CodigoFaculdade":9312,"PercentagemDesemprego":10.05,"TotalDiplomados":189,"TotalDesempregados":19},{"NomeFaculdade":"Instituto Politécnico de Leiria - Escola Superior de Educação e Ciências Sociais","CodigoFaculdade":86828,"PercentagemDesemprego":16.58,"TotalDiplomados":3915,"TotalDesempregados":649},{"NomeFaculdade":"Instituto Politécnico de Leiria - Escola Superior de Saúde de Leiria","CodigoFaculdade":14090,"PercentagemDesemprego":15.49,"TotalDiplomados":297,"TotalDesempregados":46},{"NomeFaculdade":"Instituto Politécnico de Leiria - Escola Superior de Tecnologia e Gestão","CodigoFaculdade":167508,"PercentagemDesemprego":9.28,"TotalDiplomados":8136,"TotalDesempregados":755},{"NomeFaculdade":"Instituto Politécnico de Leiria - Escola Superior de Turismo e Tecnologia do Mar de Peniche","CodigoFaculdade":43470,"PercentagemDesemprego":17.79,"TotalDiplomados":1248,"TotalDesempregados":222},{"NomeFaculdade":"Instituto Politécnico de Lisboa - Escola Superior de Comunicação Social","CodigoFaculdade":59147,"PercentagemDesemprego":6.44,"TotalDiplomados":4519,"TotalDesempregados":291},{"NomeFaculdade":"Instituto Politécnico de Lisboa - Escola Superior de Dança","CodigoFaculdade":9333,"PercentagemDesemprego":4.62,"TotalDiplomados":390,"TotalDesempregados":18},{"NomeFaculdade":"Instituto Politécnico de Lisboa - Escola Superior de Educação de Lisboa","CodigoFaculdade":40456,"PercentagemDesemprego":13.75,"TotalDiplomados":2305,"TotalDesempregados":317},{"NomeFaculdade":"Instituto Politécnico de Lisboa - Escola Superior de Música","CodigoFaculdade":12456,"PercentagemDesemprego":0.73,"TotalDiplomados":546,"TotalDesempregados":4},{"NomeFaculdade":"Instituto Politécnico de Lisboa - Escola Superior de Teatro e Cinema","CodigoFaculdade":40508,"PercentagemDesemprego":4.83,"TotalDiplomados":1221,"TotalDesempregados":59},{"NomeFaculdade":"Instituto Politécnico de Lisboa - Escola Superior de Tecnologia da Saúde de Lisboa","CodigoFaculdade":216600,"PercentagemDesemprego":4.65,"TotalDiplomados":5336,"TotalDesempregados":248},{"NomeFaculdade":"Instituto Politécnico de Lisboa - Instituto Superior de Contabilidade e Administração de Lisboa","CodigoFaculdade":37404,"PercentagemDesemprego":5.45,"TotalDiplomados":5102,"TotalDesempregados":278},{"NomeFaculdade":"Instituto Politécnico de Lisboa - Instituto Superior de Engenharia de Lisboa","CodigoFaculdade":102894,"PercentagemDesemprego":9.44,"TotalDiplomados":7677,"TotalDesempregados":725},{"NomeFaculdade":"Instituto Politécnico de Portalegre - Escola Superior Agrária","CodigoFaculdade":21861,"PercentagemDesemprego":11.56,"TotalDiplomados":398,"TotalDesempregados":46},{"NomeFaculdade":"Instituto Politécnico de Portalegre - Escola Superior de Educação","CodigoFaculdade":74904,"PercentagemDesemprego":18.27,"TotalDiplomados":2359,"TotalDesempregados":431},{"NomeFaculdade":"Instituto Politécnico de Portalegre - Escola Superior de Saúde de Portalegre","CodigoFaculdade":14110,"PercentagemDesemprego":13.23,"TotalDiplomados":325,"TotalDesempregados":43},{"NomeFaculdade":"Instituto Politécnico de Portalegre - Escola Superior de Tecnologia e Gestão","CodigoFaculdade":149856,"PercentagemDesemprego":8.47,"TotalDiplomados":4723,"TotalDesempregados":400},{"NomeFaculdade":"Instituto Politécnico de Santarém - Escola Superior Agrária de Santarém","CodigoFaculdade":69102,"PercentagemDesemprego":7.65,"TotalDiplomados":2430,"TotalDesempregados":186},{"NomeFaculdade":"Instituto Politécnico de Santarém - Escola Superior de Desporto de Rio Maior","CodigoFaculdade":47175,"PercentagemDesemprego":8.93,"TotalDiplomados":1176,"TotalDesempregados":105},{"NomeFaculdade":"Instituto Politécnico de Santarém - Escola Superior de Educação de Santarém","CodigoFaculdade":65982,"PercentagemDesemprego":17.09,"TotalDiplomados":2142,"TotalDesempregados":366},{"NomeFaculdade":"Instituto Politécnico de Santarém - Escola Superior de Gestão e Tecnologia de Santarém","CodigoFaculdade":37716,"PercentagemDesemprego":13.25,"TotalDiplomados":1155,"TotalDesempregados":153},{"NomeFaculdade":"Instituto Politécnico de Santarém - Escola Superior de Saúde de Santarém","CodigoFaculdade":7065,"PercentagemDesemprego":24.39,"TotalDiplomados":164,"TotalDesempregados":40},{"NomeFaculdade":"Instituto Politécnico de Setúbal - Escola Superior de Ciências Empresariais","CodigoFaculdade":59907,"PercentagemDesemprego":7.74,"TotalDiplomados":4610,"TotalDesempregados":357},{"NomeFaculdade":"Instituto Politécnico de Setúbal - Escola Superior de Educação","CodigoFaculdade":63020,"PercentagemDesemprego":13.51,"TotalDiplomados":2213,"TotalDesempregados":299},{"NomeFaculdade":"Instituto Politécnico de Setúbal - Escola Superior de Saúde","CodigoFaculdade":12620,"PercentagemDesemprego":8.56,"TotalDiplomados":619,"TotalDesempregados":53},{"NomeFaculdade":"Instituto Politécnico de Setúbal - Escola Superior de Tecnologia de Setúbal","CodigoFaculdade":75648,"PercentagemDesemprego":8.29,"TotalDiplomados":2123,"TotalDesempregados":176},{"NomeFaculdade":"Instituto Politécnico de Setúbal - Escola Superior de Tecnologia do Barreiro","CodigoFaculdade":22078,"PercentagemDesemprego":15.62,"TotalDiplomados":397,"TotalDesempregados":62},{"NomeFaculdade":"Instituto Politécnico de Tomar - Escola Superior de Gestão de Tomar","CodigoFaculdade":61579,"PercentagemDesemprego":8.96,"TotalDiplomados":2455,"TotalDesempregados":220},{"NomeFaculdade":"Instituto Politécnico de Tomar - Escola Superior de Tecnologia de Abrantes","CodigoFaculdade":22701,"PercentagemDesemprego":20.47,"TotalDiplomados":381,"TotalDesempregados":78},{"NomeFaculdade":"Instituto Politécnico de Tomar - Escola Superior de Tecnologia de Tomar","CodigoFaculdade":126438,"PercentagemDesemprego":9.47,"TotalDiplomados":4814,"TotalDesempregados":456},{"NomeFaculdade":"Instituto Politécnico de Viana do Castelo - Escola Superior Agrária","CodigoFaculdade":37932,"PercentagemDesemprego":18.18,"TotalDiplomados":671,"TotalDesempregados":122},{"NomeFaculdade":"Instituto Politécnico de Viana do Castelo - Escola Superior de Ciências Empresariais","CodigoFaculdade":18984,"PercentagemDesemprego":22.3,"TotalDiplomados":148,"TotalDesempregados":33},{"NomeFaculdade":"Instituto Politécnico de Viana do Castelo - Escola Superior de Desporto e Lazer de Melgaço","CodigoFaculdade":3165,"PercentagemDesemprego":41.18,"TotalDiplomados":17,"TotalDesempregados":7},{"NomeFaculdade":"Instituto Politécnico de Viana do Castelo - Escola Superior de Educação","CodigoFaculdade":50592,"PercentagemDesemprego":22.07,"TotalDiplomados":1491,"TotalDesempregados":329},{"NomeFaculdade":"Instituto Politécnico de Viana do Castelo - Escola Superior de Saúde de Viana do Castelo","CodigoFaculdade":14150,"PercentagemDesemprego":8.03,"TotalDiplomados":548,"TotalDesempregados":44},{"NomeFaculdade":"Instituto Politécnico de Viana do Castelo - Escola Superior de Tecnologia e Gestão","CodigoFaculdade":126520,"PercentagemDesemprego":10.64,"TotalDiplomados":4728,"TotalDesempregados":503},{"NomeFaculdade":"Instituto Politécnico de Viseu - Escola Superior Agrária de Viseu","CodigoFaculdade":57330,"PercentagemDesemprego":12.4,"TotalDiplomados":1177,"TotalDesempregados":146},{"NomeFaculdade":"Instituto Politécnico de Viseu - Escola Superior de Educação de Viseu","CodigoFaculdade":79525,"PercentagemDesemprego":21.89,"TotalDiplomados":3293,"TotalDesempregados":721},{"NomeFaculdade":"Instituto Politécnico de Viseu - Escola Superior de Educação de Viseu (Lamego)","CodigoFaculdade":15915,"PercentagemDesemprego":14.89,"TotalDiplomados":987,"TotalDesempregados":147},{"NomeFaculdade":"Instituto Politécnico de Viseu - Escola Superior de Saúde de Viseu","CodigoFaculdade":14170,"PercentagemDesemprego":10.91,"TotalDiplomados":449,"TotalDesempregados":49},{"NomeFaculdade":"Instituto Politécnico de Viseu - Escola Superior de Tecnologia e Gestão de Lamego","CodigoFaculdade":28674,"PercentagemDesemprego":26.58,"TotalDiplomados":805,"TotalDesempregados":214},{"NomeFaculdade":"Instituto Politécnico de Viseu - Escola Superior de Tecnologia e Gestão de Viseu","CodigoFaculdade":140008,"PercentagemDesemprego":9.83,"TotalDiplomados":5502,"TotalDesempregados":541},{"NomeFaculdade":"Instituto Politécnico do Cávado e do Ave - Escola Superior de Gestão","CodigoFaculdade":54558,"PercentagemDesemprego":10.31,"TotalDiplomados":2280,"TotalDesempregados":235},{"NomeFaculdade":"Instituto Politécnico do Cávado e do Ave - Escola Superior de Tecnologia","CodigoFaculdade":24256,"PercentagemDesemprego":36.87,"TotalDiplomados":377,"TotalDesempregados":139},{"NomeFaculdade":"Instituto Politécnico do Porto","CodigoFaculdade":15650,"PercentagemDesemprego":6.05,"TotalDiplomados":397,"TotalDesempregados":24},{"NomeFaculdade":"Instituto Politécnico do Porto - Escola Superior de Educação","CodigoFaculdade":103323,"PercentagemDesemprego":14.57,"TotalDiplomados":4455,"TotalDesempregados":649},{"NomeFaculdade":"Instituto Politécnico do Porto - Escola Superior de Estudos Industriais e de Gestão","CodigoFaculdade":46995,"PercentagemDesemprego":15.56,"TotalDiplomados":1928,"TotalDesempregados":300},{"NomeFaculdade":"Instituto Politécnico do Porto - Escola Superior de Música e das Artes do Espectáculo","CodigoFaculdade":56376,"PercentagemDesemprego":9.43,"TotalDiplomados":827,"TotalDesempregados":78},{"NomeFaculdade":"Instituto Politécnico do Porto - Escola Superior de Tecnologia da Saúde do Porto","CodigoFaculdade":202440,"PercentagemDesemprego":10.13,"TotalDiplomados":3860,"TotalDesempregados":391},{"NomeFaculdade":"Instituto Politécnico do Porto - Escola Superior de Tecnologia e Gestão de Felgueiras","CodigoFaculdade":18828,"PercentagemDesemprego":25.64,"TotalDiplomados":511,"TotalDesempregados":131},{"NomeFaculdade":"Instituto Politécnico do Porto - Instituto Superior de Contabilidade e Administração do Porto","CodigoFaculdade":72082,"PercentagemDesemprego":9.3,"TotalDiplomados":6043,"TotalDesempregados":562},{"NomeFaculdade":"Instituto Politécnico do Porto - Instituto Superior de Engenharia do Porto","CodigoFaculdade":166155,"PercentagemDesemprego":8.68,"TotalDiplomados":11882,"TotalDesempregados":1031},{"NomeFaculdade":"Instituto Português de Administração de Marketing de Lisboa","CodigoFaculdade":24936,"PercentagemDesemprego":6.98,"TotalDiplomados":3396,"TotalDesempregados":237},{"NomeFaculdade":"Instituto Português de Administração de Marketing de Matosinhos","CodigoFaculdade":29085,"PercentagemDesemprego":8.04,"TotalDiplomados":3033,"TotalDesempregados":244},{"NomeFaculdade":"Instituto Português de Administração de Marketing de Matosinhos (Aveiro)","CodigoFaculdade":29099,"PercentagemDesemprego":8.68,"TotalDiplomados":1072,"TotalDesempregados":93},{"NomeFaculdade":"Instituto Português de Estudos Superiores","CodigoFaculdade":8318,"PercentagemDesemprego":4.88,"TotalDiplomados":82,"TotalDesempregados":4},{"NomeFaculdade":"Instituto Superior Autónomo de Estudos Politécnicos","CodigoFaculdade":41600,"PercentagemDesemprego":6.36,"TotalDiplomados":1054,"TotalDesempregados":67},{"NomeFaculdade":"Instituto Superior Bissaya Barreto","CodigoFaculdade":29785,"PercentagemDesemprego":11.1,"TotalDiplomados":721,"TotalDesempregados":80},{"NomeFaculdade":"Instituto Superior D. Afonso III","CodigoFaculdade":72930,"PercentagemDesemprego":11.42,"TotalDiplomados":1357,"TotalDesempregados":155},{"NomeFaculdade":"Instituto Superior D. Dinis","CodigoFaculdade":21460,"PercentagemDesemprego":9.64,"TotalDiplomados":197,"TotalDesempregados":19},{"NomeFaculdade":"Instituto Superior da Maia","CodigoFaculdade":257122,"PercentagemDesemprego":13.09,"TotalDiplomados":8521,"TotalDesempregados":1115},{"NomeFaculdade":"Instituto Superior de Administração e Gestão","CodigoFaculdade":42000,"PercentagemDesemprego":8.34,"TotalDiplomados":2062,"TotalDesempregados":172},{"NomeFaculdade":"Instituto Superior de Administração e Línguas","CodigoFaculdade":12660,"PercentagemDesemprego":3.16,"TotalDiplomados":316,"TotalDesempregados":10},{"NomeFaculdade":"Instituto Superior de Administração, Comunicação e Empresa","CodigoFaculdade":16680,"PercentagemDesemprego":7.79,"TotalDiplomados":77,"TotalDesempregados":6},{"NomeFaculdade":"Instituto Superior de Assistentes e Intérpretes","CodigoFaculdade":38250,"PercentagemDesemprego":3.58,"TotalDiplomados":1257,"TotalDesempregados":45},{"NomeFaculdade":"Instituto Superior de Ciências da Administração","CodigoFaculdade":25650,"PercentagemDesemprego":6.36,"TotalDiplomados":676,"TotalDesempregados":43},{"NomeFaculdade":"Instituto Superior de Ciências da Informação e da Administração","CodigoFaculdade":25662,"PercentagemDesemprego":8.54,"TotalDiplomados":328,"TotalDesempregados":28},{"NomeFaculdade":"Instituto Superior de Ciências da Saúde - Norte","CodigoFaculdade":76698,"PercentagemDesemprego":8.93,"TotalDiplomados":2061,"TotalDesempregados":184},{"NomeFaculdade":"Instituto Superior de Ciências da Saúde Egas Moniz","CodigoFaculdade":51120,"PercentagemDesemprego":4.42,"TotalDiplomados":2310,"TotalDesempregados":102},{"NomeFaculdade":"Instituto Superior de Ciências Educativas","CodigoFaculdade":115290,"PercentagemDesemprego":9.77,"TotalDiplomados":2651,"TotalDesempregados":259},{"NomeFaculdade":"Instituto Superior de Ciências Educativas de Felgueiras","CodigoFaculdade":46981,"PercentagemDesemprego":24.94,"TotalDiplomados":1215,"TotalDesempregados":303},{"NomeFaculdade":"Instituto Superior de Ciências Educativas de Mangualde","CodigoFaculdade":17088,"PercentagemDesemprego":8.64,"TotalDiplomados":486,"TotalDesempregados":42},{"NomeFaculdade":"Instituto Superior de Ciências Empresariais e do Turismo","CodigoFaculdade":68480,"PercentagemDesemprego":14.2,"TotalDiplomados":1162,"TotalDesempregados":165},{"NomeFaculdade":"Instituto Superior de Comunicação Empresarial","CodigoFaculdade":17180,"PercentagemDesemprego":9.64,"TotalDiplomados":861,"TotalDesempregados":83},{"NomeFaculdade":"Instituto Superior de Educação e Ciências","CodigoFaculdade":81662,"PercentagemDesemprego":7.36,"TotalDiplomados":2365,"TotalDesempregados":174},{"NomeFaculdade":"Instituto Superior de Educação e Trabalho","CodigoFaculdade":8598,"PercentagemDesemprego":3.16,"TotalDiplomados":95,"TotalDesempregados":3},{"NomeFaculdade":"Instituto Superior de Entre Douro e Vouga","CodigoFaculdade":51396,"PercentagemDesemprego":12.06,"TotalDiplomados":804,"TotalDesempregados":97},{"NomeFaculdade":"Instituto Superior de Espinho","CodigoFaculdade":4303,"PercentagemDesemprego":15.22,"TotalDiplomados":46,"TotalDesempregados":7},{"NomeFaculdade":"Instituto Superior de Estudos Interculturais e Transdisciplinares - Almada","CodigoFaculdade":51672,"PercentagemDesemprego":10.85,"TotalDiplomados":765,"TotalDesempregados":83},{"NomeFaculdade":"Instituto Superior de Estudos Interculturais e Transdisciplinares - Mirandela","CodigoFaculdade":38763,"PercentagemDesemprego":11.95,"TotalDiplomados":159,"TotalDesempregados":19},{"NomeFaculdade":"Instituto Superior de Estudos Interculturais e Transdisciplinares - Santo André","CodigoFaculdade":25854,"PercentagemDesemprego":16.5,"TotalDiplomados":103,"TotalDesempregados":17},{"NomeFaculdade":"Instituto Superior de Estudos Interculturais e Transdisciplinares - Viseu","CodigoFaculdade":38772,"PercentagemDesemprego":12.15,"TotalDiplomados":831,"TotalDesempregados":101},{"NomeFaculdade":"Instituto Superior de Gestão","CodigoFaculdade":17200,"PercentagemDesemprego":6.89,"TotalDiplomados":610,"TotalDesempregados":42},{"NomeFaculdade":"Instituto Superior de Gestão Bancária","CodigoFaculdade":25830,"PercentagemDesemprego":1.46,"TotalDiplomados":2190,"TotalDesempregados":32},{"NomeFaculdade":"Instituto Superior de Humanidades e Tecnologias de Lisboa","CodigoFaculdade":4310,"PercentagemDesemprego":6.67,"TotalDiplomados":45,"TotalDesempregados":3},{"NomeFaculdade":"Instituto Superior de Informática e Gestão","CodigoFaculdade":4050,"PercentagemDesemprego":1.55,"TotalDiplomados":193,"TotalDesempregados":3},{"NomeFaculdade":"Instituto Superior de Línguas e Administração de Bragança","CodigoFaculdade":26106,"PercentagemDesemprego":16.87,"TotalDiplomados":409,"TotalDesempregados":69},{"NomeFaculdade":"Instituto Superior de Línguas e Administração de Leiria","CodigoFaculdade":60956,"PercentagemDesemprego":10.43,"TotalDiplomados":949,"TotalDesempregados":99},{"NomeFaculdade":"Instituto Superior de Línguas e Administração de Lisboa","CodigoFaculdade":78300,"PercentagemDesemprego":9.19,"TotalDiplomados":2187,"TotalDesempregados":201},{"NomeFaculdade":"Instituto Superior de Línguas e Administração de Santarém","CodigoFaculdade":43520,"PercentagemDesemprego":12.79,"TotalDiplomados":563,"TotalDesempregados":72},{"NomeFaculdade":"Instituto Superior de Línguas e Administração de Vila Nova de Gaia","CodigoFaculdade":69648,"PercentagemDesemprego":17.47,"TotalDiplomados":1454,"TotalDesempregados":254},{"NomeFaculdade":"Instituto Superior de Matemática e Gestão (Fundão)","CodigoFaculdade":4363,"PercentagemDesemprego":10.0,"TotalDiplomados":30,"TotalDesempregados":3},{"NomeFaculdade":"Instituto Superior de Matemática e Gestão (Portimão)","CodigoFaculdade":8730,"PercentagemDesemprego":10.61,"TotalDiplomados":66,"TotalDesempregados":7},{"NomeFaculdade":"Instituto Superior de Matemática e Gestão (Torres Vedras)","CodigoFaculdade":4364,"PercentagemDesemprego":2.86,"TotalDiplomados":105,"TotalDesempregados":3},{"NomeFaculdade":"Instituto Superior de Novas Profissões","CodigoFaculdade":33200,"PercentagemDesemprego":12.35,"TotalDiplomados":1620,"TotalDesempregados":200},{"NomeFaculdade":"Instituto Superior de Paços de Brandão","CodigoFaculdade":39420,"PercentagemDesemprego":8.98,"TotalDiplomados":713,"TotalDesempregados":64},{"NomeFaculdade":"Instituto Superior de Psicologia Aplicada de Beja","CodigoFaculdade":4451,"PercentagemDesemprego":17.86,"TotalDiplomados":84,"TotalDesempregados":15},{"NomeFaculdade":"Instituto Superior de Saúde do Alto Ave","CodigoFaculdade":84740,"PercentagemDesemprego":12.46,"TotalDiplomados":2159,"TotalDesempregados":269},{"NomeFaculdade":"Instituto Superior de Serviço Social de Lisboa (Beja)","CodigoFaculdade":4511,"PercentagemDesemprego":11.29,"TotalDiplomados":381,"TotalDesempregados":43},{"NomeFaculdade":"Instituto Superior de Serviço Social do Porto","CodigoFaculdade":13560,"PercentagemDesemprego":19.32,"TotalDiplomados":1082,"TotalDesempregados":209},{"NomeFaculdade":"Instituto Superior de Tecnologias Avançadas de Lisboa","CodigoFaculdade":31710,"PercentagemDesemprego":4.96,"TotalDiplomados":1068,"TotalDesempregados":53},{"NomeFaculdade":"Instituto Superior de Tecnologias Avançadas de Lisboa (Porto)","CodigoFaculdade":31717,"PercentagemDesemprego":6.77,"TotalDiplomados":325,"TotalDesempregados":22},{"NomeFaculdade":"Instituto Superior de Transportes e Comunicações","CodigoFaculdade":4550,"PercentagemDesemprego":15.91,"TotalDiplomados":44,"TotalDesempregados":7},{"NomeFaculdade":"Instituto Superior Manuel Teixeira Gomes","CodigoFaculdade":65625,"PercentagemDesemprego":16.77,"TotalDiplomados":483,"TotalDesempregados":81},{"NomeFaculdade":"Instituto Superior Miguel Torga","CodigoFaculdade":94500,"PercentagemDesemprego":12.19,"TotalDiplomados":3100,"TotalDesempregados":378},{"NomeFaculdade":"Instituto Superior Politécnico do Oeste","CodigoFaculdade":13155,"PercentagemDesemprego":8.28,"TotalDiplomados":169,"TotalDesempregados":14},{"NomeFaculdade":"Instituto Superior Politécnico Gaya - Escola Superior de Ciência e Tecnologia","CodigoFaculdade":88840,"PercentagemDesemprego":5.68,"TotalDiplomados":1373,"TotalDesempregados":78},{"NomeFaculdade":"Instituto Superior Politécnico Gaya - Escola Superior de Desenvolvimento Social e Comunitário","CodigoFaculdade":44410,"PercentagemDesemprego":11.42,"TotalDiplomados":578,"TotalDesempregados":66},{"NomeFaculdade":"Instituto Superior Politécnico Gaya - Escola Superior de Educação de Santa Maria","CodigoFaculdade":8886,"PercentagemDesemprego":25.0,"TotalDiplomados":12,"TotalDesempregados":3},{"NomeFaculdade":"Instituto Superior Politécnico Internacional","CodigoFaculdade":35400,"PercentagemDesemprego":4.2,"TotalDiplomados":1619,"TotalDesempregados":68},{"NomeFaculdade":"Instituto Superior Politécnico Portucalense de Penafiel","CodigoFaculdade":4436,"PercentagemDesemprego":9.09,"TotalDiplomados":11,"TotalDesempregados":1},{"NomeFaculdade":"ISCTE - Instituto Universitário de Lisboa","CodigoFaculdade":469200,"PercentagemDesemprego":5.82,"TotalDiplomados":9888,"TotalDesempregados":575},{"NomeFaculdade":"ISPA-Instituto Universitário de Ciências Psicológicas, Sociais e da Vida","CodigoFaculdade":102350,"PercentagemDesemprego":8.92,"TotalDiplomados":7888,"TotalDesempregados":704},{"NomeFaculdade":"Universidade Aberta","CodigoFaculdade":37800,"PercentagemDesemprego":2.42,"TotalDiplomados":6935,"TotalDesempregados":168},{"NomeFaculdade":"Universidade Atlântica","CodigoFaculdade":29700,"PercentagemDesemprego":8.67,"TotalDiplomados":300,"TotalDesempregados":26},{"NomeFaculdade":"Universidade Atlântica - Escola Superior de Saúde Atlântica","CodigoFaculdade":21608,"PercentagemDesemprego":6.6,"TotalDiplomados":848,"TotalDesempregados":56},{"NomeFaculdade":"Universidade Autónoma de Lisboa Luís de Camões","CodigoFaculdade":58800,"PercentagemDesemprego":10.22,"TotalDiplomados":4267,"TotalDesempregados":436},{"NomeFaculdade":"Universidade Autónoma de Lisboa Luís de Camões (Caldas da Rainha)","CodigoFaculdade":2101,"PercentagemDesemprego":3.28,"TotalDiplomados":61,"TotalDesempregados":2},{"NomeFaculdade":"Universidade Católica Portuguesa - Centro Regional das Beiras","CodigoFaculdade":22250,"PercentagemDesemprego":11.55,"TotalDiplomados":459,"TotalDesempregados":53},{"NomeFaculdade":"Universidade Católica Portuguesa - Escola das Artes","CodigoFaculdade":11325,"PercentagemDesemprego":11.21,"TotalDiplomados":642,"TotalDesempregados":72},{"NomeFaculdade":"Universidade Católica Portuguesa - Escola Superior de Biotecnologia","CodigoFaculdade":30940,"PercentagemDesemprego":11.9,"TotalDiplomados":1210,"TotalDesempregados":144},{"NomeFaculdade":"Universidade Católica Portuguesa - Escola Superior de Biotecnologia (Caldas da Rainha)","CodigoFaculdade":2211,"PercentagemDesemprego":3.7,"TotalDiplomados":27,"TotalDesempregados":1},{"NomeFaculdade":"Universidade Católica Portuguesa - Escola Superior de Ciências e Tecnologia","CodigoFaculdade":2250,"PercentagemDesemprego":5.06,"TotalDiplomados":79,"TotalDesempregados":4},{"NomeFaculdade":"Universidade Católica Portuguesa - Escola Superior de Ciências e Tecnologia (Viseu)","CodigoFaculdade":4502,"PercentagemDesemprego":19.01,"TotalDiplomados":142,"TotalDesempregados":27},{"NomeFaculdade":"Universidade Católica Portuguesa - Escola Superior Politécnica de Saúde (Lisboa)","CodigoFaculdade":2215,"PercentagemDesemprego":12.9,"TotalDiplomados":186,"TotalDesempregados":24},{"NomeFaculdade":"Universidade Católica Portuguesa - Escola Superior Politécnica de Saúde (Porto)","CodigoFaculdade":4432,"PercentagemDesemprego":10.93,"TotalDiplomados":558,"TotalDesempregados":61},{"NomeFaculdade":"Universidade Católica Portuguesa - Faculdade de Ciências Económicas e Empresariais","CodigoFaculdade":15890,"PercentagemDesemprego":1.45,"TotalDiplomados":2475,"TotalDesempregados":36},{"NomeFaculdade":"Universidade Católica Portuguesa - Faculdade de Ciências Humanas","CodigoFaculdade":31080,"PercentagemDesemprego":7.09,"TotalDiplomados":2412,"TotalDesempregados":171},{"NomeFaculdade":"Universidade Católica Portuguesa - Faculdade de Ciências Humanas (Leiria)","CodigoFaculdade":2222,"PercentagemDesemprego":11.11,"TotalDiplomados":27,"TotalDesempregados":3},{"NomeFaculdade":"Universidade Católica Portuguesa - Faculdade de Ciências Sociais","CodigoFaculdade":19989,"PercentagemDesemprego":15.55,"TotalDiplomados":849,"TotalDesempregados":132},{"NomeFaculdade":"Universidade Católica Portuguesa - Faculdade de Direito","CodigoFaculdade":9120,"PercentagemDesemprego":3.16,"TotalDiplomados":1330,"TotalDesempregados":42},{"NomeFaculdade":"Universidade Católica Portuguesa - Faculdade de Direito (Porto)","CodigoFaculdade":6843,"PercentagemDesemprego":3.5,"TotalDiplomados":1714,"TotalDesempregados":60},{"NomeFaculdade":"Universidade Católica Portuguesa - Faculdade de Economia e Gestão","CodigoFaculdade":20439,"PercentagemDesemprego":6.54,"TotalDiplomados":1407,"TotalDesempregados":92},{"NomeFaculdade":"Universidade Católica Portuguesa - Faculdade de Educação e Psicologia","CodigoFaculdade":9156,"PercentagemDesemprego":10.24,"TotalDiplomados":498,"TotalDesempregados":51},{"NomeFaculdade":"Universidade Católica Portuguesa - Faculdade de Educação e Psicologia (Lisboa)","CodigoFaculdade":2292,"PercentagemDesemprego":1.14,"TotalDiplomados":176,"TotalDesempregados":2},{"NomeFaculdade":"Universidade Católica Portuguesa - Faculdade de Engenharia","CodigoFaculdade":11275,"PercentagemDesemprego":7.87,"TotalDiplomados":127,"TotalDesempregados":10},{"NomeFaculdade":"Universidade Católica Portuguesa - Faculdade de Filosofia","CodigoFaculdade":24530,"PercentagemDesemprego":21.73,"TotalDiplomados":994,"TotalDesempregados":216},{"NomeFaculdade":"Universidade Católica Portuguesa - Faculdade de Letras","CodigoFaculdade":15645,"PercentagemDesemprego":12.61,"TotalDiplomados":476,"TotalDesempregados":60},{"NomeFaculdade":"Universidade Católica Portuguesa - Faculdade de Teologia","CodigoFaculdade":8960,"PercentagemDesemprego":3.06,"TotalDiplomados":457,"TotalDesempregados":14},{"NomeFaculdade":"Universidade Católica Portuguesa - Faculdade de Teologia (Braga)","CodigoFaculdade":2241,"PercentagemDesemprego":7.41,"TotalDiplomados":27,"TotalDesempregados":2},{"NomeFaculdade":"Universidade Católica Portuguesa - Faculdade de Teologia (Porto)","CodigoFaculdade":6726,"PercentagemDesemprego":3.48,"TotalDiplomados":230,"TotalDesempregados":8},{"NomeFaculdade":"Universidade Católica Portuguesa - Instituto de Estudos Políticos","CodigoFaculdade":6885,"PercentagemDesemprego":9.89,"TotalDiplomados":91,"TotalDesempregados":9},{"NomeFaculdade":"Universidade Católica Portuguesa - Instituto Universitário de Desenvolvimento e Promoção Social","CodigoFaculdade":4520,"PercentagemDesemprego":6.14,"TotalDiplomados":114,"TotalDesempregados":7},{"NomeFaculdade":"Universidade da Beira Interior","CodigoFaculdade":43200,"PercentagemDesemprego":12.52,"TotalDiplomados":8715,"TotalDesempregados":1091},{"NomeFaculdade":"Universidade da Madeira","CodigoFaculdade":11700,"PercentagemDesemprego":0.83,"TotalDiplomados":1446,"TotalDesempregados":12},{"NomeFaculdade":"Universidade de Aveiro","CodigoFaculdade":46500,"PercentagemDesemprego":10.03,"TotalDiplomados":15578,"TotalDesempregados":1562},{"NomeFaculdade":"Universidade de Aveiro - Escola Superior de Design, Gestão e Tecnologias da Produção de Aveiro-Norte","CodigoFaculdade":3014,"PercentagemDesemprego":29.03,"TotalDiplomados":62,"TotalDesempregados":18},{"NomeFaculdade":"Universidade de Aveiro - Escola Superior de Saúde de Aveiro","CodigoFaculdade":24104,"PercentagemDesemprego":19.47,"TotalDiplomados":570,"TotalDesempregados":111},{"NomeFaculdade":"Universidade de Aveiro - Escola Superior de Tecnologia e Gestão de Águeda","CodigoFaculdade":27108,"PercentagemDesemprego":13.79,"TotalDiplomados":899,"TotalDesempregados":124},{"NomeFaculdade":"Universidade de Aveiro - Instituto Superior de Contabilidade e Administração de Aveiro","CodigoFaculdade":30110,"PercentagemDesemprego":6.0,"TotalDiplomados":3518,"TotalDesempregados":211},{"NomeFaculdade":"Universidade de Coimbra - Faculdade de Ciências do Desporto e Educação Física","CodigoFaculdade":2540,"PercentagemDesemprego":10.72,"TotalDiplomados":942,"TotalDesempregados":101},{"NomeFaculdade":"Universidade de Coimbra - Faculdade de Ciências e Tecnologia","CodigoFaculdade":41082,"PercentagemDesemprego":9.88,"TotalDiplomados":9841,"TotalDesempregados":972},{"NomeFaculdade":"Universidade de Coimbra - Faculdade de Direito","CodigoFaculdade":4016,"PercentagemDesemprego":6.16,"TotalDiplomados":3915,"TotalDesempregados":241},{"NomeFaculdade":"Universidade de Coimbra - Faculdade de Economia","CodigoFaculdade":9557,"PercentagemDesemprego":11.21,"TotalDiplomados":3113,"TotalDesempregados":349},{"NomeFaculdade":"Universidade de Coimbra - Faculdade de Farmácia","CodigoFaculdade":4536,"PercentagemDesemprego":6.87,"TotalDiplomados":1806,"TotalDesempregados":124},{"NomeFaculdade":"Universidade de Coimbra - Faculdade de Letras","CodigoFaculdade":30805,"PercentagemDesemprego":15.93,"TotalDiplomados":4301,"TotalDesempregados":685},{"NomeFaculdade":"Universidade de Coimbra - Faculdade de Medicina","CodigoFaculdade":3036,"PercentagemDesemprego":1.5,"TotalDiplomados":1330,"TotalDesempregados":20},{"NomeFaculdade":"Universidade de Coimbra - Faculdade de Psicologia e de Ciências da Educação","CodigoFaculdade":7098,"PercentagemDesemprego":17.47,"TotalDiplomados":2410,"TotalDesempregados":421},{"NomeFaculdade":"Universidade de Lisboa","CodigoFaculdade":2100,"PercentagemDesemprego":9.2,"TotalDiplomados":87,"TotalDesempregados":8},{"NomeFaculdade":"Universidade de Lisboa - Faculdade de Belas-Artes","CodigoFaculdade":121946,"PercentagemDesemprego":10.72,"TotalDiplomados":2043,"TotalDesempregados":219},{"NomeFaculdade":"Universidade de Lisboa - Faculdade de Ciências","CodigoFaculdade":49771,"PercentagemDesemprego":5.6,"TotalDiplomados":8033,"TotalDesempregados":450},{"NomeFaculdade":"Universidade de Lisboa - Faculdade de Direito","CodigoFaculdade":3510,"PercentagemDesemprego":3.55,"TotalDiplomados":4875,"TotalDesempregados":173},{"NomeFaculdade":"Universidade de Lisboa - Faculdade de Farmácia","CodigoFaculdade":3515,"PercentagemDesemprego":4.11,"TotalDiplomados":2606,"TotalDesempregados":107},{"NomeFaculdade":"Universidade de Lisboa - Faculdade de Letras","CodigoFaculdade":48576,"PercentagemDesemprego":11.25,"TotalDiplomados":6648,"TotalDesempregados":748},{"NomeFaculdade":"Universidade de Lisboa - Faculdade de Medicina","CodigoFaculdade":2115,"PercentagemDesemprego":0.32,"TotalDiplomados":1266,"TotalDesempregados":4},{"NomeFaculdade":"Universidade de Lisboa - Faculdade de Medicina Dentária","CodigoFaculdade":26400,"PercentagemDesemprego":2.95,"TotalDiplomados":948,"TotalDesempregados":28},{"NomeFaculdade":"Universidade de Lisboa - Faculdade de Psicologia","CodigoFaculdade":1420,"PercentagemDesemprego":14.8,"TotalDiplomados":331,"TotalDesempregados":49},{"NomeFaculdade":"Universidade de Lisboa - Faculdade de Psicologia e de Ciências da Educação","CodigoFaculdade":4942,"PercentagemDesemprego":5.48,"TotalDiplomados":1988,"TotalDesempregados":109},{"NomeFaculdade":"Universidade de Lisboa - Instituto de Educação","CodigoFaculdade":2127,"PercentagemDesemprego":13.54,"TotalDiplomados":421,"TotalDesempregados":57},{"NomeFaculdade":"Universidade de Lisboa - Instituto de Geografia e Ordenamento do Território","CodigoFaculdade":1416,"PercentagemDesemprego":20.93,"TotalDiplomados":129,"TotalDesempregados":27},{"NomeFaculdade":"Universidade de Trás-os-Montes e Alto Douro","CodigoFaculdade":92400,"PercentagemDesemprego":14.78,"TotalDiplomados":8462,"TotalDesempregados":1251},{"NomeFaculdade":"Universidade de Trás-os-Montes e Alto Douro (Chaves)","CodigoFaculdade":9030,"PercentagemDesemprego":14.4,"TotalDiplomados":1014,"TotalDesempregados":146},{"NomeFaculdade":"Universidade de Trás-os-Montes e Alto Douro (Miranda do Douro)","CodigoFaculdade":3840,"PercentagemDesemprego":13.36,"TotalDiplomados":262,"TotalDesempregados":35},{"NomeFaculdade":"Universidade de Trás-os-Montes e Alto Douro - Escola de Ciências Agrárias e Veterinárias","CodigoFaculdade":8407,"PercentagemDesemprego":22.56,"TotalDiplomados":133,"TotalDesempregados":30},{"NomeFaculdade":"Universidade de Trás-os-Montes e Alto Douro - Escola de Ciências da Vida e do Ambiente","CodigoFaculdade":20468,"PercentagemDesemprego":47.12,"TotalDiplomados":295,"TotalDesempregados":139},{"NomeFaculdade":"Universidade de Trás-os-Montes e Alto Douro - Escola de Ciências e Tecnologia","CodigoFaculdade":18045,"PercentagemDesemprego":51.88,"TotalDiplomados":160,"TotalDesempregados":83},{"NomeFaculdade":"Universidade de Trás-os-Montes e Alto Douro - Escola de Ciências Humanas e Sociais","CodigoFaculdade":22838,"PercentagemDesemprego":58.33,"TotalDiplomados":324,"TotalDesempregados":189},{"NomeFaculdade":"Universidade de Trás-os-Montes e Alto Douro - Escola de Ciências Humanas e Sociais (Chaves)","CodigoFaculdade":3615,"PercentagemDesemprego":60.0,"TotalDiplomados":50,"TotalDesempregados":30},{"NomeFaculdade":"Universidade de Trás-os-Montes e Alto Douro - Escola Superior de Enfermagem de Vila Real","CodigoFaculdade":14160,"PercentagemDesemprego":9.34,"TotalDiplomados":578,"TotalDesempregados":54},{"NomeFaculdade":"Universidade de Évora","CodigoFaculdade":49200,"PercentagemDesemprego":12.41,"TotalDiplomados":7405,"TotalDesempregados":919},{"NomeFaculdade":"Universidade de Évora - Escola de Artes","CodigoFaculdade":3618,"PercentagemDesemprego":32.63,"TotalDiplomados":95,"TotalDesempregados":31},{"NomeFaculdade":"Universidade de Évora - Escola de Ciências e Tecnologia","CodigoFaculdade":12642,"PercentagemDesemprego":31.3,"TotalDiplomados":377,"TotalDesempregados":118},{"NomeFaculdade":"Universidade de Évora - Escola de Ciências Sociais","CodigoFaculdade":12080,"PercentagemDesemprego":32.61,"TotalDiplomados":463,"TotalDesempregados":151},{"NomeFaculdade":"Universidade de Évora - Escola Superior de Enfermagem de São João de Deus","CodigoFaculdade":7030,"PercentagemDesemprego":18.58,"TotalDiplomados":113,"TotalDesempregados":21},{"NomeFaculdade":"Universidade do Algarve","CodigoFaculdade":800,"PercentagemDesemprego":15.15,"TotalDiplomados":132,"TotalDesempregados":20},{"NomeFaculdade":"Universidade do Algarve - Escola Superior de Educação e Comunicação de Faro","CodigoFaculdade":77025,"PercentagemDesemprego":12.63,"TotalDiplomados":3143,"TotalDesempregados":397},{"NomeFaculdade":"Universidade do Algarve - Escola Superior de Gestão, Hotelaria e Turismo de Faro","CodigoFaculdade":58558,"PercentagemDesemprego":8.73,"TotalDiplomados":3608,"TotalDesempregados":315},{"NomeFaculdade":"Universidade do Algarve - Escola Superior de Gestão, Hotelaria e Turismo de Faro (Portimão)","CodigoFaculdade":30870,"PercentagemDesemprego":5.72,"TotalDiplomados":1118,"TotalDesempregados":64},{"NomeFaculdade":"Universidade do Algarve - Escola Superior de Saúde","CodigoFaculdade":63315,"PercentagemDesemprego":15.53,"TotalDiplomados":470,"TotalDesempregados":73},{"NomeFaculdade":"Universidade do Algarve - Faculdade de Ciências do Mar e do Ambiente","CodigoFaculdade":2020,"PercentagemDesemprego":11.15,"TotalDiplomados":933,"TotalDesempregados":104},{"NomeFaculdade":"Universidade do Algarve - Faculdade de Ciências e Tecnologia","CodigoFaculdade":5887,"PercentagemDesemprego":14.03,"TotalDiplomados":1240,"TotalDesempregados":174},{"NomeFaculdade":"Universidade do Algarve - Faculdade de Ciências Humanas e Sociais","CodigoFaculdade":5226,"PercentagemDesemprego":13.95,"TotalDiplomados":1434,"TotalDesempregados":200},{"NomeFaculdade":"Universidade do Algarve - Faculdade de Economia","CodigoFaculdade":2652,"PercentagemDesemprego":13.97,"TotalDiplomados":1045,"TotalDesempregados":146},{"NomeFaculdade":"Universidade do Algarve - Faculdade de Engenharia de Recursos Naturais","CodigoFaculdade":1025,"PercentagemDesemprego":6.86,"TotalDiplomados":612,"TotalDesempregados":42},{"NomeFaculdade":"Universidade do Algarve - Instituto Superior de Engenharia de Faro","CodigoFaculdade":70909,"PercentagemDesemprego":11.64,"TotalDiplomados":2870,"TotalDesempregados":334},{"NomeFaculdade":"Universidade do Minho","CodigoFaculdade":192000,"PercentagemDesemprego":10.86,"TotalDiplomados":27820,"TotalDesempregados":3021},{"NomeFaculdade":"Universidade do Minho - Escola Superior de Enfermagem","CodigoFaculdade":14020,"PercentagemDesemprego":14.46,"TotalDiplomados":401,"TotalDesempregados":58},{"NomeFaculdade":"Universidade do Porto - Faculdade de Arquitectura","CodigoFaculdade":5510,"PercentagemDesemprego":10.14,"TotalDiplomados":1440,"TotalDesempregados":146},{"NomeFaculdade":"Universidade do Porto - Faculdade de Belas-Artes","CodigoFaculdade":59422,"PercentagemDesemprego":13.6,"TotalDiplomados":1228,"TotalDesempregados":167},{"NomeFaculdade":"Universidade do Porto - Faculdade de Ciências","CodigoFaculdade":69489,"PercentagemDesemprego":11.83,"TotalDiplomados":6391,"TotalDesempregados":756},{"NomeFaculdade":"Universidade do Porto - Faculdade de Ciências da Nutrição e da Alimentação","CodigoFaculdade":3303,"PercentagemDesemprego":14.44,"TotalDiplomados":630,"TotalDesempregados":91},{"NomeFaculdade":"Universidade do Porto - Faculdade de Desporto","CodigoFaculdade":16665,"PercentagemDesemprego":5.81,"TotalDiplomados":4582,"TotalDesempregados":266},{"NomeFaculdade":"Universidade do Porto - Faculdade de Direito","CodigoFaculdade":5570,"PercentagemDesemprego":8.76,"TotalDiplomados":1199,"TotalDesempregados":105},{"NomeFaculdade":"Universidade do Porto - Faculdade de Economia","CodigoFaculdade":19872,"PercentagemDesemprego":7.06,"TotalDiplomados":4036,"TotalDesempregados":285},{"NomeFaculdade":"Universidade do Porto - Faculdade de Engenharia","CodigoFaculdade":55250,"PercentagemDesemprego":7.39,"TotalDiplomados":12106,"TotalDesempregados":895},{"NomeFaculdade":"Universidade do Porto - Faculdade de Farmácia","CodigoFaculdade":8848,"PercentagemDesemprego":7.97,"TotalDiplomados":2247,"TotalDesempregados":179},{"NomeFaculdade":"Universidade do Porto - Faculdade de Letras","CodigoFaculdade":73062,"PercentagemDesemprego":15.62,"TotalDiplomados":6710,"TotalDesempregados":1048},{"NomeFaculdade":"Universidade do Porto - Faculdade de Medicina","CodigoFaculdade":5540,"PercentagemDesemprego":3.12,"TotalDiplomados":224,"TotalDesempregados":7},{"NomeFaculdade":"Universidade do Porto - Faculdade de Medicina Dentária","CodigoFaculdade":2226,"PercentagemDesemprego":6.76,"TotalDiplomados":429,"TotalDesempregados":29},{"NomeFaculdade":"Universidade do Porto - Faculdade de Psicologia e de Ciências da Educação","CodigoFaculdade":14417,"PercentagemDesemprego":12.89,"TotalDiplomados":2684,"TotalDesempregados":346},{"NomeFaculdade":"Universidade do Porto - Instituto de Ciências Biomédicas Abel Salazar","CodigoFaculdade":15540,"PercentagemDesemprego":2.79,"TotalDiplomados":1722,"TotalDesempregados":48},{"NomeFaculdade":"Universidade dos Açores - Angra do Heroísmo","CodigoFaculdade":440,"PercentagemDesemprego":5.39,"TotalDiplomados":297,"TotalDesempregados":16},{"NomeFaculdade":"Universidade dos Açores - Escola Superior de Enfermagem de Ponta Delgada","CodigoFaculdade":7091,"PercentagemDesemprego":1.87,"TotalDiplomados":107,"TotalDesempregados":2},{"NomeFaculdade":"Universidade dos Açores - Horta","CodigoFaculdade":120,"PercentagemDesemprego":28.57,"TotalDiplomados":7,"TotalDesempregados":2},{"NomeFaculdade":"Universidade dos Açores - Ponta Delgada","CodigoFaculdade":1560,"PercentagemDesemprego":2.27,"TotalDiplomados":1102,"TotalDesempregados":25},{"NomeFaculdade":"Universidade Fernando Pessoa","CodigoFaculdade":137500,"PercentagemDesemprego":15.02,"TotalDiplomados":4055,"TotalDesempregados":609},{"NomeFaculdade":"Universidade Fernando Pessoa (unidade de Ponte de Lima - ensino politécnico)","CodigoFaculdade":5506,"PercentagemDesemprego":1.83,"TotalDiplomados":436,"TotalDesempregados":8},{"NomeFaculdade":"Universidade Fernando Pessoa (unidade de Ponte de Lima)","CodigoFaculdade":13755,"PercentagemDesemprego":9.05,"TotalDiplomados":442,"TotalDesempregados":40},{"NomeFaculdade":"Universidade Fernando Pessoa - Escola Superior de Saúde","CodigoFaculdade":24768,"PercentagemDesemprego":13.29,"TotalDiplomados":1580,"TotalDesempregados":210},{"NomeFaculdade":"Universidade Independente","CodigoFaculdade":33800,"PercentagemDesemprego":6.12,"TotalDiplomados":1731,"TotalDesempregados":106},{"NomeFaculdade":"Universidade Internacional","CodigoFaculdade":9200,"PercentagemDesemprego":9.44,"TotalDiplomados":392,"TotalDesempregados":37},{"NomeFaculdade":"Universidade Internacional da Figueira da Foz","CodigoFaculdade":13812,"PercentagemDesemprego":9.38,"TotalDiplomados":757,"TotalDesempregados":71},{"NomeFaculdade":"Universidade Lusíada","CodigoFaculdade":98400,"PercentagemDesemprego":9.52,"TotalDiplomados":7383,"TotalDesempregados":703},{"NomeFaculdade":"Universidade Lusíada (Porto)","CodigoFaculdade":64827,"PercentagemDesemprego":12.97,"TotalDiplomados":5845,"TotalDesempregados":758},{"NomeFaculdade":"Universidade Lusíada - Instituto Superior de Serviço Social de Lisboa","CodigoFaculdade":4510,"PercentagemDesemprego":4.25,"TotalDiplomados":730,"TotalDesempregados":31},{"NomeFaculdade":"Universidade Lusíada de Vila Nova de Famalicão","CodigoFaculdade":40834,"PercentagemDesemprego":15.99,"TotalDiplomados":1732,"TotalDesempregados":277},{"NomeFaculdade":"Universidade Lusófona de Humanidades e Tecnologias","CodigoFaculdade":274400,"PercentagemDesemprego":11.92,"TotalDiplomados":13257,"TotalDesempregados":1580},{"NomeFaculdade":"Universidade Lusófona do Porto","CodigoFaculdade":116928,"PercentagemDesemprego":14.84,"TotalDiplomados":1745,"TotalDesempregados":259},{"NomeFaculdade":"Universidade Moderna de Lisboa","CodigoFaculdade":48360,"PercentagemDesemprego":13.62,"TotalDiplomados":1219,"TotalDesempregados":166},{"NomeFaculdade":"Universidade Nova de Lisboa - Faculdade de Ciências e Tecnologia","CodigoFaculdade":57792,"PercentagemDesemprego":6.94,"TotalDiplomados":7194,"TotalDesempregados":499},{"NomeFaculdade":"Universidade Nova de Lisboa - Faculdade de Ciências Médicas","CodigoFaculdade":1802,"PercentagemDesemprego":0.13,"TotalDiplomados":1497,"TotalDesempregados":2},{"NomeFaculdade":"Universidade Nova de Lisboa - Faculdade de Ciências Sociais e Humanas","CodigoFaculdade":60434,"PercentagemDesemprego":9.85,"TotalDiplomados":6460,"TotalDesempregados":636},{"NomeFaculdade":"Universidade Nova de Lisboa - Faculdade de Direito","CodigoFaculdade":2733,"PercentagemDesemprego":2.61,"TotalDiplomados":995,"TotalDesempregados":26},{"NomeFaculdade":"Universidade Nova de Lisboa - Faculdade de Economia","CodigoFaculdade":7232,"PercentagemDesemprego":1.91,"TotalDiplomados":3768,"TotalDesempregados":72},{"NomeFaculdade":"Universidade Nova de Lisboa - Instituto de Higiene e Medicina Tropical","CodigoFaculdade":2715,"PercentagemDesemprego":4.71,"TotalDiplomados":85,"TotalDesempregados":4},{"NomeFaculdade":"Universidade Nova de Lisboa - Instituto de Tecnologia Química e Biológica","CodigoFaculdade":1820,"PercentagemDesemprego":3.7,"TotalDiplomados":54,"TotalDesempregados":2},{"NomeFaculdade":"Universidade Nova de Lisboa - Instituto Superior de Estatística e Gestão de Informação","CodigoFaculdade":7248,"PercentagemDesemprego":4.24,"TotalDiplomados":613,"TotalDesempregados":26},{"NomeFaculdade":"Universidade Portucalense Infante D. Henrique","CodigoFaculdade":65000,"PercentagemDesemprego":13.92,"TotalDiplomados":3672,"TotalDesempregados":511},{"NomeFaculdade":"Universidade Técnica de Lisboa","CodigoFaculdade":800,"PercentagemDesemprego":3.12,"TotalDiplomados":32,"TotalDesempregados":1},{"NomeFaculdade":"Universidade Técnica de Lisboa - Faculdade de Arquitectura","CodigoFaculdade":16040,"PercentagemDesemprego":7.38,"TotalDiplomados":3104,"TotalDesempregados":229},{"NomeFaculdade":"Universidade Técnica de Lisboa - Faculdade de Medicina Veterinária","CodigoFaculdade":4005,"PercentagemDesemprego":4.57,"TotalDiplomados":1137,"TotalDesempregados":52},{"NomeFaculdade":"Universidade Técnica de Lisboa - Faculdade de Motricidade Humana","CodigoFaculdade":15314,"PercentagemDesemprego":5.33,"TotalDiplomados":3338,"TotalDesempregados":178},{"NomeFaculdade":"Universidade Técnica de Lisboa - Instituto Superior de Agronomia","CodigoFaculdade":20878,"PercentagemDesemprego":8.24,"TotalDiplomados":2730,"TotalDesempregados":225},{"NomeFaculdade":"Universidade Técnica de Lisboa - Instituto Superior de Ciências Sociais e Políticas","CodigoFaculdade":20100,"PercentagemDesemprego":11.74,"TotalDiplomados":3559,"TotalDesempregados":418},{"NomeFaculdade":"Universidade Técnica de Lisboa - Instituto Superior de Economia e Gestão","CodigoFaculdade":17710,"PercentagemDesemprego":5.49,"TotalDiplomados":4266,"TotalDesempregados":234},{"NomeFaculdade":"Universidade Técnica de Lisboa - Instituto Superior Técnico (Alameda)","CodigoFaculdade":45192,"PercentagemDesemprego":2.93,"TotalDiplomados":12148,"TotalDesempregados":356},{"NomeFaculdade":"Universidade Técnica de Lisboa - Instituto Superior Técnico (Taguspark)","CodigoFaculdade":3232,"PercentagemDesemprego":1.14,"TotalDiplomados":526,"TotalDesempregados":6}]}