{"data":[{"NomeFaculdade":"CESPU-Instituto Politécnico de Saúde do Norte - Escola Superior de Saúde do Vale do Ave","CodigoFaculdade":36972,"PercentagemDesemprego":18.97590361445783,"TotalDiplomados":996,"TotalDesempregados":189},{"NomeFaculdade":"CESPU-Instituto Politécnico de Saúde do Norte - Escola Superior de Saúde do Vale do Sousa","CodigoFaculdade":28763,"PercentagemDesemprego":4.626623376623376,"TotalDiplomados":1232,"TotalDesempregados":57},{"NomeFaculdade":"Conservatório Superior de Música de Gaia","CodigoFaculdade":4005,"PercentagemDesemprego":100.0,"TotalDiplomados":1,"TotalDesempregados":1},{"NomeFaculdade":"DINENSINO-Ensino, Desenvolvimento e Cooperação, CRL (Beja)","CodigoFaculdade":8066,"PercentagemDesemprego":4.225352112676056,"TotalDiplomados":71,"TotalDesempregados":3},{"NomeFaculdade":"DINENSINO-Ensino, Desenvolvimento e Cooperação, CRL (Setúbal)","CodigoFaculdade":8062,"PercentagemDesemprego":7.894736842105263,"TotalDiplomados":38,"TotalDesempregados":3},{"NomeFaculdade":"Escola do Serviço de Saúde Militar","CodigoFaculdade":7540,"PercentagemDesemprego":2.7586206896551726,"TotalDiplomados":145,"TotalDesempregados":4},{"NomeFaculdade":"Escola Superior Artística do Porto","CodigoFaculdade":44110,"PercentagemDesemprego":16.70235546038544,"TotalDiplomados":467,"TotalDesempregados":78},{"NomeFaculdade":"Escola Superior Artística do Porto (Guimarães)","CodigoFaculdade":12033,"PercentagemDesemprego":21.91780821917808,"TotalDiplomados":73,"TotalDesempregados":16},{"NomeFaculdade":"Escola Superior de Actividades Imobiliárias","CodigoFaculdade":4020,"PercentagemDesemprego":6.185567010309279,"TotalDiplomados":194,"TotalDesempregados":12},{"NomeFaculdade":"Escola Superior de Artes Decorativas","CodigoFaculdade":24408,"PercentagemDesemprego":6.470588235294118,"TotalDiplomados":170,"TotalDesempregados":11},{"NomeFaculdade":"Escola Superior de Artes e Design","CodigoFaculdade":24414,"PercentagemDesemprego":16.341591987348444,"TotalDiplomados":1897,"TotalDesempregados":310},{"NomeFaculdade":"Escola Superior de Design","CodigoFaculdade":16444,"PercentagemDesemprego":3.368794326241135,"TotalDiplomados":1692,"TotalDesempregados":57},{"NomeFaculdade":"Escola Superior de Educadores de Infância Maria Ulrich","CodigoFaculdade":16260,"PercentagemDesemprego":8.421052631578947,"TotalDiplomados":95,"TotalDesempregados":8},{"NomeFaculdade":"Escola Superior de Educação Almeida Garrett","CodigoFaculdade":20370,"PercentagemDesemprego":6.117021276595745,"TotalDiplomados":376,"TotalDesempregados":23},{"NomeFaculdade":"Escola Superior de Educação de Fafe","CodigoFaculdade":44836,"PercentagemDesemprego":13.220338983050848,"TotalDiplomados":590,"TotalDesempregados":78},{"NomeFaculdade":"Escola Superior de Educação de João de Deus","CodigoFaculdade":28560,"PercentagemDesemprego":4.065040650406504,"TotalDiplomados":492,"TotalDesempregados":20},{"NomeFaculdade":"Escola Superior de Educação de Paula Frassinetti","CodigoFaculdade":28595,"PercentagemDesemprego":14.464099895941727,"TotalDiplomados":961,"TotalDesempregados":139},{"NomeFaculdade":"Escola Superior de Educação de Santa Maria","CodigoFaculdade":8180,"PercentagemDesemprego":-1.0,"TotalDiplomados":0,"TotalDesempregados":0},{"NomeFaculdade":"Escola Superior de Educação de Torres Novas","CodigoFaculdade":12285,"PercentagemDesemprego":19.047619047619047,"TotalDiplomados":42,"TotalDesempregados":8},{"NomeFaculdade":"Escola Superior de Educação Jean Piaget de Almada","CodigoFaculdade":65232,"PercentagemDesemprego":7.854251012145749,"TotalDiplomados":1235,"TotalDesempregados":97},{"NomeFaculdade":"Escola Superior de Educação Jean Piaget de Arcozelo","CodigoFaculdade":57092,"PercentagemDesemprego":15.028432168968319,"TotalDiplomados":1231,"TotalDesempregados":185},{"NomeFaculdade":"Escola Superior de Educação Jean Piaget de Arcozelo (Viseu)","CodigoFaculdade":24486,"PercentagemDesemprego":10.729613733905579,"TotalDiplomados":233,"TotalDesempregados":25},{"NomeFaculdade":"Escola Superior de Educação Jean Piaget de Nordeste","CodigoFaculdade":28553,"PercentagemDesemprego":14.906832298136646,"TotalDiplomados":322,"TotalDesempregados":48},{"NomeFaculdade":"Escola Superior de Enfermagem da Cruz Vermelha Portuguesa de Oliveira de Azeméis","CodigoFaculdade":4089,"PercentagemDesemprego":3.045685279187817,"TotalDiplomados":197,"TotalDesempregados":6},{"NomeFaculdade":"Escola Superior de Enfermagem da Imaculada Conceição","CodigoFaculdade":4092,"PercentagemDesemprego":2.395209580838323,"TotalDiplomados":167,"TotalDesempregados":4},{"NomeFaculdade":"Escola Superior de Enfermagem de Calouste Gulbenkian de Lisboa","CodigoFaculdade":7053,"PercentagemDesemprego":0.8888888888888888,"TotalDiplomados":225,"TotalDesempregados":2},{"NomeFaculdade":"Escola Superior de Enfermagem de Coimbra","CodigoFaculdade":7001,"PercentagemDesemprego":6.451612903225806,"TotalDiplomados":1550,"TotalDesempregados":100},{"NomeFaculdade":"Escola Superior de Enfermagem de Lisboa","CodigoFaculdade":7002,"PercentagemDesemprego":4.506802721088436,"TotalDiplomados":1176,"TotalDesempregados":53},{"NomeFaculdade":"Escola Superior de Enfermagem de Santa Maria","CodigoFaculdade":8194,"PercentagemDesemprego":9.608540925266905,"TotalDiplomados":281,"TotalDesempregados":27},{"NomeFaculdade":"Escola Superior de Enfermagem de São João","CodigoFaculdade":7061,"PercentagemDesemprego":0.6153846153846154,"TotalDiplomados":325,"TotalDesempregados":2},{"NomeFaculdade":"Escola Superior de Enfermagem Dr. José Timóteo Montalvão Machado","CodigoFaculdade":4093,"PercentagemDesemprego":14.814814814814815,"TotalDiplomados":189,"TotalDesempregados":28},{"NomeFaculdade":"Escola Superior de Hotelaria e Turismo do Estoril","CodigoFaculdade":78210,"PercentagemDesemprego":7.126436781609195,"TotalDiplomados":870,"TotalDesempregados":62},{"NomeFaculdade":"Escola Superior de Jornalismo","CodigoFaculdade":12300,"PercentagemDesemprego":11.11111111111111,"TotalDiplomados":9,"TotalDesempregados":1},{"NomeFaculdade":"Escola Superior de Marketing e Publicidade","CodigoFaculdade":12336,"PercentagemDesemprego":4.4673539518900345,"TotalDiplomados":582,"TotalDesempregados":26},{"NomeFaculdade":"Escola Superior de Saúde da Cruz Vermelha Portuguesa","CodigoFaculdade":12273,"PercentagemDesemprego":4.81283422459893,"TotalDiplomados":374,"TotalDesempregados":18},{"NomeFaculdade":"Escola Superior de Saúde do Alcoitão","CodigoFaculdade":16420,"PercentagemDesemprego":9.594882729211088,"TotalDiplomados":469,"TotalDesempregados":45},{"NomeFaculdade":"Escola Superior de Saúde Egas Moniz","CodigoFaculdade":49272,"PercentagemDesemprego":5.254237288135593,"TotalDiplomados":1770,"TotalDesempregados":93},{"NomeFaculdade":"Escola Superior de Saúde Jean Piaget de Algarve","CodigoFaculdade":8204,"PercentagemDesemprego":7.729468599033816,"TotalDiplomados":207,"TotalDesempregados":16},{"NomeFaculdade":"Escola Superior de Saúde Jean Piaget de Nordeste","CodigoFaculdade":24594,"PercentagemDesemprego":7.374631268436578,"TotalDiplomados":678,"TotalDesempregados":50},{"NomeFaculdade":"Escola Superior de Saúde Jean Piaget de Vila Nova de Gaia","CodigoFaculdade":24606,"PercentagemDesemprego":11.320754716981131,"TotalDiplomados":583,"TotalDesempregados":66},{"NomeFaculdade":"Escola Superior de Saúde Jean Piaget de Viseu","CodigoFaculdade":8206,"PercentagemDesemprego":3.012912482065997,"TotalDiplomados":697,"TotalDesempregados":21},{"NomeFaculdade":"Escola Superior de Saúde Ribeiro Sanches","CodigoFaculdade":12312,"PercentagemDesemprego":4.502369668246446,"TotalDiplomados":422,"TotalDesempregados":19},{"NomeFaculdade":"Escola Superior de Tecnologia e Gestão Jean Piaget do Litoral Alentejano","CodigoFaculdade":12927,"PercentagemDesemprego":10.526315789473685,"TotalDiplomados":95,"TotalDesempregados":10},{"NomeFaculdade":"Escola Superior de Tecnologias de Fafe","CodigoFaculdade":20575,"PercentagemDesemprego":15.254237288135593,"TotalDiplomados":177,"TotalDesempregados":27},{"NomeFaculdade":"Escola Superior de Tecnologias e Artes de Lisboa","CodigoFaculdade":20625,"PercentagemDesemprego":8.552631578947368,"TotalDiplomados":152,"TotalDesempregados":13},{"NomeFaculdade":"Escola Superior Gallaecia","CodigoFaculdade":4025,"PercentagemDesemprego":15.555555555555555,"TotalDiplomados":45,"TotalDesempregados":7},{"NomeFaculdade":"Escola Superior Náutica Infante D. Henrique","CodigoFaculdade":71050,"PercentagemDesemprego":6.481481481481482,"TotalDiplomados":432,"TotalDesempregados":28},{"NomeFaculdade":"Escola Universitária das Artes de Coimbra","CodigoFaculdade":28840,"PercentagemDesemprego":12.909441233140655,"TotalDiplomados":519,"TotalDesempregados":67},{"NomeFaculdade":"Escola Universitária Vasco da Gama","CodigoFaculdade":4126,"PercentagemDesemprego":3.875968992248062,"TotalDiplomados":129,"TotalDesempregados":5},{"NomeFaculdade":"Instituto de Arte, Design e Empresa - Universitário","CodigoFaculdade":13680,"PercentagemDesemprego":24.513618677042803,"TotalDiplomados":257,"TotalDesempregados":63},{"NomeFaculdade":"Instituto de Estudos Superiores de Contabilidade","CodigoFaculdade":4127,"PercentagemDesemprego":5.714285714285714,"TotalDiplomados":70,"TotalDesempregados":4},{"NomeFaculdade":"Instituto de Estudos Superiores Financeiros e Fiscais (Lisboa)","CodigoFaculdade":8280,"PercentagemDesemprego":-1.0,"TotalDiplomados":0,"TotalDesempregados":0},{"NomeFaculdade":"Instituto de Estudos Superiores Financeiros e Fiscais (Porto)","CodigoFaculdade":24846,"PercentagemDesemprego":8.461538461538462,"TotalDiplomados":130,"TotalDesempregados":11},{"NomeFaculdade":"Instituto Militar dos Pupilos do Exército-Secção de Ens. Superior","CodigoFaculdade":22860,"PercentagemDesemprego":0.0,"TotalDiplomados":45,"TotalDesempregados":0},{"NomeFaculdade":"Instituto Politécnico da Guarda - Escola Superior de Educação da Guarda (Seia)","CodigoFaculdade":3093,"PercentagemDesemprego":-1.0,"TotalDiplomados":0,"TotalDesempregados":0},{"NomeFaculdade":"Instituto Politécnico da Guarda - Escola Superior de Educação, Comunicação e Desporto","CodigoFaculdade":46365,"PercentagemDesemprego":11.912225705329154,"TotalDiplomados":1276,"TotalDesempregados":152},{"NomeFaculdade":"Instituto Politécnico da Guarda - Escola Superior de Saúde da Guarda","CodigoFaculdade":7040,"PercentagemDesemprego":13.422818791946309,"TotalDiplomados":149,"TotalDesempregados":20},{"NomeFaculdade":"Instituto Politécnico da Guarda - Escola Superior de Tecnologia e Gestão","CodigoFaculdade":68024,"PercentagemDesemprego":12.251655629139073,"TotalDiplomados":1208,"TotalDesempregados":148},{"NomeFaculdade":"Instituto Politécnico da Guarda - Escola Superior de Turismo e Hotelaria","CodigoFaculdade":6190,"PercentagemDesemprego":10.169491525423728,"TotalDiplomados":177,"TotalDesempregados":18},{"NomeFaculdade":"Instituto Politécnico de Beja - Escola Superior Agrária","CodigoFaculdade":39273,"PercentagemDesemprego":8.136094674556213,"TotalDiplomados":676,"TotalDesempregados":55},{"NomeFaculdade":"Instituto Politécnico de Beja - Escola Superior de Educação","CodigoFaculdade":36264,"PercentagemDesemprego":16.2406015037594,"TotalDiplomados":665,"TotalDesempregados":108},{"NomeFaculdade":"Instituto Politécnico de Beja - Escola Superior de Saúde","CodigoFaculdade":7005,"PercentagemDesemprego":7.425742574257426,"TotalDiplomados":202,"TotalDesempregados":15},{"NomeFaculdade":"Instituto Politécnico de Beja - Escola Superior de Tecnologia e de Gestão","CodigoFaculdade":33253,"PercentagemDesemprego":11.353711790393014,"TotalDiplomados":458,"TotalDesempregados":52},{"NomeFaculdade":"Instituto Politécnico de Bragança - Escola Superior Agrária de Bragança","CodigoFaculdade":45615,"PercentagemDesemprego":9.669211195928753,"TotalDiplomados":786,"TotalDesempregados":76},{"NomeFaculdade":"Instituto Politécnico de Bragança - Escola Superior de Comunicação, Administração e Turismo de Mirandela","CodigoFaculdade":24360,"PercentagemDesemprego":14.447236180904522,"TotalDiplomados":796,"TotalDesempregados":115},{"NomeFaculdade":"Instituto Politécnico de Bragança - Escola Superior de Educação de Bragança","CodigoFaculdade":48672,"PercentagemDesemprego":13.264346190028222,"TotalDiplomados":1063,"TotalDesempregados":141},{"NomeFaculdade":"Instituto Politécnico de Bragança - Escola Superior de Saúde de Bragança","CodigoFaculdade":42090,"PercentagemDesemprego":19.893428063943162,"TotalDiplomados":563,"TotalDesempregados":112},{"NomeFaculdade":"Instituto Politécnico de Bragança - Escola Superior de Tecnologia e de Gestão de Bragança","CodigoFaculdade":69989,"PercentagemDesemprego":10.08537886872999,"TotalDiplomados":1874,"TotalDesempregados":189},{"NomeFaculdade":"Instituto Politécnico de Castelo Branco - Escola Superior Agrária de Castelo Branco","CodigoFaculdade":36612,"PercentagemDesemprego":12.009237875288683,"TotalDiplomados":866,"TotalDesempregados":104},{"NomeFaculdade":"Instituto Politécnico de Castelo Branco - Escola Superior de Artes Aplicadas de Castelo Branco","CodigoFaculdade":18330,"PercentagemDesemprego":10.278372591006423,"TotalDiplomados":467,"TotalDesempregados":48},{"NomeFaculdade":"Instituto Politécnico de Castelo Branco - Escola Superior de Educação de Castelo Branco","CodigoFaculdade":36624,"PercentagemDesemprego":12.192622950819672,"TotalDiplomados":976,"TotalDesempregados":119},{"NomeFaculdade":"Instituto Politécnico de Castelo Branco - Escola Superior de Gestão de Idanha-a-Nova","CodigoFaculdade":21378,"PercentagemDesemprego":9.945750452079565,"TotalDiplomados":553,"TotalDesempregados":55},{"NomeFaculdade":"Instituto Politécnico de Castelo Branco - Escola Superior de Saúde Dr. Lopes Dias","CodigoFaculdade":35100,"PercentagemDesemprego":11.946050096339114,"TotalDiplomados":519,"TotalDesempregados":62},{"NomeFaculdade":"Instituto Politécnico de Castelo Branco - Escola Superior de Tecnologia de Castelo Branco","CodigoFaculdade":36636,"PercentagemDesemprego":7.515923566878981,"TotalDiplomados":785,"TotalDesempregados":59},{"NomeFaculdade":"Instituto Politécnico de Coimbra - Escola Superior Agrária de Coimbra","CodigoFaculdade":36732,"PercentagemDesemprego":13.023255813953488,"TotalDiplomados":860,"TotalDesempregados":112},{"NomeFaculdade":"Instituto Politécnico de Coimbra - Escola Superior de Educação de Coimbra","CodigoFaculdade":73488,"PercentagemDesemprego":9.872773536895675,"TotalDiplomados":1965,"TotalDesempregados":194},{"NomeFaculdade":"Instituto Politécnico de Coimbra - Escola Superior de Tecnologia da Saúde de Coimbra","CodigoFaculdade":72100,"PercentagemDesemprego":8.609271523178808,"TotalDiplomados":1057,"TotalDesempregados":91},{"NomeFaculdade":"Instituto Politécnico de Coimbra - Escola Superior de Tecnologia e Gestão de Oliveira do Hospital","CodigoFaculdade":6130,"PercentagemDesemprego":15.129151291512915,"TotalDiplomados":271,"TotalDesempregados":41},{"NomeFaculdade":"Instituto Politécnico de Coimbra - Instituto Superior de Contabilidade e Administração de Coimbra","CodigoFaculdade":21441,"PercentagemDesemprego":8.83435582822086,"TotalDiplomados":1630,"TotalDesempregados":144},{"NomeFaculdade":"Instituto Politécnico de Coimbra - Instituto Superior de Engenharia de Coimbra","CodigoFaculdade":61280,"PercentagemDesemprego":5.446076675026872,"TotalDiplomados":2791,"TotalDesempregados":152},{"NomeFaculdade":"Instituto Politécnico de Leiria - Escola Superior de Artes e Design das Caldas da Rainha","CodigoFaculdade":40339,"PercentagemDesemprego":11.75917215428034,"TotalDiplomados":2126,"TotalDesempregados":250},{"NomeFaculdade":"Instituto Politécnico de Leiria - Escola Superior de Educação de Leiria (Caldas da Rainha)","CodigoFaculdade":3104,"PercentagemDesemprego":0.0,"TotalDiplomados":1,"TotalDesempregados":0},{"NomeFaculdade":"Instituto Politécnico de Leiria - Escola Superior de Educação e Ciências Sociais","CodigoFaculdade":52717,"PercentagemDesemprego":13.99548532731377,"TotalDiplomados":1772,"TotalDesempregados":248},{"NomeFaculdade":"Instituto Politécnico de Leiria - Escola Superior de Saúde de Leiria","CodigoFaculdade":28180,"PercentagemDesemprego":11.864406779661017,"TotalDiplomados":236,"TotalDesempregados":28},{"NomeFaculdade":"Instituto Politécnico de Leiria - Escola Superior de Tecnologia e Gestão","CodigoFaculdade":93060,"PercentagemDesemprego":6.8159203980099505,"TotalDiplomados":4020,"TotalDesempregados":274},{"NomeFaculdade":"Instituto Politécnico de Leiria - Escola Superior de Turismo e Tecnologia do Mar de Peniche","CodigoFaculdade":27945,"PercentagemDesemprego":13.209876543209877,"TotalDiplomados":810,"TotalDesempregados":107},{"NomeFaculdade":"Instituto Politécnico de Lisboa - Escola Superior de Comunicação Social","CodigoFaculdade":37356,"PercentagemDesemprego":7.804232804232805,"TotalDiplomados":1512,"TotalDesempregados":118},{"NomeFaculdade":"Instituto Politécnico de Lisboa - Escola Superior de Dança","CodigoFaculdade":6222,"PercentagemDesemprego":7.6923076923076925,"TotalDiplomados":13,"TotalDesempregados":1},{"NomeFaculdade":"Instituto Politécnico de Lisboa - Escola Superior de Educação de Lisboa","CodigoFaculdade":31120,"PercentagemDesemprego":13.54581673306773,"TotalDiplomados":502,"TotalDesempregados":68},{"NomeFaculdade":"Instituto Politécnico de Lisboa - Escola Superior de Música","CodigoFaculdade":12456,"PercentagemDesemprego":1.6260162601626016,"TotalDiplomados":123,"TotalDesempregados":2},{"NomeFaculdade":"Instituto Politécnico de Lisboa - Escola Superior de Teatro e Cinema","CodigoFaculdade":34276,"PercentagemDesemprego":6.890756302521009,"TotalDiplomados":595,"TotalDesempregados":41},{"NomeFaculdade":"Instituto Politécnico de Lisboa - Escola Superior de Tecnologia da Saúde de Lisboa","CodigoFaculdade":115520,"PercentagemDesemprego":5.039439088518843,"TotalDiplomados":2282,"TotalDesempregados":115},{"NomeFaculdade":"Instituto Politécnico de Lisboa - Instituto Superior de Contabilidade e Administração de Lisboa","CodigoFaculdade":31170,"PercentagemDesemprego":5.813953488372093,"TotalDiplomados":1892,"TotalDesempregados":110},{"NomeFaculdade":"Instituto Politécnico de Lisboa - Instituto Superior de Engenharia de Lisboa","CodigoFaculdade":74832,"PercentagemDesemprego":6.266968325791855,"TotalDiplomados":4420,"TotalDesempregados":277},{"NomeFaculdade":"Instituto Politécnico de Portalegre - Escola Superior Agrária","CodigoFaculdade":15615,"PercentagemDesemprego":9.489051094890511,"TotalDiplomados":137,"TotalDesempregados":13},{"NomeFaculdade":"Instituto Politécnico de Portalegre - Escola Superior de Educação","CodigoFaculdade":46815,"PercentagemDesemprego":13.485804416403786,"TotalDiplomados":1268,"TotalDesempregados":171},{"NomeFaculdade":"Instituto Politécnico de Portalegre - Escola Superior de Saúde de Portalegre","CodigoFaculdade":7055,"PercentagemDesemprego":8.414239482200648,"TotalDiplomados":309,"TotalDesempregados":26},{"NomeFaculdade":"Instituto Politécnico de Portalegre - Escola Superior de Tecnologia e Gestão","CodigoFaculdade":78050,"PercentagemDesemprego":9.91869918699187,"TotalDiplomados":1845,"TotalDesempregados":183},{"NomeFaculdade":"Instituto Politécnico de Santarém - Escola Superior Agrária de Santarém","CodigoFaculdade":40833,"PercentagemDesemprego":6.837606837606837,"TotalDiplomados":1170,"TotalDesempregados":80},{"NomeFaculdade":"Instituto Politécnico de Santarém - Escola Superior de Desporto de Rio Maior","CodigoFaculdade":22015,"PercentagemDesemprego":10.277324632952691,"TotalDiplomados":613,"TotalDesempregados":63},{"NomeFaculdade":"Instituto Politécnico de Santarém - Escola Superior de Educação de Santarém","CodigoFaculdade":34562,"PercentagemDesemprego":15.48731642189586,"TotalDiplomados":749,"TotalDesempregados":116},{"NomeFaculdade":"Instituto Politécnico de Santarém - Escola Superior de Gestão e Tecnologia de Santarém","CodigoFaculdade":25144,"PercentagemDesemprego":13.658536585365853,"TotalDiplomados":615,"TotalDesempregados":84},{"NomeFaculdade":"Instituto Politécnico de Santarém - Escola Superior de Saúde de Santarém","CodigoFaculdade":7065,"PercentagemDesemprego":4.8979591836734695,"TotalDiplomados":245,"TotalDesempregados":12},{"NomeFaculdade":"Instituto Politécnico de Setúbal - Escola Superior de Ciências Empresariais","CodigoFaculdade":31530,"PercentagemDesemprego":7.431340872374798,"TotalDiplomados":1857,"TotalDesempregados":138},{"NomeFaculdade":"Instituto Politécnico de Setúbal - Escola Superior de Educação","CodigoFaculdade":37812,"PercentagemDesemprego":6.787330316742081,"TotalDiplomados":663,"TotalDesempregados":45},{"NomeFaculdade":"Instituto Politécnico de Setúbal - Escola Superior de Saúde","CodigoFaculdade":6310,"PercentagemDesemprego":8.0,"TotalDiplomados":325,"TotalDesempregados":26},{"NomeFaculdade":"Instituto Politécnico de Setúbal - Escola Superior de Tecnologia de Setúbal","CodigoFaculdade":44128,"PercentagemDesemprego":6.3559322033898304,"TotalDiplomados":1180,"TotalDesempregados":75},{"NomeFaculdade":"Instituto Politécnico de Setúbal - Escola Superior de Tecnologia do Barreiro","CodigoFaculdade":12616,"PercentagemDesemprego":13.274336283185841,"TotalDiplomados":113,"TotalDesempregados":15},{"NomeFaculdade":"Instituto Politécnico de Tomar - Escola Superior de Gestão de Tomar","CodigoFaculdade":32410,"PercentagemDesemprego":7.63819095477387,"TotalDiplomados":995,"TotalDesempregados":76},{"NomeFaculdade":"Instituto Politécnico de Tomar - Escola Superior de Tecnologia de Abrantes","CodigoFaculdade":12972,"PercentagemDesemprego":15.269461077844312,"TotalDiplomados":334,"TotalDesempregados":51},{"NomeFaculdade":"Instituto Politécnico de Tomar - Escola Superior de Tecnologia de Tomar","CodigoFaculdade":71324,"PercentagemDesemprego":8.135810377962844,"TotalDiplomados":1561,"TotalDesempregados":127},{"NomeFaculdade":"Instituto Politécnico de Viana do Castelo - Escola Superior Agrária","CodigoFaculdade":18966,"PercentagemDesemprego":13.029315960912053,"TotalDiplomados":307,"TotalDesempregados":40},{"NomeFaculdade":"Instituto Politécnico de Viana do Castelo - Escola Superior de Ciências Empresariais","CodigoFaculdade":9492,"PercentagemDesemprego":16.3265306122449,"TotalDiplomados":147,"TotalDesempregados":24},{"NomeFaculdade":"Instituto Politécnico de Viana do Castelo - Escola Superior de Educação","CodigoFaculdade":34782,"PercentagemDesemprego":13.953488372093023,"TotalDiplomados":344,"TotalDesempregados":48},{"NomeFaculdade":"Instituto Politécnico de Viana do Castelo - Escola Superior de Saúde de Viana do Castelo","CodigoFaculdade":7075,"PercentagemDesemprego":9.210526315789474,"TotalDiplomados":304,"TotalDesempregados":28},{"NomeFaculdade":"Instituto Politécnico de Viana do Castelo - Escola Superior de Tecnologia e Gestão","CodigoFaculdade":69586,"PercentagemDesemprego":11.447212336892052,"TotalDiplomados":1686,"TotalDesempregados":193},{"NomeFaculdade":"Instituto Politécnico de Viseu - Escola Superior Agrária de Viseu","CodigoFaculdade":31850,"PercentagemDesemprego":12.387096774193548,"TotalDiplomados":775,"TotalDesempregados":96},{"NomeFaculdade":"Instituto Politécnico de Viseu - Escola Superior de Educação de Viseu","CodigoFaculdade":47715,"PercentagemDesemprego":18.91156462585034,"TotalDiplomados":735,"TotalDesempregados":139},{"NomeFaculdade":"Instituto Politécnico de Viseu - Escola Superior de Educação de Viseu (Lamego)","CodigoFaculdade":9549,"PercentagemDesemprego":1.8315018315018314,"TotalDiplomados":273,"TotalDesempregados":5},{"NomeFaculdade":"Instituto Politécnico de Viseu - Escola Superior de Tecnologia e Gestão de Lamego","CodigoFaculdade":15930,"PercentagemDesemprego":11.715481171548117,"TotalDiplomados":478,"TotalDesempregados":56},{"NomeFaculdade":"Instituto Politécnico de Viseu - Escola Superior de Tecnologia e Gestão de Viseu","CodigoFaculdade":70004,"PercentagemDesemprego":8.117359413202934,"TotalDiplomados":2045,"TotalDesempregados":166},{"NomeFaculdade":"Instituto Politécnico do Cávado e do Ave - Escola Superior de Gestão","CodigoFaculdade":33341,"PercentagemDesemprego":20.74688796680498,"TotalDiplomados":723,"TotalDesempregados":150},{"NomeFaculdade":"Instituto Politécnico do Cávado e do Ave - Escola Superior de Tecnologia","CodigoFaculdade":15160,"PercentagemDesemprego":27.106227106227106,"TotalDiplomados":273,"TotalDesempregados":74},{"NomeFaculdade":"Instituto Politécnico do Porto","CodigoFaculdade":9390,"PercentagemDesemprego":9.836065573770492,"TotalDiplomados":183,"TotalDesempregados":18},{"NomeFaculdade":"Instituto Politécnico do Porto - Escola Superior de Educação","CodigoFaculdade":53227,"PercentagemDesemprego":16.117216117216117,"TotalDiplomados":1911,"TotalDesempregados":308},{"NomeFaculdade":"Instituto Politécnico do Porto - Escola Superior de Estudos Industriais e de Gestão","CodigoFaculdade":21931,"PercentagemDesemprego":12.239347234814144,"TotalDiplomados":1103,"TotalDesempregados":135},{"NomeFaculdade":"Instituto Politécnico do Porto - Escola Superior de Estudos Industriais e de Gestão (Póvoa do Varzim)","CodigoFaculdade":3137,"PercentagemDesemprego":-1.0,"TotalDiplomados":0,"TotalDesempregados":0},{"NomeFaculdade":"Instituto Politécnico do Porto - Escola Superior de Estudos Industriais e de Gestão (Vila do Conde)","CodigoFaculdade":9408,"PercentagemDesemprego":-1.0,"TotalDiplomados":0,"TotalDesempregados":0},{"NomeFaculdade":"Instituto Politécnico do Porto - Escola Superior de Música e das Artes do Espectáculo","CodigoFaculdade":34452,"PercentagemDesemprego":14.775160599571734,"TotalDiplomados":467,"TotalDesempregados":69},{"NomeFaculdade":"Instituto Politécnico do Porto - Escola Superior de Tecnologia da Saúde do Porto","CodigoFaculdade":108450,"PercentagemDesemprego":12.804561949196476,"TotalDiplomados":1929,"TotalDesempregados":247},{"NomeFaculdade":"Instituto Politécnico do Porto - Escola Superior de Tecnologia e Gestão de Felgueiras","CodigoFaculdade":12552,"PercentagemDesemprego":14.340344168260039,"TotalDiplomados":523,"TotalDesempregados":75},{"NomeFaculdade":"Instituto Politécnico do Porto - Instituto Superior de Contabilidade e Administração do Porto","CodigoFaculdade":62680,"PercentagemDesemprego":7.8802992518703245,"TotalDiplomados":2005,"TotalDesempregados":158},{"NomeFaculdade":"Instituto Politécnico do Porto - Instituto Superior de Engenharia do Porto","CodigoFaculdade":122265,"PercentagemDesemprego":8.26817826426896,"TotalDiplomados":5116,"TotalDesempregados":423},{"NomeFaculdade":"Instituto Português de Administração de Marketing de Lisboa","CodigoFaculdade":16624,"PercentagemDesemprego":5.714285714285714,"TotalDiplomados":595,"TotalDesempregados":34},{"NomeFaculdade":"Instituto Português de Administração de Marketing de Matosinhos de Aveiro","CodigoFaculdade":12471,"PercentagemDesemprego":5.238095238095238,"TotalDiplomados":210,"TotalDesempregados":11},{"NomeFaculdade":"Instituto Português de Administração de Marketing do Porto","CodigoFaculdade":20775,"PercentagemDesemprego":5.853658536585366,"TotalDiplomados":615,"TotalDesempregados":36},{"NomeFaculdade":"Instituto Português de Estudos Superiores","CodigoFaculdade":8318,"PercentagemDesemprego":-1.0,"TotalDiplomados":0,"TotalDesempregados":0},{"NomeFaculdade":"Instituto Superior Autónomo de Estudos Politécnicos","CodigoFaculdade":37440,"PercentagemDesemprego":3.8071065989847717,"TotalDiplomados":394,"TotalDesempregados":15},{"NomeFaculdade":"Instituto Superior Bissaya Barreto","CodigoFaculdade":21275,"PercentagemDesemprego":6.462585034013605,"TotalDiplomados":294,"TotalDesempregados":19},{"NomeFaculdade":"Instituto Superior D. Afonso III","CodigoFaculdade":38610,"PercentagemDesemprego":7.216494845360825,"TotalDiplomados":873,"TotalDesempregados":63},{"NomeFaculdade":"Instituto Superior D. Dinis","CodigoFaculdade":12876,"PercentagemDesemprego":6.818181818181818,"TotalDiplomados":176,"TotalDesempregados":12},{"NomeFaculdade":"Instituto Superior de Administração e Gestão","CodigoFaculdade":37800,"PercentagemDesemprego":9.216101694915254,"TotalDiplomados":944,"TotalDesempregados":87},{"NomeFaculdade":"Instituto Superior de Administração e Línguas","CodigoFaculdade":12660,"PercentagemDesemprego":2.4258760107816713,"TotalDiplomados":371,"TotalDesempregados":9},{"NomeFaculdade":"Instituto Superior de Administração, Comunicação e Empresa","CodigoFaculdade":12510,"PercentagemDesemprego":12.5,"TotalDiplomados":8,"TotalDesempregados":1},{"NomeFaculdade":"Instituto Superior de Assistentes e Intérpretes","CodigoFaculdade":29750,"PercentagemDesemprego":1.5444015444015444,"TotalDiplomados":259,"TotalDesempregados":4},{"NomeFaculdade":"Instituto Superior de Ciências da Administração","CodigoFaculdade":12825,"PercentagemDesemprego":7.594936708860759,"TotalDiplomados":158,"TotalDesempregados":12},{"NomeFaculdade":"Instituto Superior de Ciências da Informação e da Administração","CodigoFaculdade":25662,"PercentagemDesemprego":5.2631578947368425,"TotalDiplomados":152,"TotalDesempregados":8},{"NomeFaculdade":"Instituto Superior de Ciências da Saúde - Norte","CodigoFaculdade":46871,"PercentagemDesemprego":11.773818745158792,"TotalDiplomados":1291,"TotalDesempregados":152},{"NomeFaculdade":"Instituto Superior de Ciências da Saúde Egas Moniz","CodigoFaculdade":29820,"PercentagemDesemprego":6.976744186046512,"TotalDiplomados":1333,"TotalDesempregados":93},{"NomeFaculdade":"Instituto Superior de Ciências Educativas","CodigoFaculdade":64050,"PercentagemDesemprego":9.225413402959095,"TotalDiplomados":1149,"TotalDesempregados":106},{"NomeFaculdade":"Instituto Superior de Ciências Educativas de Felgueiras","CodigoFaculdade":25626,"PercentagemDesemprego":12.4031007751938,"TotalDiplomados":258,"TotalDesempregados":32},{"NomeFaculdade":"Instituto Superior de Ciências Educativas de Mangualde","CodigoFaculdade":4272,"PercentagemDesemprego":20.0,"TotalDiplomados":10,"TotalDesempregados":2},{"NomeFaculdade":"Instituto Superior de Ciências Empresariais e do Turismo","CodigoFaculdade":42800,"PercentagemDesemprego":13.88888888888889,"TotalDiplomados":576,"TotalDesempregados":80},{"NomeFaculdade":"Instituto Superior de Comunicação Empresarial","CodigoFaculdade":8590,"PercentagemDesemprego":6.434316353887399,"TotalDiplomados":373,"TotalDesempregados":24},{"NomeFaculdade":"Instituto Superior de Educação e Ciências","CodigoFaculdade":47278,"PercentagemDesemprego":8.637469586374696,"TotalDiplomados":822,"TotalDesempregados":71},{"NomeFaculdade":"Instituto Superior de Educação e Trabalho","CodigoFaculdade":8598,"PercentagemDesemprego":0.796812749003984,"TotalDiplomados":251,"TotalDesempregados":2},{"NomeFaculdade":"Instituto Superior de Entre Douro e Vouga","CodigoFaculdade":42830,"PercentagemDesemprego":9.235668789808917,"TotalDiplomados":628,"TotalDesempregados":58},{"NomeFaculdade":"Instituto Superior de Espinho","CodigoFaculdade":4303,"PercentagemDesemprego":11.940298507462687,"TotalDiplomados":67,"TotalDesempregados":8},{"NomeFaculdade":"Instituto Superior de Estudos Interculturais e Transdisciplinares - Mirandela","CodigoFaculdade":21535,"PercentagemDesemprego":17.708333333333332,"TotalDiplomados":96,"TotalDesempregados":17},{"NomeFaculdade":"Instituto Superior de Estudos Interculturais e Transdisciplinares de Almada","CodigoFaculdade":25836,"PercentagemDesemprego":4.854368932038835,"TotalDiplomados":309,"TotalDesempregados":15},{"NomeFaculdade":"Instituto Superior de Estudos Interculturais e Transdisciplinares de Viseu","CodigoFaculdade":25848,"PercentagemDesemprego":8.041958041958042,"TotalDiplomados":286,"TotalDesempregados":23},{"NomeFaculdade":"Instituto Superior de Gestão","CodigoFaculdade":17200,"PercentagemDesemprego":7.079646017699115,"TotalDiplomados":565,"TotalDesempregados":40},{"NomeFaculdade":"Instituto Superior de Gestão Bancária","CodigoFaculdade":17220,"PercentagemDesemprego":2.5686448184233837,"TotalDiplomados":1129,"TotalDesempregados":29},{"NomeFaculdade":"Instituto Superior de Humanidades e Tecnologias (Castelo Branco)","CodigoFaculdade":4311,"PercentagemDesemprego":-1.0,"TotalDiplomados":0,"TotalDesempregados":0},{"NomeFaculdade":"Instituto Superior de Humanidades e Tecnologias de Lisboa","CodigoFaculdade":8620,"PercentagemDesemprego":0.0,"TotalDiplomados":24,"TotalDesempregados":0},{"NomeFaculdade":"Instituto Superior de Informática e Gestão","CodigoFaculdade":4050,"PercentagemDesemprego":1.075268817204301,"TotalDiplomados":93,"TotalDesempregados":1},{"NomeFaculdade":"Instituto Superior de Línguas e Administração de Bragança","CodigoFaculdade":13053,"PercentagemDesemprego":10.16260162601626,"TotalDiplomados":246,"TotalDesempregados":25},{"NomeFaculdade":"Instituto Superior de Línguas e Administração de Leiria","CodigoFaculdade":39186,"PercentagemDesemprego":9.174311926605505,"TotalDiplomados":218,"TotalDesempregados":20},{"NomeFaculdade":"Instituto Superior de Línguas e Administração de Vila Nova de Gaia","CodigoFaculdade":56589,"PercentagemDesemprego":8.317214700193423,"TotalDiplomados":517,"TotalDesempregados":43},{"NomeFaculdade":"Instituto Superior de Matemática e Gestão (Castelo Branco)","CodigoFaculdade":4362,"PercentagemDesemprego":-1.0,"TotalDiplomados":0,"TotalDesempregados":0},{"NomeFaculdade":"Instituto Superior de Matemática e Gestão (Marinha Grande)","CodigoFaculdade":4361,"PercentagemDesemprego":-1.0,"TotalDiplomados":0,"TotalDesempregados":0},{"NomeFaculdade":"Instituto Superior de Matemática e Gestão (Portimão)","CodigoFaculdade":4365,"PercentagemDesemprego":-1.0,"TotalDiplomados":0,"TotalDesempregados":0},{"NomeFaculdade":"Instituto Superior de Matemática e Gestão (Torres Vedras)","CodigoFaculdade":4364,"PercentagemDesemprego":0.0,"TotalDiplomados":21,"TotalDesempregados":0},{"NomeFaculdade":"Instituto Superior de Matemática e Gestão de Lisboa","CodigoFaculdade":8720,"PercentagemDesemprego":-1.0,"TotalDiplomados":0,"TotalDesempregados":0},{"NomeFaculdade":"Instituto Superior de Novas Profissões","CodigoFaculdade":33200,"PercentagemDesemprego":8.428246013667426,"TotalDiplomados":439,"TotalDesempregados":37},{"NomeFaculdade":"Instituto Superior de Paços de Brandão","CodigoFaculdade":26280,"PercentagemDesemprego":9.49367088607595,"TotalDiplomados":158,"TotalDesempregados":15},{"NomeFaculdade":"Instituto Superior de Psicologia Aplicada de Beja","CodigoFaculdade":4451,"PercentagemDesemprego":47.82608695652174,"TotalDiplomados":23,"TotalDesempregados":11},{"NomeFaculdade":"Instituto Superior de Saúde do Alto Ave","CodigoFaculdade":35680,"PercentagemDesemprego":8.777120315581854,"TotalDiplomados":1014,"TotalDesempregados":89},{"NomeFaculdade":"Instituto Superior de Serviço Social do Porto","CodigoFaculdade":9040,"PercentagemDesemprego":14.205816554809843,"TotalDiplomados":894,"TotalDesempregados":127},{"NomeFaculdade":"Instituto Superior de Tecnologias Avançadas de Lisboa","CodigoFaculdade":22650,"PercentagemDesemprego":2.293577981651376,"TotalDiplomados":436,"TotalDesempregados":10},{"NomeFaculdade":"Instituto Superior de Tecnologias Avançadas de Lisboa (Porto)","CodigoFaculdade":18124,"PercentagemDesemprego":7.086614173228346,"TotalDiplomados":127,"TotalDesempregados":9},{"NomeFaculdade":"Instituto Superior de Transportes (Lisboa)","CodigoFaculdade":4551,"PercentagemDesemprego":-1.0,"TotalDiplomados":0,"TotalDesempregados":0},{"NomeFaculdade":"Instituto Superior Manuel Teixeira Gomes","CodigoFaculdade":39375,"PercentagemDesemprego":14.19939577039275,"TotalDiplomados":331,"TotalDesempregados":47},{"NomeFaculdade":"Instituto Superior Miguel Torga","CodigoFaculdade":45000,"PercentagemDesemprego":13.318777292576419,"TotalDiplomados":916,"TotalDesempregados":122},{"NomeFaculdade":"Instituto Superior Politécnico do Oeste","CodigoFaculdade":8770,"PercentagemDesemprego":10.714285714285714,"TotalDiplomados":56,"TotalDesempregados":6},{"NomeFaculdade":"Instituto Superior Politécnico Gaya - Escola Superior de Ciência e Tecnologia","CodigoFaculdade":48862,"PercentagemDesemprego":5.454545454545454,"TotalDiplomados":385,"TotalDesempregados":21},{"NomeFaculdade":"Instituto Superior Politécnico Gaya - Escola Superior de Desenvolvimento Social e Comunitário","CodigoFaculdade":31087,"PercentagemDesemprego":9.25925925925926,"TotalDiplomados":216,"TotalDesempregados":20},{"NomeFaculdade":"Instituto Superior Politécnico Gaya - Escola Superior de Educação de Santa Maria","CodigoFaculdade":4443,"PercentagemDesemprego":10.0,"TotalDiplomados":10,"TotalDesempregados":1},{"NomeFaculdade":"Instituto Superior Politécnico Internacional","CodigoFaculdade":30975,"PercentagemDesemprego":2.0833333333333335,"TotalDiplomados":480,"TotalDesempregados":10},{"NomeFaculdade":"Instituto Superior Politécnico Portucalense de Penafiel","CodigoFaculdade":4436,"PercentagemDesemprego":-1.0,"TotalDiplomados":0,"TotalDesempregados":0},{"NomeFaculdade":"Instituto Universitário da Maia - ISMAI","CodigoFaculdade":156888,"PercentagemDesemprego":12.71461716937355,"TotalDiplomados":4310,"TotalDesempregados":548},{"NomeFaculdade":"ISCTE - Instituto Universitário de Lisboa","CodigoFaculdade":299200,"PercentagemDesemprego":4.912935323383085,"TotalDiplomados":6432,"TotalDesempregados":316},{"NomeFaculdade":"ISLA - Instituto Superior de Gestão e Administração de Santarém","CodigoFaculdade":30464,"PercentagemDesemprego":15.044247787610619,"TotalDiplomados":113,"TotalDesempregados":17},{"NomeFaculdade":"ISPA-Instituto Universitário de Ciências Psicológicas, Sociais e da Vida","CodigoFaculdade":57850,"PercentagemDesemprego":8.801369863013699,"TotalDiplomados":2920,"TotalDesempregados":257},{"NomeFaculdade":"Universidade Aberta","CodigoFaculdade":33600,"PercentagemDesemprego":3.122730573710966,"TotalDiplomados":1377,"TotalDesempregados":43},{"NomeFaculdade":"Universidade Atlântica","CodigoFaculdade":16200,"PercentagemDesemprego":11.872146118721462,"TotalDiplomados":219,"TotalDesempregados":26},{"NomeFaculdade":"Universidade Atlântica - Escola Superior de Saúde Atlântica","CodigoFaculdade":13505,"PercentagemDesemprego":7.023411371237458,"TotalDiplomados":598,"TotalDesempregados":42},{"NomeFaculdade":"Universidade Autónoma de Lisboa Luís de Camões","CodigoFaculdade":39900,"PercentagemDesemprego":6.69710806697108,"TotalDiplomados":2628,"TotalDesempregados":176},{"NomeFaculdade":"Universidade Autónoma de Lisboa Luís de Camões (Caldas da Rainha)","CodigoFaculdade":4202,"PercentagemDesemprego":-1.0,"TotalDiplomados":0,"TotalDesempregados":0},{"NomeFaculdade":"Universidade Católica Portuguesa - Centro Regional das Beiras","CodigoFaculdade":15575,"PercentagemDesemprego":13.714285714285714,"TotalDiplomados":175,"TotalDesempregados":24},{"NomeFaculdade":"Universidade Católica Portuguesa - Escola das Artes","CodigoFaculdade":9060,"PercentagemDesemprego":11.019283746556473,"TotalDiplomados":363,"TotalDesempregados":40},{"NomeFaculdade":"Universidade Católica Portuguesa - Escola Superior de Biotecnologia","CodigoFaculdade":17680,"PercentagemDesemprego":14.677103718199609,"TotalDiplomados":511,"TotalDesempregados":75},{"NomeFaculdade":"Universidade Católica Portuguesa - Escola Superior de Ciências e Tecnologia","CodigoFaculdade":2250,"PercentagemDesemprego":2.272727272727273,"TotalDiplomados":44,"TotalDesempregados":1},{"NomeFaculdade":"Universidade Católica Portuguesa - Escola Superior de Ciências e Tecnologia (Viseu)","CodigoFaculdade":2251,"PercentagemDesemprego":8.333333333333334,"TotalDiplomados":12,"TotalDesempregados":1},{"NomeFaculdade":"Universidade Católica Portuguesa - Escola Superior Politécnica de Saúde (Lisboa)","CodigoFaculdade":2215,"PercentagemDesemprego":4.697986577181208,"TotalDiplomados":298,"TotalDesempregados":14},{"NomeFaculdade":"Universidade Católica Portuguesa - Escola Superior Politécnica de Saúde (Porto)","CodigoFaculdade":2216,"PercentagemDesemprego":8.19672131147541,"TotalDiplomados":61,"TotalDesempregados":5},{"NomeFaculdade":"Universidade Católica Portuguesa - Faculdade de Ciências Económicas e Empresariais","CodigoFaculdade":9080,"PercentagemDesemprego":2.403495994173343,"TotalDiplomados":1373,"TotalDesempregados":33},{"NomeFaculdade":"Universidade Católica Portuguesa - Faculdade de Ciências Humanas","CodigoFaculdade":22200,"PercentagemDesemprego":7.678780773739742,"TotalDiplomados":1706,"TotalDesempregados":131},{"NomeFaculdade":"Universidade Católica Portuguesa - Faculdade de Ciências Humanas (Leiria)","CodigoFaculdade":2222,"PercentagemDesemprego":-1.0,"TotalDiplomados":0,"TotalDesempregados":0},{"NomeFaculdade":"Universidade Católica Portuguesa - Faculdade de Ciências Sociais","CodigoFaculdade":11105,"PercentagemDesemprego":16.666666666666668,"TotalDiplomados":492,"TotalDesempregados":82},{"NomeFaculdade":"Universidade Católica Portuguesa - Faculdade de Direito","CodigoFaculdade":6840,"PercentagemDesemprego":1.0964912280701755,"TotalDiplomados":912,"TotalDesempregados":10},{"NomeFaculdade":"Universidade Católica Portuguesa - Faculdade de Direito (Porto)","CodigoFaculdade":2281,"PercentagemDesemprego":6.397306397306397,"TotalDiplomados":891,"TotalDesempregados":57},{"NomeFaculdade":"Universidade Católica Portuguesa - Faculdade de Economia e Gestão","CodigoFaculdade":11355,"PercentagemDesemprego":6.420545746388443,"TotalDiplomados":623,"TotalDesempregados":40},{"NomeFaculdade":"Universidade Católica Portuguesa - Faculdade de Educação e Psicologia","CodigoFaculdade":6867,"PercentagemDesemprego":13.846153846153847,"TotalDiplomados":455,"TotalDesempregados":63},{"NomeFaculdade":"Universidade Católica Portuguesa - Faculdade de Educação e Psicologia (Lisboa)","CodigoFaculdade":2292,"PercentagemDesemprego":2.0408163265306123,"TotalDiplomados":147,"TotalDesempregados":3},{"NomeFaculdade":"Universidade Católica Portuguesa - Faculdade de Engenharia","CodigoFaculdade":4510,"PercentagemDesemprego":5.084745762711864,"TotalDiplomados":59,"TotalDesempregados":3},{"NomeFaculdade":"Universidade Católica Portuguesa - Faculdade de Filosofia","CodigoFaculdade":20070,"PercentagemDesemprego":16.2534435261708,"TotalDiplomados":363,"TotalDesempregados":59},{"NomeFaculdade":"Universidade Católica Portuguesa - Faculdade de Letras","CodigoFaculdade":8940,"PercentagemDesemprego":27.77777777777778,"TotalDiplomados":54,"TotalDesempregados":15},{"NomeFaculdade":"Universidade Católica Portuguesa - Faculdade de Teologia","CodigoFaculdade":6720,"PercentagemDesemprego":3.21285140562249,"TotalDiplomados":249,"TotalDesempregados":8},{"NomeFaculdade":"Universidade Católica Portuguesa - Faculdade de Teologia (Braga)","CodigoFaculdade":2241,"PercentagemDesemprego":7.142857142857143,"TotalDiplomados":14,"TotalDesempregados":1},{"NomeFaculdade":"Universidade Católica Portuguesa - Faculdade de Teologia (em regime de extensão em Vila Real)","CodigoFaculdade":2244,"PercentagemDesemprego":-1.0,"TotalDiplomados":0,"TotalDesempregados":0},{"NomeFaculdade":"Universidade Católica Portuguesa - Faculdade de Teologia (Porto)","CodigoFaculdade":4484,"PercentagemDesemprego":5.454545454545454,"TotalDiplomados":55,"TotalDesempregados":3},{"NomeFaculdade":"Universidade Católica Portuguesa - Instituto de Estudos Políticos","CodigoFaculdade":4590,"PercentagemDesemprego":2.380952380952381,"TotalDiplomados":126,"TotalDesempregados":3},{"NomeFaculdade":"Universidade Católica Portuguesa - Instituto Universitário de Desenvolvimento e Promoção Social","CodigoFaculdade":2260,"PercentagemDesemprego":10.0,"TotalDiplomados":30,"TotalDesempregados":3},{"NomeFaculdade":"Universidade da Beira Interior","CodigoFaculdade":24400,"PercentagemDesemprego":10.560870380791597,"TotalDiplomados":5331,"TotalDesempregados":563},{"NomeFaculdade":"Universidade da Madeira","CodigoFaculdade":10400,"PercentagemDesemprego":0.7371007371007371,"TotalDiplomados":1221,"TotalDesempregados":9},{"NomeFaculdade":"Universidade da Madeira - Instituto Superior de Arte e Design","CodigoFaculdade":5700,"PercentagemDesemprego":-1.0,"TotalDiplomados":0,"TotalDesempregados":0},{"NomeFaculdade":"Universidade de Aveiro","CodigoFaculdade":26700,"PercentagemDesemprego":7.401705352913312,"TotalDiplomados":8444,"TotalDesempregados":625},{"NomeFaculdade":"Universidade de Aveiro - Escola Superior de Saúde de Aveiro","CodigoFaculdade":12052,"PercentagemDesemprego":14.902807775377969,"TotalDiplomados":463,"TotalDesempregados":69},{"NomeFaculdade":"Universidade de Aveiro - Escola Superior de Tecnologia e Gestão de Águeda","CodigoFaculdade":18072,"PercentagemDesemprego":8.215962441314554,"TotalDiplomados":426,"TotalDesempregados":35},{"NomeFaculdade":"Universidade de Aveiro - Instituto Superior de Contabilidade e Administração de Aveiro","CodigoFaculdade":18066,"PercentagemDesemprego":7.304116865869854,"TotalDiplomados":753,"TotalDesempregados":55},{"NomeFaculdade":"Universidade de Coimbra - Faculdade de Ciências do Desporto e Educação Física","CodigoFaculdade":1524,"PercentagemDesemprego":7.202680067001675,"TotalDiplomados":597,"TotalDesempregados":43},{"NomeFaculdade":"Universidade de Coimbra - Faculdade de Ciências e Tecnologia","CodigoFaculdade":22044,"PercentagemDesemprego":5.112721417069243,"TotalDiplomados":4968,"TotalDesempregados":254},{"NomeFaculdade":"Universidade de Coimbra - Faculdade de Direito","CodigoFaculdade":2008,"PercentagemDesemprego":7.8834618680377035,"TotalDiplomados":1167,"TotalDesempregados":92},{"NomeFaculdade":"Universidade de Coimbra - Faculdade de Economia","CodigoFaculdade":5533,"PercentagemDesemprego":8.846383741781231,"TotalDiplomados":1673,"TotalDesempregados":148},{"NomeFaculdade":"Universidade de Coimbra - Faculdade de Farmácia","CodigoFaculdade":3528,"PercentagemDesemprego":3.6405005688282137,"TotalDiplomados":879,"TotalDesempregados":32},{"NomeFaculdade":"Universidade de Coimbra - Faculdade de Letras","CodigoFaculdade":16160,"PercentagemDesemprego":11.872986654394845,"TotalDiplomados":2173,"TotalDesempregados":258},{"NomeFaculdade":"Universidade de Coimbra - Faculdade de Medicina","CodigoFaculdade":3036,"PercentagemDesemprego":1.5544041450777202,"TotalDiplomados":965,"TotalDesempregados":15},{"NomeFaculdade":"Universidade de Coimbra - Faculdade de Psicologia e de Ciências da Educação","CodigoFaculdade":4563,"PercentagemDesemprego":14.41263573543929,"TotalDiplomados":2026,"TotalDesempregados":292},{"NomeFaculdade":"Universidade de Lisboa","CodigoFaculdade":700,"PercentagemDesemprego":11.11111111111111,"TotalDiplomados":9,"TotalDesempregados":1},{"NomeFaculdade":"Universidade de Lisboa - Faculdade de Arquitectura","CodigoFaculdade":1501,"PercentagemDesemprego":-1.0,"TotalDiplomados":0,"TotalDesempregados":1},{"NomeFaculdade":"Universidade de Lisboa - Faculdade de Belas-Artes","CodigoFaculdade":75730,"PercentagemDesemprego":7.638888888888889,"TotalDiplomados":1152,"TotalDesempregados":88},{"NomeFaculdade":"Universidade de Lisboa - Faculdade de Ciências","CodigoFaculdade":32448,"PercentagemDesemprego":4.477611940298507,"TotalDiplomados":3819,"TotalDesempregados":171},{"NomeFaculdade":"Universidade de Lisboa - Faculdade de Direito","CodigoFaculdade":2808,"PercentagemDesemprego":4.489247311827957,"TotalDiplomados":3720,"TotalDesempregados":167},{"NomeFaculdade":"Universidade de Lisboa - Faculdade de Farmácia","CodigoFaculdade":2109,"PercentagemDesemprego":1.2837837837837838,"TotalDiplomados":1480,"TotalDesempregados":19},{"NomeFaculdade":"Universidade de Lisboa - Faculdade de Letras","CodigoFaculdade":34594,"PercentagemDesemprego":8.488904543853469,"TotalDiplomados":2839,"TotalDesempregados":241},{"NomeFaculdade":"Universidade de Lisboa - Faculdade de Medicina","CodigoFaculdade":1410,"PercentagemDesemprego":0.4807692307692308,"TotalDiplomados":832,"TotalDesempregados":4},{"NomeFaculdade":"Universidade de Lisboa - Faculdade de Medicina Dentária","CodigoFaculdade":19800,"PercentagemDesemprego":4.4476327116212335,"TotalDiplomados":697,"TotalDesempregados":31},{"NomeFaculdade":"Universidade de Lisboa - Faculdade de Psicologia","CodigoFaculdade":2221,"PercentagemDesemprego":10.0,"TotalDiplomados":30,"TotalDesempregados":3},{"NomeFaculdade":"Universidade de Lisboa - Faculdade de Psicologia e de Ciências da Educação","CodigoFaculdade":3530,"PercentagemDesemprego":3.7275064267352187,"TotalDiplomados":778,"TotalDesempregados":29},{"NomeFaculdade":"Universidade de Lisboa - Instituto de Educação","CodigoFaculdade":3640,"PercentagemDesemprego":3.930131004366812,"TotalDiplomados":229,"TotalDesempregados":9},{"NomeFaculdade":"Universidade de Lisboa - Instituto de Geografia e Ordenamento do Território","CodigoFaculdade":2124,"PercentagemDesemprego":11.64179104477612,"TotalDiplomados":335,"TotalDesempregados":39},{"NomeFaculdade":"Universidade de Lisboa - Instituto Superior de Ciências Sociais e Políticas","CodigoFaculdade":1516,"PercentagemDesemprego":-1.0,"TotalDiplomados":0,"TotalDesempregados":3},{"NomeFaculdade":"Universidade de Lisboa - Instituto Superior de Economia e Gestão","CodigoFaculdade":1517,"PercentagemDesemprego":-1.0,"TotalDiplomados":0,"TotalDesempregados":11},{"NomeFaculdade":"Universidade de Lisboa - Instituto Superior Técnico (Alameda)","CodigoFaculdade":1518,"PercentagemDesemprego":-1.0,"TotalDiplomados":0,"TotalDesempregados":1},{"NomeFaculdade":"Universidade de Trás-os-Montes e Alto Douro","CodigoFaculdade":51600,"PercentagemDesemprego":9.368635437881874,"TotalDiplomados":2455,"TotalDesempregados":230},{"NomeFaculdade":"Universidade de Trás-os-Montes e Alto Douro (Chaves)","CodigoFaculdade":5160,"PercentagemDesemprego":7.5,"TotalDiplomados":240,"TotalDesempregados":18},{"NomeFaculdade":"Universidade de Trás-os-Montes e Alto Douro (Miranda do Douro)","CodigoFaculdade":2560,"PercentagemDesemprego":13.72549019607843,"TotalDiplomados":204,"TotalDesempregados":28},{"NomeFaculdade":"Universidade de Trás-os-Montes e Alto Douro - Escola de Ciências Agrárias e Veterinárias","CodigoFaculdade":7206,"PercentagemDesemprego":27.54237288135593,"TotalDiplomados":236,"TotalDesempregados":65},{"NomeFaculdade":"Universidade de Trás-os-Montes e Alto Douro - Escola de Ciências da Vida e do Ambiente","CodigoFaculdade":10836,"PercentagemDesemprego":28.658536585365855,"TotalDiplomados":492,"TotalDesempregados":141},{"NomeFaculdade":"Universidade de Trás-os-Montes e Alto Douro - Escola de Ciências e Tecnologia","CodigoFaculdade":9624,"PercentagemDesemprego":29.361702127659573,"TotalDiplomados":235,"TotalDesempregados":69},{"NomeFaculdade":"Universidade de Trás-os-Montes e Alto Douro - Escola de Ciências Humanas e Sociais","CodigoFaculdade":12020,"PercentagemDesemprego":34.87940630797774,"TotalDiplomados":539,"TotalDesempregados":188},{"NomeFaculdade":"Universidade de Trás-os-Montes e Alto Douro - Escola de Ciências Humanas e Sociais (Chaves)","CodigoFaculdade":1205,"PercentagemDesemprego":30.88235294117647,"TotalDiplomados":68,"TotalDesempregados":21},{"NomeFaculdade":"Universidade de Trás-os-Montes e Alto Douro - Escola Superior de Enfermagem de Vila Real","CodigoFaculdade":7080,"PercentagemDesemprego":13.256484149855908,"TotalDiplomados":347,"TotalDesempregados":46},{"NomeFaculdade":"Universidade de Évora","CodigoFaculdade":27600,"PercentagemDesemprego":7.273378717305625,"TotalDiplomados":2791,"TotalDesempregados":203},{"NomeFaculdade":"Universidade de Évora - Escola de Artes","CodigoFaculdade":3015,"PercentagemDesemprego":19.310344827586206,"TotalDiplomados":145,"TotalDesempregados":28},{"NomeFaculdade":"Universidade de Évora - Escola de Ciências e Tecnologia","CodigoFaculdade":9030,"PercentagemDesemprego":17.380025940337223,"TotalDiplomados":771,"TotalDesempregados":134},{"NomeFaculdade":"Universidade de Évora - Escola de Ciências Sociais","CodigoFaculdade":7248,"PercentagemDesemprego":13.090551181102363,"TotalDiplomados":1016,"TotalDesempregados":133},{"NomeFaculdade":"Universidade de Évora - Instituto de Investigação e Formação Avançada","CodigoFaculdade":601,"PercentagemDesemprego":6.666666666666667,"TotalDiplomados":15,"TotalDesempregados":1},{"NomeFaculdade":"Universidade do Algarve","CodigoFaculdade":1600,"PercentagemDesemprego":16.513761467889907,"TotalDiplomados":109,"TotalDesempregados":18},{"NomeFaculdade":"Universidade do Algarve - Escola Superior de Educação de Faro (Vila Real de Santo António)","CodigoFaculdade":3084,"PercentagemDesemprego":-1.0,"TotalDiplomados":0,"TotalDesempregados":0},{"NomeFaculdade":"Universidade do Algarve - Escola Superior de Educação e Comunicação","CodigoFaculdade":43134,"PercentagemDesemprego":10.211591536338547,"TotalDiplomados":1087,"TotalDesempregados":111},{"NomeFaculdade":"Universidade do Algarve - Escola Superior de Gestão, Hotelaria e Turismo","CodigoFaculdade":40066,"PercentagemDesemprego":7.9787234042553195,"TotalDiplomados":1504,"TotalDesempregados":120},{"NomeFaculdade":"Universidade do Algarve - Escola Superior de Gestão, Hotelaria e Turismo (Portimão)","CodigoFaculdade":15435,"PercentagemDesemprego":6.185567010309279,"TotalDiplomados":388,"TotalDesempregados":24},{"NomeFaculdade":"Universidade do Algarve - Escola Superior de Saúde","CodigoFaculdade":35175,"PercentagemDesemprego":13.93643031784841,"TotalDiplomados":409,"TotalDesempregados":57},{"NomeFaculdade":"Universidade do Algarve - Faculdade de Ciências do Mar e do Ambiente","CodigoFaculdade":1212,"PercentagemDesemprego":7.311827956989247,"TotalDiplomados":465,"TotalDesempregados":34},{"NomeFaculdade":"Universidade do Algarve - Faculdade de Ciências e Tecnologia","CodigoFaculdade":3451,"PercentagemDesemprego":9.737827715355806,"TotalDiplomados":801,"TotalDesempregados":78},{"NomeFaculdade":"Universidade do Algarve - Faculdade de Ciências Humanas e Sociais","CodigoFaculdade":2814,"PercentagemDesemprego":9.33852140077821,"TotalDiplomados":771,"TotalDesempregados":72},{"NomeFaculdade":"Universidade do Algarve - Faculdade de Economia","CodigoFaculdade":1224,"PercentagemDesemprego":11.150442477876107,"TotalDiplomados":565,"TotalDesempregados":63},{"NomeFaculdade":"Universidade do Algarve - Faculdade de Engenharia de Recursos Naturais","CodigoFaculdade":410,"PercentagemDesemprego":4.724409448818897,"TotalDiplomados":127,"TotalDesempregados":6},{"NomeFaculdade":"Universidade do Algarve - Instituto Superior de Engenharia","CodigoFaculdade":46245,"PercentagemDesemprego":8.556149732620321,"TotalDiplomados":935,"TotalDesempregados":80},{"NomeFaculdade":"Universidade do Minho","CodigoFaculdade":130000,"PercentagemDesemprego":9.925936180521907,"TotalDiplomados":14447,"TotalDesempregados":1434},{"NomeFaculdade":"Universidade do Minho - Escola Superior de Enfermagem","CodigoFaculdade":7010,"PercentagemDesemprego":1.6528925619834711,"TotalDiplomados":121,"TotalDesempregados":2},{"NomeFaculdade":"Universidade do Porto - Faculdade de Arquitectura","CodigoFaculdade":2204,"PercentagemDesemprego":13.836477987421384,"TotalDiplomados":636,"TotalDesempregados":88},{"NomeFaculdade":"Universidade do Porto - Faculdade de Belas-Artes","CodigoFaculdade":43216,"PercentagemDesemprego":12.430426716141001,"TotalDiplomados":539,"TotalDesempregados":67},{"NomeFaculdade":"Universidade do Porto - Faculdade de Ciências","CodigoFaculdade":39708,"PercentagemDesemprego":9.10878112712975,"TotalDiplomados":3052,"TotalDesempregados":278},{"NomeFaculdade":"Universidade do Porto - Faculdade de Ciências da Nutrição e da Alimentação","CodigoFaculdade":2202,"PercentagemDesemprego":13.75968992248062,"TotalDiplomados":516,"TotalDesempregados":71},{"NomeFaculdade":"Universidade do Porto - Faculdade de Desporto","CodigoFaculdade":8888,"PercentagemDesemprego":7.28762397585166,"TotalDiplomados":2319,"TotalDesempregados":169},{"NomeFaculdade":"Universidade do Porto - Faculdade de Direito","CodigoFaculdade":3342,"PercentagemDesemprego":10.5742935278031,"TotalDiplomados":1097,"TotalDesempregados":116},{"NomeFaculdade":"Universidade do Porto - Faculdade de Economia","CodigoFaculdade":11040,"PercentagemDesemprego":5.904230590423059,"TotalDiplomados":2151,"TotalDesempregados":127},{"NomeFaculdade":"Universidade do Porto - Faculdade de Engenharia","CodigoFaculdade":32045,"PercentagemDesemprego":4.734594264795607,"TotalDiplomados":8195,"TotalDesempregados":388},{"NomeFaculdade":"Universidade do Porto - Faculdade de Farmácia","CodigoFaculdade":6636,"PercentagemDesemprego":2.0661157024793386,"TotalDiplomados":1452,"TotalDesempregados":30},{"NomeFaculdade":"Universidade do Porto - Faculdade de Letras","CodigoFaculdade":47601,"PercentagemDesemprego":11.386430678466077,"TotalDiplomados":3390,"TotalDesempregados":386},{"NomeFaculdade":"Universidade do Porto - Faculdade de Medicina","CodigoFaculdade":7756,"PercentagemDesemprego":0.672107537205953,"TotalDiplomados":2083,"TotalDesempregados":14},{"NomeFaculdade":"Universidade do Porto - Faculdade de Medicina Dentária","CodigoFaculdade":2226,"PercentagemDesemprego":1.09717868338558,"TotalDiplomados":638,"TotalDesempregados":7},{"NomeFaculdade":"Universidade do Porto - Faculdade de Psicologia e de Ciências da Educação","CodigoFaculdade":8872,"PercentagemDesemprego":9.620476610767874,"TotalDiplomados":1133,"TotalDesempregados":109},{"NomeFaculdade":"Universidade do Porto - Instituto de Ciências Biomédicas Abel Salazar","CodigoFaculdade":7770,"PercentagemDesemprego":6.791907514450867,"TotalDiplomados":692,"TotalDesempregados":47},{"NomeFaculdade":"Universidade dos Açores - Angra do Heroísmo","CodigoFaculdade":220,"PercentagemDesemprego":1.5625,"TotalDiplomados":64,"TotalDesempregados":1},{"NomeFaculdade":"Universidade dos Açores - Ponta Delgada","CodigoFaculdade":1170,"PercentagemDesemprego":1.5100671140939597,"TotalDiplomados":596,"TotalDesempregados":9},{"NomeFaculdade":"Universidade Europeia","CodigoFaculdade":60900,"PercentagemDesemprego":7.423580786026201,"TotalDiplomados":916,"TotalDesempregados":68},{"NomeFaculdade":"Universidade Fernando Pessoa","CodigoFaculdade":85250,"PercentagemDesemprego":13.570784490532011,"TotalDiplomados":2218,"TotalDesempregados":301},{"NomeFaculdade":"Universidade Fernando Pessoa (unidade de Ponte de Lima - ensino politécnico)","CodigoFaculdade":2753,"PercentagemDesemprego":1.1764705882352942,"TotalDiplomados":85,"TotalDesempregados":1},{"NomeFaculdade":"Universidade Fernando Pessoa (unidade de Ponte de Lima)","CodigoFaculdade":8253,"PercentagemDesemprego":8.670520231213873,"TotalDiplomados":346,"TotalDesempregados":30},{"NomeFaculdade":"Universidade Fernando Pessoa - Escola Superior de Saúde","CodigoFaculdade":13760,"PercentagemDesemprego":11.174242424242424,"TotalDiplomados":528,"TotalDesempregados":59},{"NomeFaculdade":"Universidade Independente","CodigoFaculdade":18200,"PercentagemDesemprego":6.403940886699507,"TotalDiplomados":609,"TotalDesempregados":39},{"NomeFaculdade":"Universidade Internacional","CodigoFaculdade":4600,"PercentagemDesemprego":44.44444444444444,"TotalDiplomados":9,"TotalDesempregados":4},{"NomeFaculdade":"Universidade Internacional da Figueira da Foz","CodigoFaculdade":6906,"PercentagemDesemprego":8.881578947368421,"TotalDiplomados":304,"TotalDesempregados":27},{"NomeFaculdade":"Universidade Lusíada","CodigoFaculdade":52800,"PercentagemDesemprego":8.26645264847512,"TotalDiplomados":3738,"TotalDesempregados":309},{"NomeFaculdade":"Universidade Lusíada - Instituto Superior de Serviço Social de Lisboa","CodigoFaculdade":4510,"PercentagemDesemprego":2.6865671641791047,"TotalDiplomados":335,"TotalDesempregados":9},{"NomeFaculdade":"Universidade Lusíada de Vila Nova de Famalicão","CodigoFaculdade":21618,"PercentagemDesemprego":9.210526315789474,"TotalDiplomados":836,"TotalDesempregados":77},{"NomeFaculdade":"Universidade Lusíada do Porto","CodigoFaculdade":36015,"PercentagemDesemprego":11.354492624050067,"TotalDiplomados":2237,"TotalDesempregados":254},{"NomeFaculdade":"Universidade Lusófona de Humanidades e Tecnologias","CodigoFaculdade":159600,"PercentagemDesemprego":9.712303611507856,"TotalDiplomados":4901,"TotalDesempregados":476},{"NomeFaculdade":"Universidade Lusófona do Porto","CodigoFaculdade":64512,"PercentagemDesemprego":15.407854984894259,"TotalDiplomados":993,"TotalDesempregados":153},{"NomeFaculdade":"Universidade Moderna de Lisboa","CodigoFaculdade":32240,"PercentagemDesemprego":22.377622377622377,"TotalDiplomados":143,"TotalDesempregados":32},{"NomeFaculdade":"Universidade Nova de Lisboa - Escola Nacional de Saúde Pública","CodigoFaculdade":908,"PercentagemDesemprego":1.639344262295082,"TotalDiplomados":61,"TotalDesempregados":1},{"NomeFaculdade":"Universidade Nova de Lisboa - Faculdade de Ciências e Tecnologia","CodigoFaculdade":33411,"PercentagemDesemprego":5.072463768115942,"TotalDiplomados":4554,"TotalDesempregados":231},{"NomeFaculdade":"Universidade Nova de Lisboa - Faculdade de Ciências Sociais e Humanas","CodigoFaculdade":38786,"PercentagemDesemprego":7.471561530506722,"TotalDiplomados":3868,"TotalDesempregados":289},{"NomeFaculdade":"Universidade Nova de Lisboa - Faculdade de Direito","CodigoFaculdade":911,"PercentagemDesemprego":3.2854209445585214,"TotalDiplomados":487,"TotalDesempregados":16},{"NomeFaculdade":"Universidade Nova de Lisboa - Faculdade de Economia","CodigoFaculdade":4520,"PercentagemDesemprego":1.2974051896207586,"TotalDiplomados":2004,"TotalDesempregados":26},{"NomeFaculdade":"Universidade Nova de Lisboa - Instituto de Higiene e Medicina Tropical","CodigoFaculdade":1810,"PercentagemDesemprego":6.521739130434782,"TotalDiplomados":92,"TotalDesempregados":6},{"NomeFaculdade":"Universidade Nova de Lisboa - Instituto de Tecnologia Química e Biológica António Xavier","CodigoFaculdade":1820,"PercentagemDesemprego":1.5873015873015872,"TotalDiplomados":63,"TotalDesempregados":1},{"NomeFaculdade":"Universidade Nova de Lisboa - Instituto Superior de Estatística e Gestão de Informação","CodigoFaculdade":3624,"PercentagemDesemprego":3.112033195020747,"TotalDiplomados":482,"TotalDesempregados":15},{"NomeFaculdade":"Universidade Portucalense Infante D. Henrique","CodigoFaculdade":50000,"PercentagemDesemprego":11.677018633540373,"TotalDiplomados":1610,"TotalDesempregados":188},{"NomeFaculdade":"Universidade Técnica de Lisboa","CodigoFaculdade":800,"PercentagemDesemprego":-1.0,"TotalDiplomados":0,"TotalDesempregados":0},{"NomeFaculdade":"Universidade Técnica de Lisboa - Faculdade de Arquitectura","CodigoFaculdade":8020,"PercentagemDesemprego":8.702064896755163,"TotalDiplomados":1356,"TotalDesempregados":118},{"NomeFaculdade":"Universidade Técnica de Lisboa - Faculdade de Medicina Veterinária","CodigoFaculdade":2403,"PercentagemDesemprego":4.556962025316456,"TotalDiplomados":790,"TotalDesempregados":36},{"NomeFaculdade":"Universidade Técnica de Lisboa - Faculdade de Motricidade Humana","CodigoFaculdade":9672,"PercentagemDesemprego":4.7927461139896375,"TotalDiplomados":1544,"TotalDesempregados":74},{"NomeFaculdade":"Universidade Técnica de Lisboa - Instituto Superior de Agronomia","CodigoFaculdade":12848,"PercentagemDesemprego":7.968970380818053,"TotalDiplomados":1418,"TotalDesempregados":113},{"NomeFaculdade":"Universidade Técnica de Lisboa - Instituto Superior de Ciências Sociais e Políticas","CodigoFaculdade":11256,"PercentagemDesemprego":9.748978400467017,"TotalDiplomados":1713,"TotalDesempregados":167},{"NomeFaculdade":"Universidade Técnica de Lisboa - Instituto Superior de Economia e Gestão","CodigoFaculdade":12880,"PercentagemDesemprego":4.522292993630574,"TotalDiplomados":3140,"TotalDesempregados":142},{"NomeFaculdade":"Universidade Técnica de Lisboa - Instituto Superior Técnico (Alameda)","CodigoFaculdade":29859,"PercentagemDesemprego":3.3198380566801617,"TotalDiplomados":4940,"TotalDesempregados":164},{"NomeFaculdade":"Universidade Técnica de Lisboa - Instituto Superior Técnico (Taguspark)","CodigoFaculdade":2424,"PercentagemDesemprego":0.8995502248875562,"TotalDiplomados":667,"TotalDesempregados":6}]}