{"data":[{"NomeFaculdade":"DINENSINO-Ensino, Desenvolvimento e Cooperação, CRL (Beja)","CodigoFaculdade":20165,"PercentagemDesemprego":2.48,"TotalDiplomados":646,"TotalDesempregados":16},{"NomeFaculdade":"DINENSINO-Ensino, Desenvolvimento e Cooperação, CRL (Setúbal)","CodigoFaculdade":16124,"PercentagemDesemprego":2.47,"TotalDiplomados":526,"TotalDesempregados":13},{"NomeFaculdade":"Escola do Serviço de Saúde Militar","CodigoFaculdade":7540,"PercentagemDesemprego":0.63,"TotalDiplomados":159,"TotalDesempregados":1},{"NomeFaculdade":"Escola Superior Artística do Porto","CodigoFaculdade":60150,"PercentagemDesemprego":10.42,"TotalDiplomados":1305,"TotalDesempregados":136},{"NomeFaculdade":"Escola Superior Artística do Porto (Guimarães)","CodigoFaculdade":16044,"PercentagemDesemprego":9.48,"TotalDiplomados":116,"TotalDesempregados":11},{"NomeFaculdade":"Escola Superior de Actividades Imobiliárias","CodigoFaculdade":8040,"PercentagemDesemprego":4.92,"TotalDiplomados":183,"TotalDesempregados":9},{"NomeFaculdade":"Escola Superior de Artes Decorativas","CodigoFaculdade":20340,"PercentagemDesemprego":6.6,"TotalDiplomados":758,"TotalDesempregados":50},{"NomeFaculdade":"Escola Superior de Artes e Design","CodigoFaculdade":32552,"PercentagemDesemprego":10.13,"TotalDiplomados":4630,"TotalDesempregados":469},{"NomeFaculdade":"Escola Superior de Ciências da Saúde","CodigoFaculdade":24624,"PercentagemDesemprego":4.71,"TotalDiplomados":467,"TotalDesempregados":22},{"NomeFaculdade":"Escola Superior de Design","CodigoFaculdade":16444,"PercentagemDesemprego":2.72,"TotalDiplomados":3237,"TotalDesempregados":88},{"NomeFaculdade":"Escola Superior de Educadores de Infância Maria Ulrich","CodigoFaculdade":8130,"PercentagemDesemprego":4.27,"TotalDiplomados":1172,"TotalDesempregados":50},{"NomeFaculdade":"Escola Superior de Educação de Almeida Garrett","CodigoFaculdade":32592,"PercentagemDesemprego":2.85,"TotalDiplomados":1612,"TotalDesempregados":46},{"NomeFaculdade":"Escola Superior de Educação de Fafe","CodigoFaculdade":40760,"PercentagemDesemprego":11.11,"TotalDiplomados":2098,"TotalDesempregados":233},{"NomeFaculdade":"Escola Superior de Educação de João de Deus","CodigoFaculdade":28560,"PercentagemDesemprego":3.64,"TotalDiplomados":2942,"TotalDesempregados":107},{"NomeFaculdade":"Escola Superior de Educação de Paula Frassinetti","CodigoFaculdade":32680,"PercentagemDesemprego":7.44,"TotalDiplomados":3039,"TotalDesempregados":226},{"NomeFaculdade":"Escola Superior de Educação de Santa Maria","CodigoFaculdade":4090,"PercentagemDesemprego":9.75,"TotalDiplomados":400,"TotalDesempregados":39},{"NomeFaculdade":"Escola Superior de Educação de Torres Novas","CodigoFaculdade":16380,"PercentagemDesemprego":16.44,"TotalDiplomados":675,"TotalDesempregados":111},{"NomeFaculdade":"Escola Superior de Educação Jean Piaget - Nordeste","CodigoFaculdade":36711,"PercentagemDesemprego":11.55,"TotalDiplomados":1507,"TotalDesempregados":174},{"NomeFaculdade":"Escola Superior de Educação Jean Piaget de Almada","CodigoFaculdade":89694,"PercentagemDesemprego":7.2,"TotalDiplomados":3778,"TotalDesempregados":272},{"NomeFaculdade":"Escola Superior de Educação Jean Piaget de Arcozelo","CodigoFaculdade":85638,"PercentagemDesemprego":9.87,"TotalDiplomados":5297,"TotalDesempregados":523},{"NomeFaculdade":"Escola Superior de Educação Jean Piaget de Arcozelo (Viseu)","CodigoFaculdade":44891,"PercentagemDesemprego":12.63,"TotalDiplomados":1045,"TotalDesempregados":132},{"NomeFaculdade":"Escola Superior de Enfermagem da Cruz Vermelha Portuguesa de Oliveira de Azeméis","CodigoFaculdade":4089,"PercentagemDesemprego":9.64,"TotalDiplomados":197,"TotalDesempregados":19},{"NomeFaculdade":"Escola Superior de Enfermagem da Imaculada Conceição","CodigoFaculdade":4092,"PercentagemDesemprego":0.33,"TotalDiplomados":300,"TotalDesempregados":1},{"NomeFaculdade":"Escola Superior de Enfermagem de Coimbra","CodigoFaculdade":14002,"PercentagemDesemprego":3.36,"TotalDiplomados":1311,"TotalDesempregados":44},{"NomeFaculdade":"Escola Superior de Enfermagem de D. Ana Guedes","CodigoFaculdade":7062,"PercentagemDesemprego":0.56,"TotalDiplomados":180,"TotalDesempregados":1},{"NomeFaculdade":"Escola Superior de Enfermagem de Lisboa","CodigoFaculdade":14004,"PercentagemDesemprego":2.82,"TotalDiplomados":887,"TotalDesempregados":25},{"NomeFaculdade":"Escola Superior de Enfermagem de Santa Maria","CodigoFaculdade":8194,"PercentagemDesemprego":3.85,"TotalDiplomados":545,"TotalDesempregados":21},{"NomeFaculdade":"Escola Superior de Enfermagem de São João","CodigoFaculdade":7061,"PercentagemDesemprego":0.83,"TotalDiplomados":481,"TotalDesempregados":4},{"NomeFaculdade":"Escola Superior de Enfermagem do Porto","CodigoFaculdade":7003,"PercentagemDesemprego":6.07,"TotalDiplomados":642,"TotalDesempregados":39},{"NomeFaculdade":"Escola Superior de Enfermagem Dr. José Timóteo Montalvão Machado","CodigoFaculdade":8186,"PercentagemDesemprego":6.77,"TotalDiplomados":325,"TotalDesempregados":22},{"NomeFaculdade":"Escola Superior de Enfermagem S. Francisco das Misericórdias","CodigoFaculdade":8192,"PercentagemDesemprego":3.02,"TotalDiplomados":265,"TotalDesempregados":8},{"NomeFaculdade":"Escola Superior de Hotelaria e Turismo do Estoril","CodigoFaculdade":135090,"PercentagemDesemprego":3.01,"TotalDiplomados":2624,"TotalDesempregados":79},{"NomeFaculdade":"Escola Superior de Jornalismo","CodigoFaculdade":16400,"PercentagemDesemprego":6.03,"TotalDiplomados":1094,"TotalDesempregados":66},{"NomeFaculdade":"Escola Superior de Marketing e Publicidade","CodigoFaculdade":8224,"PercentagemDesemprego":6.46,"TotalDiplomados":1269,"TotalDesempregados":82},{"NomeFaculdade":"Escola Superior de Saúde da Cruz Vermelha Portuguesa","CodigoFaculdade":12273,"PercentagemDesemprego":4.95,"TotalDiplomados":222,"TotalDesempregados":11},{"NomeFaculdade":"Escola Superior de Saúde do Alcoitão","CodigoFaculdade":20525,"PercentagemDesemprego":1.37,"TotalDiplomados":1168,"TotalDesempregados":16},{"NomeFaculdade":"Escola Superior de Saúde Egas Moniz","CodigoFaculdade":102650,"PercentagemDesemprego":3.16,"TotalDiplomados":3604,"TotalDesempregados":114},{"NomeFaculdade":"Escola Superior de Saúde Jean Piaget - Algarve","CodigoFaculdade":20510,"PercentagemDesemprego":6.98,"TotalDiplomados":215,"TotalDesempregados":15},{"NomeFaculdade":"Escola Superior de Saúde Jean Piaget de Vila Nova de Gaia","CodigoFaculdade":49212,"PercentagemDesemprego":10.91,"TotalDiplomados":1036,"TotalDesempregados":113},{"NomeFaculdade":"Escola Superior de Saúde Jean Piaget de Viseu","CodigoFaculdade":8206,"PercentagemDesemprego":2.6,"TotalDiplomados":1039,"TotalDesempregados":27},{"NomeFaculdade":"Escola Superior de Saúde Jean Piaget\/Nordeste","CodigoFaculdade":53287,"PercentagemDesemprego":5.18,"TotalDiplomados":2356,"TotalDesempregados":122},{"NomeFaculdade":"Escola Superior de Tecnologias de Fafe","CodigoFaculdade":32920,"PercentagemDesemprego":8.54,"TotalDiplomados":445,"TotalDesempregados":38},{"NomeFaculdade":"Escola Superior de Tecnologias e Artes de Lisboa","CodigoFaculdade":24750,"PercentagemDesemprego":6.26,"TotalDiplomados":719,"TotalDesempregados":45},{"NomeFaculdade":"Escola Superior Gallaecia","CodigoFaculdade":8050,"PercentagemDesemprego":3.59,"TotalDiplomados":167,"TotalDesempregados":6},{"NomeFaculdade":"Escola Superior Náutica Infante D. Henrique","CodigoFaculdade":71050,"PercentagemDesemprego":3.04,"TotalDiplomados":691,"TotalDesempregados":21},{"NomeFaculdade":"Escola Universitária das Artes de Coimbra","CodigoFaculdade":45320,"PercentagemDesemprego":10.15,"TotalDiplomados":956,"TotalDesempregados":97},{"NomeFaculdade":"Escola Universitária Vasco da Gama","CodigoFaculdade":20630,"PercentagemDesemprego":8.29,"TotalDiplomados":193,"TotalDesempregados":16},{"NomeFaculdade":"Instituto de Estudos Superiores de Contabilidade","CodigoFaculdade":16508,"PercentagemDesemprego":1.66,"TotalDiplomados":962,"TotalDesempregados":16},{"NomeFaculdade":"Instituto de Estudos Superiores Financeiros e Fiscais (Porto)","CodigoFaculdade":24846,"PercentagemDesemprego":12.64,"TotalDiplomados":269,"TotalDesempregados":34},{"NomeFaculdade":"Instituto Militar dos Pupilos do Exército-Secção de Ens. Superior","CodigoFaculdade":22860,"PercentagemDesemprego":2.27,"TotalDiplomados":132,"TotalDesempregados":3},{"NomeFaculdade":"Instituto Politécnico da Guarda - Escola Superior de Educação, Comunicação e Desporto","CodigoFaculdade":71093,"PercentagemDesemprego":9.05,"TotalDiplomados":3912,"TotalDesempregados":354},{"NomeFaculdade":"Instituto Politécnico da Guarda - Escola Superior de Saúde da Guarda","CodigoFaculdade":14080,"PercentagemDesemprego":9.43,"TotalDiplomados":53,"TotalDesempregados":5},{"NomeFaculdade":"Instituto Politécnico da Guarda - Escola Superior de Tecnologia e Gestão","CodigoFaculdade":114404,"PercentagemDesemprego":7.34,"TotalDiplomados":4142,"TotalDesempregados":304},{"NomeFaculdade":"Instituto Politécnico da Guarda - Escola Superior de Turismo e Hotelaria","CodigoFaculdade":9285,"PercentagemDesemprego":9.59,"TotalDiplomados":271,"TotalDesempregados":26},{"NomeFaculdade":"Instituto Politécnico de Beja - Escola Superior Agrária","CodigoFaculdade":48336,"PercentagemDesemprego":7.54,"TotalDiplomados":1591,"TotalDesempregados":120},{"NomeFaculdade":"Instituto Politécnico de Beja - Escola Superior de Educação","CodigoFaculdade":60440,"PercentagemDesemprego":14.32,"TotalDiplomados":1885,"TotalDesempregados":270},{"NomeFaculdade":"Instituto Politécnico de Beja - Escola Superior de Saúde","CodigoFaculdade":7005,"PercentagemDesemprego":2.86,"TotalDiplomados":105,"TotalDesempregados":3},{"NomeFaculdade":"Instituto Politécnico de Beja - Escola Superior de Tecnologia e de Gestão","CodigoFaculdade":63483,"PercentagemDesemprego":9.48,"TotalDiplomados":1719,"TotalDesempregados":163},{"NomeFaculdade":"Instituto Politécnico de Bragança - Escola Superior Agrária de Bragança","CodigoFaculdade":82107,"PercentagemDesemprego":6.42,"TotalDiplomados":2537,"TotalDesempregados":163},{"NomeFaculdade":"Instituto Politécnico de Bragança - Escola Superior de Comunicação, Administração e Turismo de Mirandela","CodigoFaculdade":36540,"PercentagemDesemprego":13.07,"TotalDiplomados":589,"TotalDesempregados":77},{"NomeFaculdade":"Instituto Politécnico de Bragança - Escola Superior de Educação de Bragança","CodigoFaculdade":57798,"PercentagemDesemprego":14.1,"TotalDiplomados":2660,"TotalDesempregados":375},{"NomeFaculdade":"Instituto Politécnico de Bragança - Escola Superior de Saúde de Bragança","CodigoFaculdade":42090,"PercentagemDesemprego":10.99,"TotalDiplomados":555,"TotalDesempregados":61},{"NomeFaculdade":"Instituto Politécnico de Bragança - Escola Superior de Tecnologia e de Gestão de Bragança","CodigoFaculdade":97376,"PercentagemDesemprego":8.65,"TotalDiplomados":3225,"TotalDesempregados":279},{"NomeFaculdade":"Instituto Politécnico de Castelo Branco - Escola Superior Agrária de Castelo Branco","CodigoFaculdade":48816,"PercentagemDesemprego":6.74,"TotalDiplomados":2121,"TotalDesempregados":143},{"NomeFaculdade":"Instituto Politécnico de Castelo Branco - Escola Superior de Artes Aplicadas de Castelo Branco","CodigoFaculdade":24440,"PercentagemDesemprego":9.01,"TotalDiplomados":666,"TotalDesempregados":60},{"NomeFaculdade":"Instituto Politécnico de Castelo Branco - Escola Superior de Educação de Castelo Branco","CodigoFaculdade":51884,"PercentagemDesemprego":10.07,"TotalDiplomados":2146,"TotalDesempregados":216},{"NomeFaculdade":"Instituto Politécnico de Castelo Branco - Escola Superior de Gestão de Idanha-a-Nova","CodigoFaculdade":39702,"PercentagemDesemprego":5.1,"TotalDiplomados":1785,"TotalDesempregados":91},{"NomeFaculdade":"Instituto Politécnico de Castelo Branco - Escola Superior de Saúde Dr. Lopes Dias","CodigoFaculdade":63180,"PercentagemDesemprego":4.47,"TotalDiplomados":894,"TotalDesempregados":40},{"NomeFaculdade":"Instituto Politécnico de Castelo Branco - Escola Superior de Tecnologia de Castelo Branco","CodigoFaculdade":64113,"PercentagemDesemprego":7.1,"TotalDiplomados":2013,"TotalDesempregados":143},{"NomeFaculdade":"Instituto Politécnico de Coimbra - Escola Superior Agrária de Coimbra","CodigoFaculdade":58159,"PercentagemDesemprego":7.34,"TotalDiplomados":2805,"TotalDesempregados":206},{"NomeFaculdade":"Instituto Politécnico de Coimbra - Escola Superior de Educação de Coimbra","CodigoFaculdade":97984,"PercentagemDesemprego":8.56,"TotalDiplomados":5235,"TotalDesempregados":448},{"NomeFaculdade":"Instituto Politécnico de Coimbra - Escola Superior de Tecnologia da Saúde de Coimbra","CodigoFaculdade":108150,"PercentagemDesemprego":2.79,"TotalDiplomados":2761,"TotalDesempregados":77},{"NomeFaculdade":"Instituto Politécnico de Coimbra - Escola Superior de Tecnologia e Gestão de Oliveira do Hospital","CodigoFaculdade":9195,"PercentagemDesemprego":6.99,"TotalDiplomados":186,"TotalDesempregados":13},{"NomeFaculdade":"Instituto Politécnico de Coimbra - Instituto Superior de Contabilidade e Administração de Coimbra","CodigoFaculdade":30630,"PercentagemDesemprego":4.5,"TotalDiplomados":4137,"TotalDesempregados":186},{"NomeFaculdade":"Instituto Politécnico de Coimbra - Instituto Superior de Engenharia de Coimbra","CodigoFaculdade":73536,"PercentagemDesemprego":4.65,"TotalDiplomados":5747,"TotalDesempregados":267},{"NomeFaculdade":"Instituto Politécnico de Leiria - Escola Superior de Artes e Design das Caldas da Rainha","CodigoFaculdade":62060,"PercentagemDesemprego":8.3,"TotalDiplomados":4543,"TotalDesempregados":377},{"NomeFaculdade":"Instituto Politécnico de Leiria - Escola Superior de Educação de Leiria (Caldas da Rainha)","CodigoFaculdade":9312,"PercentagemDesemprego":9.83,"TotalDiplomados":234,"TotalDesempregados":23},{"NomeFaculdade":"Instituto Politécnico de Leiria - Escola Superior de Educação e Ciências Sociais","CodigoFaculdade":77525,"PercentagemDesemprego":9.69,"TotalDiplomados":3819,"TotalDesempregados":370},{"NomeFaculdade":"Instituto Politécnico de Leiria - Escola Superior de Saúde de Leiria","CodigoFaculdade":14090,"PercentagemDesemprego":3.8,"TotalDiplomados":421,"TotalDesempregados":16},{"NomeFaculdade":"Instituto Politécnico de Leiria - Escola Superior de Tecnologia e Gestão","CodigoFaculdade":151998,"PercentagemDesemprego":5.17,"TotalDiplomados":8068,"TotalDesempregados":417},{"NomeFaculdade":"Instituto Politécnico de Leiria - Escola Superior de Turismo e Tecnologia do Mar de Peniche","CodigoFaculdade":37260,"PercentagemDesemprego":9.19,"TotalDiplomados":1023,"TotalDesempregados":94},{"NomeFaculdade":"Instituto Politécnico de Lisboa - Escola Superior de Comunicação Social","CodigoFaculdade":52921,"PercentagemDesemprego":4.32,"TotalDiplomados":4540,"TotalDesempregados":196},{"NomeFaculdade":"Instituto Politécnico de Lisboa - Escola Superior de Dança","CodigoFaculdade":9333,"PercentagemDesemprego":1.73,"TotalDiplomados":404,"TotalDesempregados":7},{"NomeFaculdade":"Instituto Politécnico de Lisboa - Escola Superior de Educação de Lisboa","CodigoFaculdade":37344,"PercentagemDesemprego":4.65,"TotalDiplomados":2648,"TotalDesempregados":123},{"NomeFaculdade":"Instituto Politécnico de Lisboa - Escola Superior de Música","CodigoFaculdade":9342,"PercentagemDesemprego":0.71,"TotalDiplomados":560,"TotalDesempregados":4},{"NomeFaculdade":"Instituto Politécnico de Lisboa - Escola Superior de Teatro e Cinema","CodigoFaculdade":46740,"PercentagemDesemprego":2.82,"TotalDiplomados":1596,"TotalDesempregados":45},{"NomeFaculdade":"Instituto Politécnico de Lisboa - Escola Superior de Tecnologia da Saúde de Lisboa","CodigoFaculdade":202160,"PercentagemDesemprego":1.93,"TotalDiplomados":5193,"TotalDesempregados":100},{"NomeFaculdade":"Instituto Politécnico de Lisboa - Instituto Superior de Contabilidade e Administração de Lisboa","CodigoFaculdade":31170,"PercentagemDesemprego":2.97,"TotalDiplomados":5427,"TotalDesempregados":161},{"NomeFaculdade":"Instituto Politécnico de Lisboa - Instituto Superior de Engenharia de Lisboa","CodigoFaculdade":99776,"PercentagemDesemprego":5.98,"TotalDiplomados":7362,"TotalDesempregados":440},{"NomeFaculdade":"Instituto Politécnico de Portalegre - Escola Superior Agrária","CodigoFaculdade":18738,"PercentagemDesemprego":8.23,"TotalDiplomados":328,"TotalDesempregados":27},{"NomeFaculdade":"Instituto Politécnico de Portalegre - Escola Superior de Educação","CodigoFaculdade":68662,"PercentagemDesemprego":10.61,"TotalDiplomados":2375,"TotalDesempregados":252},{"NomeFaculdade":"Instituto Politécnico de Portalegre - Escola Superior de Saúde de Portalegre","CodigoFaculdade":14110,"PercentagemDesemprego":2.34,"TotalDiplomados":256,"TotalDesempregados":6},{"NomeFaculdade":"Instituto Politécnico de Portalegre - Escola Superior de Tecnologia e Gestão","CodigoFaculdade":137368,"PercentagemDesemprego":6.57,"TotalDiplomados":4686,"TotalDesempregados":308},{"NomeFaculdade":"Instituto Politécnico de Santarém - Escola Superior Agrária de Santarém","CodigoFaculdade":56538,"PercentagemDesemprego":5.22,"TotalDiplomados":2262,"TotalDesempregados":118},{"NomeFaculdade":"Instituto Politécnico de Santarém - Escola Superior de Desporto de Rio Maior","CodigoFaculdade":40885,"PercentagemDesemprego":3.56,"TotalDiplomados":1124,"TotalDesempregados":40},{"NomeFaculdade":"Instituto Politécnico de Santarém - Escola Superior de Educação de Santarém","CodigoFaculdade":59698,"PercentagemDesemprego":9.12,"TotalDiplomados":2489,"TotalDesempregados":227},{"NomeFaculdade":"Instituto Politécnico de Santarém - Escola Superior de Gestão e Tecnologia de Santarém","CodigoFaculdade":37716,"PercentagemDesemprego":9.6,"TotalDiplomados":1104,"TotalDesempregados":106},{"NomeFaculdade":"Instituto Politécnico de Santarém - Escola Superior de Saúde de Santarém","CodigoFaculdade":7065,"PercentagemDesemprego":5.51,"TotalDiplomados":127,"TotalDesempregados":7},{"NomeFaculdade":"Instituto Politécnico de Saúde do Norte - Escola Superior de Saúde do Vale do Ave","CodigoFaculdade":61620,"PercentagemDesemprego":6.07,"TotalDiplomados":1995,"TotalDesempregados":121},{"NomeFaculdade":"Instituto Politécnico de Saúde do Norte - Escola Superior de Saúde do Vale do Sousa","CodigoFaculdade":53417,"PercentagemDesemprego":3.66,"TotalDiplomados":3057,"TotalDesempregados":112},{"NomeFaculdade":"Instituto Politécnico de Setúbal - Escola Superior de Ciências Empresariais","CodigoFaculdade":66213,"PercentagemDesemprego":5.09,"TotalDiplomados":5408,"TotalDesempregados":275},{"NomeFaculdade":"Instituto Politécnico de Setúbal - Escola Superior de Educação","CodigoFaculdade":50416,"PercentagemDesemprego":7.42,"TotalDiplomados":2265,"TotalDesempregados":168},{"NomeFaculdade":"Instituto Politécnico de Setúbal - Escola Superior de Saúde","CodigoFaculdade":18930,"PercentagemDesemprego":2.26,"TotalDiplomados":797,"TotalDesempregados":18},{"NomeFaculdade":"Instituto Politécnico de Setúbal - Escola Superior de Tecnologia de Setúbal","CodigoFaculdade":69344,"PercentagemDesemprego":6.74,"TotalDiplomados":1945,"TotalDesempregados":131},{"NomeFaculdade":"Instituto Politécnico de Setúbal - Escola Superior de Tecnologia do Barreiro","CodigoFaculdade":18924,"PercentagemDesemprego":7.46,"TotalDiplomados":362,"TotalDesempregados":27},{"NomeFaculdade":"Instituto Politécnico de Tomar - Escola Superior de Gestão de Tomar","CodigoFaculdade":58338,"PercentagemDesemprego":6.52,"TotalDiplomados":2469,"TotalDesempregados":161},{"NomeFaculdade":"Instituto Politécnico de Tomar - Escola Superior de Tecnologia de Abrantes","CodigoFaculdade":19458,"PercentagemDesemprego":13.88,"TotalDiplomados":317,"TotalDesempregados":44},{"NomeFaculdade":"Instituto Politécnico de Tomar - Escola Superior de Tecnologia de Tomar","CodigoFaculdade":123196,"PercentagemDesemprego":6.42,"TotalDiplomados":5077,"TotalDesempregados":326},{"NomeFaculdade":"Instituto Politécnico de Viana do Castelo - Escola Superior Agrária","CodigoFaculdade":31610,"PercentagemDesemprego":12.31,"TotalDiplomados":601,"TotalDesempregados":74},{"NomeFaculdade":"Instituto Politécnico de Viana do Castelo - Escola Superior de Ciências Empresariais","CodigoFaculdade":9492,"PercentagemDesemprego":10.71,"TotalDiplomados":112,"TotalDesempregados":12},{"NomeFaculdade":"Instituto Politécnico de Viana do Castelo - Escola Superior de Educação","CodigoFaculdade":37944,"PercentagemDesemprego":12.99,"TotalDiplomados":1494,"TotalDesempregados":194},{"NomeFaculdade":"Instituto Politécnico de Viana do Castelo - Escola Superior de Saúde de Viana do Castelo","CodigoFaculdade":14150,"PercentagemDesemprego":2.06,"TotalDiplomados":485,"TotalDesempregados":10},{"NomeFaculdade":"Instituto Politécnico de Viana do Castelo - Escola Superior de Tecnologia e Gestão","CodigoFaculdade":120194,"PercentagemDesemprego":5.97,"TotalDiplomados":4759,"TotalDesempregados":284},{"NomeFaculdade":"Instituto Politécnico de Viseu - Escola Superior Agrária de Viseu","CodigoFaculdade":54145,"PercentagemDesemprego":7.54,"TotalDiplomados":1141,"TotalDesempregados":86},{"NomeFaculdade":"Instituto Politécnico de Viseu - Escola Superior de Educação de Viseu","CodigoFaculdade":63620,"PercentagemDesemprego":12.84,"TotalDiplomados":3302,"TotalDesempregados":424},{"NomeFaculdade":"Instituto Politécnico de Viseu - Escola Superior de Educação de Viseu (Lamego)","CodigoFaculdade":15915,"PercentagemDesemprego":12.28,"TotalDiplomados":1075,"TotalDesempregados":132},{"NomeFaculdade":"Instituto Politécnico de Viseu - Escola Superior de Saúde de Viseu","CodigoFaculdade":14170,"PercentagemDesemprego":4.6,"TotalDiplomados":391,"TotalDesempregados":18},{"NomeFaculdade":"Instituto Politécnico de Viseu - Escola Superior de Tecnologia e Gestão de Lamego","CodigoFaculdade":28674,"PercentagemDesemprego":17.59,"TotalDiplomados":665,"TotalDesempregados":117},{"NomeFaculdade":"Instituto Politécnico de Viseu - Escola Superior de Tecnologia e Gestão de Viseu","CodigoFaculdade":124098,"PercentagemDesemprego":5.87,"TotalDiplomados":5251,"TotalDesempregados":308},{"NomeFaculdade":"Instituto Politécnico do Cávado e do Ave - Escola Superior de Gestão","CodigoFaculdade":42434,"PercentagemDesemprego":5.32,"TotalDiplomados":2106,"TotalDesempregados":112},{"NomeFaculdade":"Instituto Politécnico do Cávado e do Ave - Escola Superior de Tecnologia","CodigoFaculdade":15160,"PercentagemDesemprego":15.67,"TotalDiplomados":300,"TotalDesempregados":47},{"NomeFaculdade":"Instituto Politécnico do Porto","CodigoFaculdade":9390,"PercentagemDesemprego":4.56,"TotalDiplomados":329,"TotalDesempregados":15},{"NomeFaculdade":"Instituto Politécnico do Porto - Escola Superior de Educação","CodigoFaculdade":72013,"PercentagemDesemprego":8.95,"TotalDiplomados":4190,"TotalDesempregados":375},{"NomeFaculdade":"Instituto Politécnico do Porto - Escola Superior de Estudos Industriais e de Gestão","CodigoFaculdade":50128,"PercentagemDesemprego":10.32,"TotalDiplomados":1735,"TotalDesempregados":179},{"NomeFaculdade":"Instituto Politécnico do Porto - Escola Superior de Estudos Industriais e de Gestão (Póvoa do Varzim)","CodigoFaculdade":6274,"PercentagemDesemprego":16.13,"TotalDiplomados":31,"TotalDesempregados":5},{"NomeFaculdade":"Instituto Politécnico do Porto - Escola Superior de Estudos Industriais e de Gestão (Vila do Conde)","CodigoFaculdade":3136,"PercentagemDesemprego":16.67,"TotalDiplomados":6,"TotalDesempregados":1},{"NomeFaculdade":"Instituto Politécnico do Porto - Escola Superior de Música e das Artes do Espectáculo","CodigoFaculdade":37584,"PercentagemDesemprego":6.19,"TotalDiplomados":695,"TotalDesempregados":43},{"NomeFaculdade":"Instituto Politécnico do Porto - Escola Superior de Tecnologia da Saúde do Porto","CodigoFaculdade":195210,"PercentagemDesemprego":3.9,"TotalDiplomados":3564,"TotalDesempregados":139},{"NomeFaculdade":"Instituto Politécnico do Porto - Escola Superior de Tecnologia e Gestão de Felgueiras","CodigoFaculdade":15690,"PercentagemDesemprego":13.03,"TotalDiplomados":422,"TotalDesempregados":55},{"NomeFaculdade":"Instituto Politécnico do Porto - Instituto Superior de Contabilidade e Administração do Porto","CodigoFaculdade":78350,"PercentagemDesemprego":6.05,"TotalDiplomados":6790,"TotalDesempregados":411},{"NomeFaculdade":"Instituto Politécnico do Porto - Instituto Superior de Engenharia do Porto","CodigoFaculdade":156750,"PercentagemDesemprego":5.35,"TotalDiplomados":12033,"TotalDesempregados":644},{"NomeFaculdade":"Instituto Português de Administração de Marketing de Lisboa","CodigoFaculdade":24936,"PercentagemDesemprego":4.68,"TotalDiplomados":3762,"TotalDesempregados":176},{"NomeFaculdade":"Instituto Português de Administração de Marketing de Matosinhos","CodigoFaculdade":29085,"PercentagemDesemprego":5.01,"TotalDiplomados":3236,"TotalDesempregados":162},{"NomeFaculdade":"Instituto Português de Administração de Marketing de Matosinhos (Aveiro)","CodigoFaculdade":24942,"PercentagemDesemprego":6.45,"TotalDiplomados":1116,"TotalDesempregados":72},{"NomeFaculdade":"Instituto Português de Estudos Superiores","CodigoFaculdade":4159,"PercentagemDesemprego":9.09,"TotalDiplomados":55,"TotalDesempregados":5},{"NomeFaculdade":"Instituto Superior Autónomo de Estudos Politécnicos","CodigoFaculdade":33280,"PercentagemDesemprego":4.79,"TotalDiplomados":1170,"TotalDesempregados":56},{"NomeFaculdade":"Instituto Superior Bissaya Barreto","CodigoFaculdade":29785,"PercentagemDesemprego":7.41,"TotalDiplomados":810,"TotalDesempregados":60},{"NomeFaculdade":"Instituto Superior D. Afonso III","CodigoFaculdade":64350,"PercentagemDesemprego":7.32,"TotalDiplomados":1298,"TotalDesempregados":95},{"NomeFaculdade":"Instituto Superior D. Dinis","CodigoFaculdade":12876,"PercentagemDesemprego":5.66,"TotalDiplomados":106,"TotalDesempregados":6},{"NomeFaculdade":"Instituto Superior da Maia","CodigoFaculdade":213542,"PercentagemDesemprego":7.53,"TotalDiplomados":8478,"TotalDesempregados":638},{"NomeFaculdade":"Instituto Superior de Administração e Gestão","CodigoFaculdade":46200,"PercentagemDesemprego":4.83,"TotalDiplomados":2298,"TotalDesempregados":111},{"NomeFaculdade":"Instituto Superior de Administração e Línguas","CodigoFaculdade":16880,"PercentagemDesemprego":2.97,"TotalDiplomados":303,"TotalDesempregados":9},{"NomeFaculdade":"Instituto Superior de Administração, Comunicação e Empresa","CodigoFaculdade":16680,"PercentagemDesemprego":5.95,"TotalDiplomados":84,"TotalDesempregados":5},{"NomeFaculdade":"Instituto Superior de Assistentes e Intérpretes","CodigoFaculdade":38250,"PercentagemDesemprego":2.39,"TotalDiplomados":1467,"TotalDesempregados":35},{"NomeFaculdade":"Instituto Superior de Ciências da Administração","CodigoFaculdade":17100,"PercentagemDesemprego":4.67,"TotalDiplomados":514,"TotalDesempregados":24},{"NomeFaculdade":"Instituto Superior de Ciências da Informação e da Administração","CodigoFaculdade":25662,"PercentagemDesemprego":6.87,"TotalDiplomados":335,"TotalDesempregados":23},{"NomeFaculdade":"Instituto Superior de Ciências da Saúde - Norte","CodigoFaculdade":51132,"PercentagemDesemprego":3.22,"TotalDiplomados":1896,"TotalDesempregados":61},{"NomeFaculdade":"Instituto Superior de Ciências da Saúde Egas Moniz","CodigoFaculdade":38340,"PercentagemDesemprego":1.91,"TotalDiplomados":2256,"TotalDesempregados":43},{"NomeFaculdade":"Instituto Superior de Ciências Educativas","CodigoFaculdade":98210,"PercentagemDesemprego":7.11,"TotalDiplomados":2688,"TotalDesempregados":191},{"NomeFaculdade":"Instituto Superior de Ciências Educativas de Felgueiras","CodigoFaculdade":25626,"PercentagemDesemprego":19.24,"TotalDiplomados":1133,"TotalDesempregados":218},{"NomeFaculdade":"Instituto Superior de Ciências Educativas de Mangualde","CodigoFaculdade":17088,"PercentagemDesemprego":8.02,"TotalDiplomados":486,"TotalDesempregados":39},{"NomeFaculdade":"Instituto Superior de Ciências Empresariais e do Turismo","CodigoFaculdade":59920,"PercentagemDesemprego":7.45,"TotalDiplomados":1114,"TotalDesempregados":83},{"NomeFaculdade":"Instituto Superior de Comunicação Empresarial","CodigoFaculdade":12885,"PercentagemDesemprego":7.45,"TotalDiplomados":792,"TotalDesempregados":59},{"NomeFaculdade":"Instituto Superior de Educação e Ciências","CodigoFaculdade":55874,"PercentagemDesemprego":4.19,"TotalDiplomados":2289,"TotalDesempregados":96},{"NomeFaculdade":"Instituto Superior de Educação e Trabalho","CodigoFaculdade":4299,"PercentagemDesemprego":0.94,"TotalDiplomados":213,"TotalDesempregados":2},{"NomeFaculdade":"Instituto Superior de Entre Douro e Vouga","CodigoFaculdade":51396,"PercentagemDesemprego":9.1,"TotalDiplomados":725,"TotalDesempregados":66},{"NomeFaculdade":"Instituto Superior de Espinho","CodigoFaculdade":4303,"PercentagemDesemprego":2.94,"TotalDiplomados":34,"TotalDesempregados":1},{"NomeFaculdade":"Instituto Superior de Estudos Interculturais e Transdisciplinares - Almada","CodigoFaculdade":30142,"PercentagemDesemprego":7.01,"TotalDiplomados":699,"TotalDesempregados":49},{"NomeFaculdade":"Instituto Superior de Estudos Interculturais e Transdisciplinares - Mirandela","CodigoFaculdade":17228,"PercentagemDesemprego":9.38,"TotalDiplomados":96,"TotalDesempregados":9},{"NomeFaculdade":"Instituto Superior de Estudos Interculturais e Transdisciplinares - Santo André","CodigoFaculdade":17236,"PercentagemDesemprego":18.31,"TotalDiplomados":71,"TotalDesempregados":13},{"NomeFaculdade":"Instituto Superior de Estudos Interculturais e Transdisciplinares - Viseu","CodigoFaculdade":43080,"PercentagemDesemprego":9.67,"TotalDiplomados":807,"TotalDesempregados":78},{"NomeFaculdade":"Instituto Superior de Gestão","CodigoFaculdade":17200,"PercentagemDesemprego":4.1,"TotalDiplomados":659,"TotalDesempregados":27},{"NomeFaculdade":"Instituto Superior de Gestão Bancária","CodigoFaculdade":25830,"PercentagemDesemprego":0.93,"TotalDiplomados":2376,"TotalDesempregados":22},{"NomeFaculdade":"Instituto Superior de Humanidades e Tecnologias (Castelo Branco)","CodigoFaculdade":4311,"PercentagemDesemprego":20.0,"TotalDiplomados":5,"TotalDesempregados":1},{"NomeFaculdade":"Instituto Superior de Humanidades e Tecnologias de Lisboa","CodigoFaculdade":8620,"PercentagemDesemprego":1.08,"TotalDiplomados":279,"TotalDesempregados":3},{"NomeFaculdade":"Instituto Superior de Informática e Gestão","CodigoFaculdade":4050,"PercentagemDesemprego":2.29,"TotalDiplomados":218,"TotalDesempregados":5},{"NomeFaculdade":"Instituto Superior de Línguas e Administração de Bragança","CodigoFaculdade":26106,"PercentagemDesemprego":13.57,"TotalDiplomados":442,"TotalDesempregados":60},{"NomeFaculdade":"Instituto Superior de Línguas e Administração de Leiria","CodigoFaculdade":56602,"PercentagemDesemprego":8.12,"TotalDiplomados":1047,"TotalDesempregados":85},{"NomeFaculdade":"Instituto Superior de Línguas e Administração de Lisboa","CodigoFaculdade":56550,"PercentagemDesemprego":7.45,"TotalDiplomados":1934,"TotalDesempregados":144},{"NomeFaculdade":"Instituto Superior de Línguas e Administração de Santarém","CodigoFaculdade":43520,"PercentagemDesemprego":9.83,"TotalDiplomados":702,"TotalDesempregados":69},{"NomeFaculdade":"Instituto Superior de Línguas e Administração de Vila Nova de Gaia","CodigoFaculdade":69648,"PercentagemDesemprego":13.25,"TotalDiplomados":1426,"TotalDesempregados":189},{"NomeFaculdade":"Instituto Superior de Matemática e Gestão (Castelo Branco)","CodigoFaculdade":4362,"PercentagemDesemprego":6.67,"TotalDiplomados":15,"TotalDesempregados":1},{"NomeFaculdade":"Instituto Superior de Matemática e Gestão (Fundão)","CodigoFaculdade":4363,"PercentagemDesemprego":7.5,"TotalDiplomados":40,"TotalDesempregados":3},{"NomeFaculdade":"Instituto Superior de Matemática e Gestão (Portimão)","CodigoFaculdade":13095,"PercentagemDesemprego":4.07,"TotalDiplomados":123,"TotalDesempregados":5},{"NomeFaculdade":"Instituto Superior de Novas Profissões","CodigoFaculdade":29050,"PercentagemDesemprego":9.75,"TotalDiplomados":1775,"TotalDesempregados":173},{"NomeFaculdade":"Instituto Superior de Paços de Brandão","CodigoFaculdade":43800,"PercentagemDesemprego":6.02,"TotalDiplomados":814,"TotalDesempregados":49},{"NomeFaculdade":"Instituto Superior de Psicologia Aplicada de Beja","CodigoFaculdade":4451,"PercentagemDesemprego":16.13,"TotalDiplomados":93,"TotalDesempregados":15},{"NomeFaculdade":"Instituto Superior de Saúde do Alto Ave","CodigoFaculdade":75820,"PercentagemDesemprego":7.61,"TotalDiplomados":1642,"TotalDesempregados":125},{"NomeFaculdade":"Instituto Superior de Serviço Social de Lisboa (Beja)","CodigoFaculdade":4511,"PercentagemDesemprego":7.78,"TotalDiplomados":424,"TotalDesempregados":33},{"NomeFaculdade":"Instituto Superior de Serviço Social do Porto","CodigoFaculdade":9040,"PercentagemDesemprego":14.33,"TotalDiplomados":1054,"TotalDesempregados":151},{"NomeFaculdade":"Instituto Superior de Tecnologias Avançadas de Lisboa","CodigoFaculdade":31710,"PercentagemDesemprego":2.99,"TotalDiplomados":1103,"TotalDesempregados":33},{"NomeFaculdade":"Instituto Superior de Tecnologias Avançadas de Lisboa (Porto)","CodigoFaculdade":31717,"PercentagemDesemprego":8.67,"TotalDiplomados":346,"TotalDesempregados":30},{"NomeFaculdade":"Instituto Superior de Transportes (Lisboa)","CodigoFaculdade":4551,"PercentagemDesemprego":7.14,"TotalDiplomados":14,"TotalDesempregados":1},{"NomeFaculdade":"Instituto Superior de Transportes e Comunicações","CodigoFaculdade":4550,"PercentagemDesemprego":12.5,"TotalDiplomados":56,"TotalDesempregados":7},{"NomeFaculdade":"Instituto Superior Manuel Teixeira Gomes","CodigoFaculdade":52500,"PercentagemDesemprego":12.05,"TotalDiplomados":307,"TotalDesempregados":37},{"NomeFaculdade":"Instituto Superior Miguel Torga","CodigoFaculdade":81000,"PercentagemDesemprego":9.24,"TotalDiplomados":2781,"TotalDesempregados":257},{"NomeFaculdade":"Instituto Superior Politécnico do Oeste","CodigoFaculdade":13155,"PercentagemDesemprego":7.38,"TotalDiplomados":122,"TotalDesempregados":9},{"NomeFaculdade":"Instituto Superior Politécnico Gaya - Escola Superior de Ciência e Tecnologia","CodigoFaculdade":75514,"PercentagemDesemprego":4.41,"TotalDiplomados":1473,"TotalDesempregados":65},{"NomeFaculdade":"Instituto Superior Politécnico Gaya - Escola Superior de Desenvolvimento Social e Comunitário","CodigoFaculdade":31087,"PercentagemDesemprego":8.87,"TotalDiplomados":417,"TotalDesempregados":37},{"NomeFaculdade":"Instituto Superior Politécnico Internacional","CodigoFaculdade":39825,"PercentagemDesemprego":4.07,"TotalDiplomados":1890,"TotalDesempregados":77},{"NomeFaculdade":"Instituto Superior Politécnico Portucalense de Penafiel","CodigoFaculdade":4436,"PercentagemDesemprego":3.33,"TotalDiplomados":30,"TotalDesempregados":1},{"NomeFaculdade":"ISCTE - Instituto Universitário de Lisboa","CodigoFaculdade":326400,"PercentagemDesemprego":4.39,"TotalDiplomados":8643,"TotalDesempregados":379},{"NomeFaculdade":"ISPA-Instituto Universitário de Ciências Psicológicas, Sociais e da Vida","CodigoFaculdade":75650,"PercentagemDesemprego":6.53,"TotalDiplomados":7888,"TotalDesempregados":515},{"NomeFaculdade":"Universidade Aberta","CodigoFaculdade":26600,"PercentagemDesemprego":2.26,"TotalDiplomados":4203,"TotalDesempregados":95},{"NomeFaculdade":"Universidade Atlântica","CodigoFaculdade":27000,"PercentagemDesemprego":8.58,"TotalDiplomados":268,"TotalDesempregados":23},{"NomeFaculdade":"Universidade Atlântica - Escola Superior de Saúde Atlântica","CodigoFaculdade":18907,"PercentagemDesemprego":3.25,"TotalDiplomados":676,"TotalDesempregados":22},{"NomeFaculdade":"Universidade Autónoma de Lisboa Luís de Camões","CodigoFaculdade":52500,"PercentagemDesemprego":8.85,"TotalDiplomados":4330,"TotalDesempregados":383},{"NomeFaculdade":"Universidade Autónoma de Lisboa Luís de Camões (Caldas da Rainha)","CodigoFaculdade":4202,"PercentagemDesemprego":4.23,"TotalDiplomados":142,"TotalDesempregados":6},{"NomeFaculdade":"Universidade Católica Portuguesa - Centro Regional das Beiras","CodigoFaculdade":17800,"PercentagemDesemprego":15.51,"TotalDiplomados":187,"TotalDesempregados":29},{"NomeFaculdade":"Universidade Católica Portuguesa - Escola das Artes","CodigoFaculdade":9060,"PercentagemDesemprego":6.99,"TotalDiplomados":558,"TotalDesempregados":39},{"NomeFaculdade":"Universidade Católica Portuguesa - Escola Superior de Biotecnologia","CodigoFaculdade":22100,"PercentagemDesemprego":6.56,"TotalDiplomados":1113,"TotalDesempregados":73},{"NomeFaculdade":"Universidade Católica Portuguesa - Escola Superior de Ciências e Tecnologia","CodigoFaculdade":2250,"PercentagemDesemprego":9.57,"TotalDiplomados":94,"TotalDesempregados":9},{"NomeFaculdade":"Universidade Católica Portuguesa - Escola Superior de Ciências e Tecnologia (Viseu)","CodigoFaculdade":2251,"PercentagemDesemprego":11.92,"TotalDiplomados":151,"TotalDesempregados":18},{"NomeFaculdade":"Universidade Católica Portuguesa - Escola Superior Politécnica de Saúde (Lisboa)","CodigoFaculdade":2215,"PercentagemDesemprego":0.87,"TotalDiplomados":115,"TotalDesempregados":1},{"NomeFaculdade":"Universidade Católica Portuguesa - Escola Superior Politécnica de Saúde (Porto)","CodigoFaculdade":2216,"PercentagemDesemprego":6.29,"TotalDiplomados":429,"TotalDesempregados":27},{"NomeFaculdade":"Universidade Católica Portuguesa - Faculdade de Ciências Económicas e Empresariais","CodigoFaculdade":11350,"PercentagemDesemprego":1.91,"TotalDiplomados":2141,"TotalDesempregados":41},{"NomeFaculdade":"Universidade Católica Portuguesa - Faculdade de Ciências Humanas","CodigoFaculdade":26640,"PercentagemDesemprego":5.55,"TotalDiplomados":2342,"TotalDesempregados":130},{"NomeFaculdade":"Universidade Católica Portuguesa - Faculdade de Ciências Humanas (Leiria)","CodigoFaculdade":4444,"PercentagemDesemprego":8.06,"TotalDiplomados":62,"TotalDesempregados":5},{"NomeFaculdade":"Universidade Católica Portuguesa - Faculdade de Ciências Sociais","CodigoFaculdade":13326,"PercentagemDesemprego":8.6,"TotalDiplomados":744,"TotalDesempregados":64},{"NomeFaculdade":"Universidade Católica Portuguesa - Faculdade de Direito","CodigoFaculdade":6840,"PercentagemDesemprego":2.25,"TotalDiplomados":1199,"TotalDesempregados":27},{"NomeFaculdade":"Universidade Católica Portuguesa - Faculdade de Direito (Porto)","CodigoFaculdade":6843,"PercentagemDesemprego":2.39,"TotalDiplomados":1712,"TotalDesempregados":41},{"NomeFaculdade":"Universidade Católica Portuguesa - Faculdade de Economia e Gestão","CodigoFaculdade":15897,"PercentagemDesemprego":3.46,"TotalDiplomados":1244,"TotalDesempregados":43},{"NomeFaculdade":"Universidade Católica Portuguesa - Faculdade de Educação e Psicologia","CodigoFaculdade":6867,"PercentagemDesemprego":4.77,"TotalDiplomados":377,"TotalDesempregados":18},{"NomeFaculdade":"Universidade Católica Portuguesa - Faculdade de Educação e Psicologia (Lisboa)","CodigoFaculdade":2292,"PercentagemDesemprego":1.14,"TotalDiplomados":176,"TotalDesempregados":2},{"NomeFaculdade":"Universidade Católica Portuguesa - Faculdade de Engenharia","CodigoFaculdade":9020,"PercentagemDesemprego":6.17,"TotalDiplomados":81,"TotalDesempregados":5},{"NomeFaculdade":"Universidade Católica Portuguesa - Faculdade de Filosofia","CodigoFaculdade":24530,"PercentagemDesemprego":11.08,"TotalDiplomados":993,"TotalDesempregados":110},{"NomeFaculdade":"Universidade Católica Portuguesa - Faculdade de Letras","CodigoFaculdade":15645,"PercentagemDesemprego":11.48,"TotalDiplomados":566,"TotalDesempregados":65},{"NomeFaculdade":"Universidade Católica Portuguesa - Faculdade de Teologia","CodigoFaculdade":11200,"PercentagemDesemprego":3.02,"TotalDiplomados":562,"TotalDesempregados":17},{"NomeFaculdade":"Universidade Católica Portuguesa - Faculdade de Teologia (Braga)","CodigoFaculdade":2241,"PercentagemDesemprego":8.82,"TotalDiplomados":34,"TotalDesempregados":3},{"NomeFaculdade":"Universidade Católica Portuguesa - Faculdade de Teologia (Porto)","CodigoFaculdade":4484,"PercentagemDesemprego":2.07,"TotalDiplomados":241,"TotalDesempregados":5},{"NomeFaculdade":"Universidade Católica Portuguesa - Instituto de Estudos Políticos","CodigoFaculdade":6885,"PercentagemDesemprego":10.29,"TotalDiplomados":68,"TotalDesempregados":7},{"NomeFaculdade":"Universidade Católica Portuguesa - Instituto Universitário de Desenvolvimento e Promoção Social","CodigoFaculdade":4520,"PercentagemDesemprego":5.3,"TotalDiplomados":151,"TotalDesempregados":8},{"NomeFaculdade":"Universidade da Beira Interior","CodigoFaculdade":34800,"PercentagemDesemprego":9.39,"TotalDiplomados":7347,"TotalDesempregados":690},{"NomeFaculdade":"Universidade da Madeira","CodigoFaculdade":6500,"PercentagemDesemprego":1.08,"TotalDiplomados":648,"TotalDesempregados":7},{"NomeFaculdade":"Universidade de Aveiro","CodigoFaculdade":34800,"PercentagemDesemprego":7.21,"TotalDiplomados":13564,"TotalDesempregados":978},{"NomeFaculdade":"Universidade de Aveiro - Escola Superior de Design, Gestão e Tecnologias da Produção de Aveiro-Norte","CodigoFaculdade":3014,"PercentagemDesemprego":7.69,"TotalDiplomados":39,"TotalDesempregados":3},{"NomeFaculdade":"Universidade de Aveiro - Escola Superior de Saúde de Aveiro","CodigoFaculdade":24104,"PercentagemDesemprego":8.72,"TotalDiplomados":436,"TotalDesempregados":38},{"NomeFaculdade":"Universidade de Aveiro - Escola Superior de Tecnologia e Gestão de Águeda","CodigoFaculdade":27108,"PercentagemDesemprego":8.11,"TotalDiplomados":789,"TotalDesempregados":64},{"NomeFaculdade":"Universidade de Aveiro - Instituto Superior de Contabilidade e Administração de Aveiro","CodigoFaculdade":24088,"PercentagemDesemprego":3.51,"TotalDiplomados":3617,"TotalDesempregados":127},{"NomeFaculdade":"Universidade de Coimbra - Faculdade de Ciências do Desporto e Educação Física","CodigoFaculdade":2540,"PercentagemDesemprego":4.69,"TotalDiplomados":875,"TotalDesempregados":41},{"NomeFaculdade":"Universidade de Coimbra - Faculdade de Ciências e Tecnologia","CodigoFaculdade":31563,"PercentagemDesemprego":5.85,"TotalDiplomados":8664,"TotalDesempregados":507},{"NomeFaculdade":"Universidade de Coimbra - Faculdade de Direito","CodigoFaculdade":3514,"PercentagemDesemprego":4.01,"TotalDiplomados":3893,"TotalDesempregados":156},{"NomeFaculdade":"Universidade de Coimbra - Faculdade de Economia","CodigoFaculdade":8048,"PercentagemDesemprego":7.0,"TotalDiplomados":2671,"TotalDesempregados":187},{"NomeFaculdade":"Universidade de Coimbra - Faculdade de Farmácia","CodigoFaculdade":3024,"PercentagemDesemprego":2.92,"TotalDiplomados":1575,"TotalDesempregados":46},{"NomeFaculdade":"Universidade de Coimbra - Faculdade de Letras","CodigoFaculdade":22220,"PercentagemDesemprego":10.07,"TotalDiplomados":4459,"TotalDesempregados":449},{"NomeFaculdade":"Universidade de Coimbra - Faculdade de Medicina","CodigoFaculdade":1012,"PercentagemDesemprego":0.15,"TotalDiplomados":1321,"TotalDesempregados":2},{"NomeFaculdade":"Universidade de Coimbra - Faculdade de Psicologia e de Ciências da Educação","CodigoFaculdade":4563,"PercentagemDesemprego":9.97,"TotalDiplomados":2156,"TotalDesempregados":215},{"NomeFaculdade":"Universidade de Lisboa","CodigoFaculdade":700,"PercentagemDesemprego":13.33,"TotalDiplomados":15,"TotalDesempregados":2},{"NomeFaculdade":"Universidade de Lisboa - Faculdade de Belas-Artes","CodigoFaculdade":95436,"PercentagemDesemprego":7.22,"TotalDiplomados":1954,"TotalDesempregados":141},{"NomeFaculdade":"Universidade de Lisboa - Faculdade de Ciências","CodigoFaculdade":37854,"PercentagemDesemprego":3.64,"TotalDiplomados":7245,"TotalDesempregados":264},{"NomeFaculdade":"Universidade de Lisboa - Faculdade de Direito","CodigoFaculdade":2106,"PercentagemDesemprego":2.65,"TotalDiplomados":5091,"TotalDesempregados":135},{"NomeFaculdade":"Universidade de Lisboa - Faculdade de Farmácia","CodigoFaculdade":2109,"PercentagemDesemprego":1.61,"TotalDiplomados":2230,"TotalDesempregados":36},{"NomeFaculdade":"Universidade de Lisboa - Faculdade de Letras","CodigoFaculdade":48576,"PercentagemDesemprego":8.04,"TotalDiplomados":6829,"TotalDesempregados":549},{"NomeFaculdade":"Universidade de Lisboa - Faculdade de Medicina","CodigoFaculdade":2115,"PercentagemDesemprego":0.42,"TotalDiplomados":1412,"TotalDesempregados":6},{"NomeFaculdade":"Universidade de Lisboa - Faculdade de Medicina Dentária","CodigoFaculdade":13200,"PercentagemDesemprego":2.02,"TotalDiplomados":346,"TotalDesempregados":7},{"NomeFaculdade":"Universidade de Lisboa - Faculdade de Psicologia","CodigoFaculdade":710,"PercentagemDesemprego":10.92,"TotalDiplomados":119,"TotalDesempregados":13},{"NomeFaculdade":"Universidade de Lisboa - Faculdade de Psicologia e de Ciências da Educação","CodigoFaculdade":5648,"PercentagemDesemprego":4.46,"TotalDiplomados":2266,"TotalDesempregados":101},{"NomeFaculdade":"Universidade de Lisboa - Instituto de Educação","CodigoFaculdade":1418,"PercentagemDesemprego":3.36,"TotalDiplomados":149,"TotalDesempregados":5},{"NomeFaculdade":"Universidade de Lisboa - Instituto de Geografia e Ordenamento do Território","CodigoFaculdade":708,"PercentagemDesemprego":3.85,"TotalDiplomados":52,"TotalDesempregados":2},{"NomeFaculdade":"Universidade de Trás-os-Montes e Alto Douro","CodigoFaculdade":88800,"PercentagemDesemprego":10.92,"TotalDiplomados":9223,"TotalDesempregados":1007},{"NomeFaculdade":"Universidade de Trás-os-Montes e Alto Douro (Chaves)","CodigoFaculdade":9030,"PercentagemDesemprego":12.09,"TotalDiplomados":1067,"TotalDesempregados":129},{"NomeFaculdade":"Universidade de Trás-os-Montes e Alto Douro (Miranda do Douro)","CodigoFaculdade":3840,"PercentagemDesemprego":12.21,"TotalDiplomados":262,"TotalDesempregados":32},{"NomeFaculdade":"Universidade de Trás-os-Montes e Alto Douro - Escola Superior de Enfermagem de Vila Real","CodigoFaculdade":14160,"PercentagemDesemprego":3.73,"TotalDiplomados":509,"TotalDesempregados":19},{"NomeFaculdade":"Universidade de Évora","CodigoFaculdade":49200,"PercentagemDesemprego":8.93,"TotalDiplomados":8220,"TotalDesempregados":734},{"NomeFaculdade":"Universidade de Évora - Escola Superior de Enfermagem de São João de Deus","CodigoFaculdade":7030,"PercentagemDesemprego":5.41,"TotalDiplomados":74,"TotalDesempregados":4},{"NomeFaculdade":"Universidade do Algarve","CodigoFaculdade":200,"PercentagemDesemprego":15.79,"TotalDiplomados":57,"TotalDesempregados":9},{"NomeFaculdade":"Universidade do Algarve - Escola Superior de Educação e Comunicação de Faro","CodigoFaculdade":67782,"PercentagemDesemprego":8.34,"TotalDiplomados":3164,"TotalDesempregados":264},{"NomeFaculdade":"Universidade do Algarve - Escola Superior de Gestão, Hotelaria e Turismo de Faro","CodigoFaculdade":52394,"PercentagemDesemprego":5.91,"TotalDiplomados":3537,"TotalDesempregados":209},{"NomeFaculdade":"Universidade do Algarve - Escola Superior de Gestão, Hotelaria e Turismo de Faro (Portimão)","CodigoFaculdade":30870,"PercentagemDesemprego":3.9,"TotalDiplomados":1231,"TotalDesempregados":48},{"NomeFaculdade":"Universidade do Algarve - Escola Superior de Saúde","CodigoFaculdade":63315,"PercentagemDesemprego":8.22,"TotalDiplomados":353,"TotalDesempregados":29},{"NomeFaculdade":"Universidade do Algarve - Faculdade de Ciências do Mar e do Ambiente","CodigoFaculdade":2020,"PercentagemDesemprego":6.98,"TotalDiplomados":1032,"TotalDesempregados":72},{"NomeFaculdade":"Universidade do Algarve - Faculdade de Ciências e Tecnologia","CodigoFaculdade":3248,"PercentagemDesemprego":7.68,"TotalDiplomados":964,"TotalDesempregados":74},{"NomeFaculdade":"Universidade do Algarve - Faculdade de Ciências Humanas e Sociais","CodigoFaculdade":3618,"PercentagemDesemprego":10.87,"TotalDiplomados":1352,"TotalDesempregados":147},{"NomeFaculdade":"Universidade do Algarve - Faculdade de Economia","CodigoFaculdade":1836,"PercentagemDesemprego":8.45,"TotalDiplomados":1029,"TotalDesempregados":87},{"NomeFaculdade":"Universidade do Algarve - Faculdade de Engenharia de Recursos Naturais","CodigoFaculdade":1025,"PercentagemDesemprego":6.83,"TotalDiplomados":659,"TotalDesempregados":45},{"NomeFaculdade":"Universidade do Algarve - Instituto Superior de Engenharia de Faro","CodigoFaculdade":64743,"PercentagemDesemprego":7.14,"TotalDiplomados":2789,"TotalDesempregados":199},{"NomeFaculdade":"Universidade do Minho","CodigoFaculdade":148000,"PercentagemDesemprego":7.35,"TotalDiplomados":26326,"TotalDesempregados":1936},{"NomeFaculdade":"Universidade do Minho - Escola Superior de Enfermagem","CodigoFaculdade":14020,"PercentagemDesemprego":7.83,"TotalDiplomados":332,"TotalDesempregados":26},{"NomeFaculdade":"Universidade do Porto - Escola de Gestão do Porto","CodigoFaculdade":1112,"PercentagemDesemprego":8.33,"TotalDiplomados":24,"TotalDesempregados":2},{"NomeFaculdade":"Universidade do Porto - Faculdade de Arquitectura","CodigoFaculdade":5510,"PercentagemDesemprego":7.54,"TotalDiplomados":1273,"TotalDesempregados":96},{"NomeFaculdade":"Universidade do Porto - Faculdade de Belas-Artes","CodigoFaculdade":48618,"PercentagemDesemprego":8.71,"TotalDiplomados":1228,"TotalDesempregados":107},{"NomeFaculdade":"Universidade do Porto - Faculdade de Ciências","CodigoFaculdade":52944,"PercentagemDesemprego":6.88,"TotalDiplomados":5740,"TotalDesempregados":395},{"NomeFaculdade":"Universidade do Porto - Faculdade de Ciências da Nutrição e da Alimentação","CodigoFaculdade":3303,"PercentagemDesemprego":5.57,"TotalDiplomados":575,"TotalDesempregados":32},{"NomeFaculdade":"Universidade do Porto - Faculdade de Desporto","CodigoFaculdade":16665,"PercentagemDesemprego":3.39,"TotalDiplomados":4451,"TotalDesempregados":151},{"NomeFaculdade":"Universidade do Porto - Faculdade de Direito","CodigoFaculdade":3342,"PercentagemDesemprego":5.69,"TotalDiplomados":1019,"TotalDesempregados":58},{"NomeFaculdade":"Universidade do Porto - Faculdade de Economia","CodigoFaculdade":14352,"PercentagemDesemprego":4.28,"TotalDiplomados":3835,"TotalDesempregados":164},{"NomeFaculdade":"Universidade do Porto - Faculdade de Engenharia","CodigoFaculdade":49725,"PercentagemDesemprego":3.86,"TotalDiplomados":10399,"TotalDesempregados":401},{"NomeFaculdade":"Universidade do Porto - Faculdade de Farmácia","CodigoFaculdade":6636,"PercentagemDesemprego":1.99,"TotalDiplomados":1959,"TotalDesempregados":39},{"NomeFaculdade":"Universidade do Porto - Faculdade de Letras","CodigoFaculdade":66420,"PercentagemDesemprego":10.29,"TotalDiplomados":6454,"TotalDesempregados":664},{"NomeFaculdade":"Universidade do Porto - Faculdade de Medicina","CodigoFaculdade":2216,"PercentagemDesemprego":0.18,"TotalDiplomados":1105,"TotalDesempregados":2},{"NomeFaculdade":"Universidade do Porto - Faculdade de Medicina Dentária","CodigoFaculdade":3339,"PercentagemDesemprego":0.68,"TotalDiplomados":733,"TotalDesempregados":5},{"NomeFaculdade":"Universidade do Porto - Faculdade de Psicologia e de Ciências da Educação","CodigoFaculdade":11090,"PercentagemDesemprego":7.89,"TotalDiplomados":2421,"TotalDesempregados":191},{"NomeFaculdade":"Universidade do Porto - Instituto de Ciências Biomédicas Abel Salazar","CodigoFaculdade":8880,"PercentagemDesemprego":2.64,"TotalDiplomados":720,"TotalDesempregados":19},{"NomeFaculdade":"Universidade dos Açores - Angra do Heroísmo","CodigoFaculdade":550,"PercentagemDesemprego":2.76,"TotalDiplomados":398,"TotalDesempregados":11},{"NomeFaculdade":"Universidade dos Açores - Escola Superior de Enfermagem de Ponta Delgada","CodigoFaculdade":7091,"PercentagemDesemprego":1.23,"TotalDiplomados":81,"TotalDesempregados":1},{"NomeFaculdade":"Universidade dos Açores - Ponta Delgada","CodigoFaculdade":1300,"PercentagemDesemprego":1.9,"TotalDiplomados":1055,"TotalDesempregados":20},{"NomeFaculdade":"Universidade Fernando Pessoa","CodigoFaculdade":118250,"PercentagemDesemprego":10.18,"TotalDiplomados":4018,"TotalDesempregados":409},{"NomeFaculdade":"Universidade Fernando Pessoa (unidade de Ponte de Lima - ensino politécnico)","CodigoFaculdade":2753,"PercentagemDesemprego":1.36,"TotalDiplomados":368,"TotalDesempregados":5},{"NomeFaculdade":"Universidade Fernando Pessoa (unidade de Ponte de Lima)","CodigoFaculdade":13755,"PercentagemDesemprego":5.93,"TotalDiplomados":455,"TotalDesempregados":27},{"NomeFaculdade":"Universidade Fernando Pessoa - Escola Superior de Saúde","CodigoFaculdade":22016,"PercentagemDesemprego":8.02,"TotalDiplomados":1184,"TotalDesempregados":95},{"NomeFaculdade":"Universidade Independente","CodigoFaculdade":36400,"PercentagemDesemprego":6.42,"TotalDiplomados":1995,"TotalDesempregados":128},{"NomeFaculdade":"Universidade Internacional","CodigoFaculdade":9200,"PercentagemDesemprego":10.21,"TotalDiplomados":578,"TotalDesempregados":59},{"NomeFaculdade":"Universidade Internacional da Figueira da Foz","CodigoFaculdade":13812,"PercentagemDesemprego":7.58,"TotalDiplomados":857,"TotalDesempregados":65},{"NomeFaculdade":"Universidade Lusíada","CodigoFaculdade":79200,"PercentagemDesemprego":6.8,"TotalDiplomados":7456,"TotalDesempregados":507},{"NomeFaculdade":"Universidade Lusíada (Porto)","CodigoFaculdade":52822,"PercentagemDesemprego":9.34,"TotalDiplomados":5868,"TotalDesempregados":548},{"NomeFaculdade":"Universidade Lusíada - Instituto Superior de Serviço Social de Lisboa","CodigoFaculdade":4510,"PercentagemDesemprego":5.68,"TotalDiplomados":862,"TotalDesempregados":49},{"NomeFaculdade":"Universidade Lusíada de Vila Nova de Famalicão","CodigoFaculdade":31226,"PercentagemDesemprego":9.66,"TotalDiplomados":1811,"TotalDesempregados":175},{"NomeFaculdade":"Universidade Lusófona de Humanidades e Tecnologias","CodigoFaculdade":212800,"PercentagemDesemprego":8.55,"TotalDiplomados":12306,"TotalDesempregados":1052},{"NomeFaculdade":"Universidade Lusófona do Porto","CodigoFaculdade":72576,"PercentagemDesemprego":8.34,"TotalDiplomados":1798,"TotalDesempregados":150},{"NomeFaculdade":"Universidade Moderna de Lisboa","CodigoFaculdade":44330,"PercentagemDesemprego":12.87,"TotalDiplomados":1671,"TotalDesempregados":215},{"NomeFaculdade":"Universidade Nova de Lisboa - Faculdade de Ciências e Tecnologia","CodigoFaculdade":48762,"PercentagemDesemprego":4.79,"TotalDiplomados":5886,"TotalDesempregados":282},{"NomeFaculdade":"Universidade Nova de Lisboa - Faculdade de Ciências Médicas","CodigoFaculdade":1802,"PercentagemDesemprego":0.21,"TotalDiplomados":964,"TotalDesempregados":2},{"NomeFaculdade":"Universidade Nova de Lisboa - Faculdade de Ciências Sociais e Humanas","CodigoFaculdade":52316,"PercentagemDesemprego":6.57,"TotalDiplomados":5826,"TotalDesempregados":383},{"NomeFaculdade":"Universidade Nova de Lisboa - Faculdade de Direito","CodigoFaculdade":2733,"PercentagemDesemprego":1.51,"TotalDiplomados":862,"TotalDesempregados":13},{"NomeFaculdade":"Universidade Nova de Lisboa - Faculdade de Economia","CodigoFaculdade":6328,"PercentagemDesemprego":1.41,"TotalDiplomados":3401,"TotalDesempregados":48},{"NomeFaculdade":"Universidade Nova de Lisboa - Instituto Superior de Estatística e Gestão de Informação","CodigoFaculdade":5436,"PercentagemDesemprego":3.1,"TotalDiplomados":612,"TotalDesempregados":19},{"NomeFaculdade":"Universidade Portucalense Infante D. Henrique","CodigoFaculdade":50000,"PercentagemDesemprego":8.73,"TotalDiplomados":3986,"TotalDesempregados":348},{"NomeFaculdade":"Universidade Técnica de Lisboa","CodigoFaculdade":1600,"PercentagemDesemprego":3.45,"TotalDiplomados":58,"TotalDesempregados":2},{"NomeFaculdade":"Universidade Técnica de Lisboa - Faculdade de Arquitectura","CodigoFaculdade":12832,"PercentagemDesemprego":5.97,"TotalDiplomados":2930,"TotalDesempregados":175},{"NomeFaculdade":"Universidade Técnica de Lisboa - Faculdade de Medicina Veterinária","CodigoFaculdade":3204,"PercentagemDesemprego":2.75,"TotalDiplomados":910,"TotalDesempregados":25},{"NomeFaculdade":"Universidade Técnica de Lisboa - Faculdade de Motricidade Humana","CodigoFaculdade":11284,"PercentagemDesemprego":3.98,"TotalDiplomados":3044,"TotalDesempregados":121},{"NomeFaculdade":"Universidade Técnica de Lisboa - Instituto Superior de Agronomia","CodigoFaculdade":16863,"PercentagemDesemprego":4.78,"TotalDiplomados":2387,"TotalDesempregados":114},{"NomeFaculdade":"Universidade Técnica de Lisboa - Instituto Superior de Ciências Sociais e Políticas","CodigoFaculdade":16884,"PercentagemDesemprego":8.14,"TotalDiplomados":3416,"TotalDesempregados":278},{"NomeFaculdade":"Universidade Técnica de Lisboa - Instituto Superior de Economia e Gestão","CodigoFaculdade":13685,"PercentagemDesemprego":3.8,"TotalDiplomados":3975,"TotalDesempregados":151},{"NomeFaculdade":"Universidade Técnica de Lisboa - Instituto Superior Técnico","CodigoFaculdade":37122,"PercentagemDesemprego":2.17,"TotalDiplomados":10931,"TotalDesempregados":237},{"NomeFaculdade":"Universidade Técnica de Lisboa - Instituto Superior Técnico (instalações no Tagus Park)","CodigoFaculdade":808,"PercentagemDesemprego":0.46,"TotalDiplomados":217,"TotalDesempregados":1}]}