{"data":[{"NomeFaculdade":"Academia Militar","CodigoFaculdade":15020,"PercentagemDesemprego":3.33,"TotalDiplomados":90,"TotalDesempregados":3},{"NomeFaculdade":"DINENSINO-Ensino, Desenvolvimento e Cooperação, CRL (Beja)","CodigoFaculdade":20165,"PercentagemDesemprego":3.17,"TotalDiplomados":756,"TotalDesempregados":24},{"NomeFaculdade":"DINENSINO-Ensino, Desenvolvimento e Cooperação, CRL (Setúbal)","CodigoFaculdade":16124,"PercentagemDesemprego":3.69,"TotalDiplomados":596,"TotalDesempregados":22},{"NomeFaculdade":"Escola Naval","CodigoFaculdade":7520,"PercentagemDesemprego":0.71,"TotalDiplomados":140,"TotalDesempregados":1},{"NomeFaculdade":"Escola Superior Artística do Porto","CodigoFaculdade":72180,"PercentagemDesemprego":12.81,"TotalDiplomados":1351,"TotalDesempregados":173},{"NomeFaculdade":"Escola Superior Artística do Porto (Guimarães)","CodigoFaculdade":20055,"PercentagemDesemprego":9.4,"TotalDiplomados":117,"TotalDesempregados":11},{"NomeFaculdade":"Escola Superior de Actividades Imobiliárias","CodigoFaculdade":8040,"PercentagemDesemprego":14.65,"TotalDiplomados":157,"TotalDesempregados":23},{"NomeFaculdade":"Escola Superior de Artes Decorativas","CodigoFaculdade":28476,"PercentagemDesemprego":7.32,"TotalDiplomados":847,"TotalDesempregados":62},{"NomeFaculdade":"Escola Superior de Artes e Design","CodigoFaculdade":32552,"PercentagemDesemprego":11.01,"TotalDiplomados":5015,"TotalDesempregados":552},{"NomeFaculdade":"Escola Superior de Design","CodigoFaculdade":16444,"PercentagemDesemprego":3.92,"TotalDiplomados":3140,"TotalDesempregados":123},{"NomeFaculdade":"Escola Superior de Educadores de Infância Maria Ulrich","CodigoFaculdade":12195,"PercentagemDesemprego":4.99,"TotalDiplomados":1404,"TotalDesempregados":70},{"NomeFaculdade":"Escola Superior de Educação de Almeida Garrett","CodigoFaculdade":28518,"PercentagemDesemprego":2.17,"TotalDiplomados":1475,"TotalDesempregados":32},{"NomeFaculdade":"Escola Superior de Educação de Fafe","CodigoFaculdade":32608,"PercentagemDesemprego":7.36,"TotalDiplomados":2297,"TotalDesempregados":169},{"NomeFaculdade":"Escola Superior de Educação de João de Deus","CodigoFaculdade":24480,"PercentagemDesemprego":2.69,"TotalDiplomados":3382,"TotalDesempregados":91},{"NomeFaculdade":"Escola Superior de Educação de Paula Frassinetti","CodigoFaculdade":32680,"PercentagemDesemprego":7.28,"TotalDiplomados":2996,"TotalDesempregados":218},{"NomeFaculdade":"Escola Superior de Educação de Santa Maria","CodigoFaculdade":8180,"PercentagemDesemprego":8.04,"TotalDiplomados":510,"TotalDesempregados":41},{"NomeFaculdade":"Escola Superior de Educação de Torres Novas","CodigoFaculdade":16380,"PercentagemDesemprego":8.39,"TotalDiplomados":691,"TotalDesempregados":58},{"NomeFaculdade":"Escola Superior de Educação Jean Piaget - Nordeste","CodigoFaculdade":40790,"PercentagemDesemprego":5.72,"TotalDiplomados":1766,"TotalDesempregados":101},{"NomeFaculdade":"Escola Superior de Educação Jean Piaget de Almada","CodigoFaculdade":85617,"PercentagemDesemprego":5.05,"TotalDiplomados":3839,"TotalDesempregados":194},{"NomeFaculdade":"Escola Superior de Educação Jean Piaget de Arcozelo","CodigoFaculdade":73404,"PercentagemDesemprego":6.6,"TotalDiplomados":5712,"TotalDesempregados":377},{"NomeFaculdade":"Escola Superior de Educação Jean Piaget de Arcozelo (Viseu)","CodigoFaculdade":44891,"PercentagemDesemprego":6.32,"TotalDiplomados":1234,"TotalDesempregados":78},{"NomeFaculdade":"Escola Superior de Enfermagem da Cruz Vermelha Portuguesa de Oliveira de Azeméis","CodigoFaculdade":4089,"PercentagemDesemprego":9.18,"TotalDiplomados":196,"TotalDesempregados":18},{"NomeFaculdade":"Escola Superior de Enfermagem da Imaculada Conceição","CodigoFaculdade":8184,"PercentagemDesemprego":0.46,"TotalDiplomados":435,"TotalDesempregados":2},{"NomeFaculdade":"Escola Superior de Enfermagem de Coimbra","CodigoFaculdade":14002,"PercentagemDesemprego":5.44,"TotalDiplomados":2279,"TotalDesempregados":124},{"NomeFaculdade":"Escola Superior de Enfermagem de Lisboa","CodigoFaculdade":14004,"PercentagemDesemprego":3.39,"TotalDiplomados":1621,"TotalDesempregados":55},{"NomeFaculdade":"Escola Superior de Enfermagem de Santa Maria","CodigoFaculdade":8194,"PercentagemDesemprego":2.88,"TotalDiplomados":625,"TotalDesempregados":18},{"NomeFaculdade":"Escola Superior de Enfermagem do Porto","CodigoFaculdade":7003,"PercentagemDesemprego":24.11,"TotalDiplomados":423,"TotalDesempregados":102},{"NomeFaculdade":"Escola Superior de Enfermagem Dr. José Timóteo Montalvão Machado","CodigoFaculdade":8186,"PercentagemDesemprego":11.81,"TotalDiplomados":288,"TotalDesempregados":34},{"NomeFaculdade":"Escola Superior de Enfermagem S. Francisco das Misericórdias","CodigoFaculdade":4096,"PercentagemDesemprego":6.25,"TotalDiplomados":32,"TotalDesempregados":2},{"NomeFaculdade":"Escola Superior de Hotelaria e Turismo do Estoril","CodigoFaculdade":135090,"PercentagemDesemprego":6.87,"TotalDiplomados":2199,"TotalDesempregados":151},{"NomeFaculdade":"Escola Superior de Jornalismo","CodigoFaculdade":20500,"PercentagemDesemprego":5.77,"TotalDiplomados":1457,"TotalDesempregados":84},{"NomeFaculdade":"Escola Superior de Marketing e Publicidade","CodigoFaculdade":8224,"PercentagemDesemprego":10.85,"TotalDiplomados":1299,"TotalDesempregados":141},{"NomeFaculdade":"Escola Superior de Saúde da Cruz Vermelha Portuguesa","CodigoFaculdade":24546,"PercentagemDesemprego":16.42,"TotalDiplomados":268,"TotalDesempregados":44},{"NomeFaculdade":"Escola Superior de Saúde do Alcoitão","CodigoFaculdade":32840,"PercentagemDesemprego":1.17,"TotalDiplomados":2140,"TotalDesempregados":25},{"NomeFaculdade":"Escola Superior de Saúde Egas Moniz","CodigoFaculdade":49272,"PercentagemDesemprego":3.31,"TotalDiplomados":2025,"TotalDesempregados":67},{"NomeFaculdade":"Escola Superior de Saúde Jean Piaget - Algarve","CodigoFaculdade":20510,"PercentagemDesemprego":4.38,"TotalDiplomados":411,"TotalDesempregados":18},{"NomeFaculdade":"Escola Superior de Saúde Jean Piaget de Vila Nova de Gaia","CodigoFaculdade":28707,"PercentagemDesemprego":15.11,"TotalDiplomados":741,"TotalDesempregados":112},{"NomeFaculdade":"Escola Superior de Saúde Jean Piaget de Viseu","CodigoFaculdade":4103,"PercentagemDesemprego":2.19,"TotalDiplomados":913,"TotalDesempregados":20},{"NomeFaculdade":"Escola Superior de Saúde Jean Piaget\/Nordeste","CodigoFaculdade":32792,"PercentagemDesemprego":4.65,"TotalDiplomados":2041,"TotalDesempregados":95},{"NomeFaculdade":"Escola Superior de Saúde Ribeiro Sanches","CodigoFaculdade":24624,"PercentagemDesemprego":12.46,"TotalDiplomados":329,"TotalDesempregados":41},{"NomeFaculdade":"Escola Superior de Tecnologias de Fafe","CodigoFaculdade":37035,"PercentagemDesemprego":9.3,"TotalDiplomados":473,"TotalDesempregados":44},{"NomeFaculdade":"Escola Superior de Tecnologias e Artes de Lisboa","CodigoFaculdade":28875,"PercentagemDesemprego":5.38,"TotalDiplomados":799,"TotalDesempregados":43},{"NomeFaculdade":"Escola Superior Gallaecia","CodigoFaculdade":8050,"PercentagemDesemprego":4.0,"TotalDiplomados":175,"TotalDesempregados":7},{"NomeFaculdade":"Escola Superior Náutica Infante D. Henrique","CodigoFaculdade":78155,"PercentagemDesemprego":4.05,"TotalDiplomados":766,"TotalDesempregados":31},{"NomeFaculdade":"Escola Universitária das Artes de Coimbra","CodigoFaculdade":45320,"PercentagemDesemprego":12.64,"TotalDiplomados":997,"TotalDesempregados":126},{"NomeFaculdade":"Escola Universitária Vasco da Gama","CodigoFaculdade":16504,"PercentagemDesemprego":7.53,"TotalDiplomados":146,"TotalDesempregados":11},{"NomeFaculdade":"Instituto de Estudos Superiores de Contabilidade","CodigoFaculdade":16508,"PercentagemDesemprego":1.25,"TotalDiplomados":962,"TotalDesempregados":12},{"NomeFaculdade":"Instituto de Estudos Superiores Financeiros e Fiscais (Lisboa)","CodigoFaculdade":4140,"PercentagemDesemprego":50.0,"TotalDiplomados":2,"TotalDesempregados":1},{"NomeFaculdade":"Instituto de Estudos Superiores Financeiros e Fiscais (Porto)","CodigoFaculdade":24846,"PercentagemDesemprego":9.77,"TotalDiplomados":348,"TotalDesempregados":34},{"NomeFaculdade":"Instituto Militar dos Pupilos do Exército-Secção de Ens. Superior","CodigoFaculdade":38100,"PercentagemDesemprego":11.44,"TotalDiplomados":201,"TotalDesempregados":23},{"NomeFaculdade":"Instituto Politécnico da Guarda - Escola Superior de Educação, Comunicação e Desporto","CodigoFaculdade":68002,"PercentagemDesemprego":7.3,"TotalDiplomados":3975,"TotalDesempregados":290},{"NomeFaculdade":"Instituto Politécnico da Guarda - Escola Superior de Saúde da Guarda","CodigoFaculdade":7040,"PercentagemDesemprego":44.44,"TotalDiplomados":18,"TotalDesempregados":8},{"NomeFaculdade":"Instituto Politécnico da Guarda - Escola Superior de Tecnologia e Gestão","CodigoFaculdade":126772,"PercentagemDesemprego":5.78,"TotalDiplomados":4930,"TotalDesempregados":285},{"NomeFaculdade":"Instituto Politécnico da Guarda - Escola Superior de Turismo e Hotelaria","CodigoFaculdade":9285,"PercentagemDesemprego":9.61,"TotalDiplomados":229,"TotalDesempregados":22},{"NomeFaculdade":"Instituto Politécnico de Beja - Escola Superior Agrária","CodigoFaculdade":51357,"PercentagemDesemprego":8.59,"TotalDiplomados":1734,"TotalDesempregados":149},{"NomeFaculdade":"Instituto Politécnico de Beja - Escola Superior de Educação","CodigoFaculdade":66484,"PercentagemDesemprego":9.49,"TotalDiplomados":1991,"TotalDesempregados":189},{"NomeFaculdade":"Instituto Politécnico de Beja - Escola Superior de Saúde","CodigoFaculdade":7005,"PercentagemDesemprego":8.82,"TotalDiplomados":68,"TotalDesempregados":6},{"NomeFaculdade":"Instituto Politécnico de Beja - Escola Superior de Tecnologia e de Gestão","CodigoFaculdade":63483,"PercentagemDesemprego":6.29,"TotalDiplomados":2004,"TotalDesempregados":126},{"NomeFaculdade":"Instituto Politécnico de Bragança - Escola Superior Agrária de Bragança","CodigoFaculdade":79066,"PercentagemDesemprego":9.07,"TotalDiplomados":2261,"TotalDesempregados":205},{"NomeFaculdade":"Instituto Politécnico de Bragança - Escola Superior de Comunicação, Administração e Turismo de Mirandela","CodigoFaculdade":33495,"PercentagemDesemprego":19.5,"TotalDiplomados":523,"TotalDesempregados":102},{"NomeFaculdade":"Instituto Politécnico de Bragança - Escola Superior de Educação de Bragança","CodigoFaculdade":57798,"PercentagemDesemprego":11.95,"TotalDiplomados":2653,"TotalDesempregados":317},{"NomeFaculdade":"Instituto Politécnico de Bragança - Escola Superior de Saúde de Bragança","CodigoFaculdade":49105,"PercentagemDesemprego":29.23,"TotalDiplomados":455,"TotalDesempregados":133},{"NomeFaculdade":"Instituto Politécnico de Bragança - Escola Superior de Tecnologia e de Gestão de Bragança","CodigoFaculdade":94333,"PercentagemDesemprego":7.78,"TotalDiplomados":3443,"TotalDesempregados":268},{"NomeFaculdade":"Instituto Politécnico de Castelo Branco - Escola Superior Agrária de Castelo Branco","CodigoFaculdade":48816,"PercentagemDesemprego":6.73,"TotalDiplomados":2349,"TotalDesempregados":158},{"NomeFaculdade":"Instituto Politécnico de Castelo Branco - Escola Superior de Artes Aplicadas de Castelo Branco","CodigoFaculdade":27495,"PercentagemDesemprego":13.77,"TotalDiplomados":610,"TotalDesempregados":84},{"NomeFaculdade":"Instituto Politécnico de Castelo Branco - Escola Superior de Educação de Castelo Branco","CodigoFaculdade":51884,"PercentagemDesemprego":9.11,"TotalDiplomados":2086,"TotalDesempregados":190},{"NomeFaculdade":"Instituto Politécnico de Castelo Branco - Escola Superior de Gestão de Idanha-a-Nova","CodigoFaculdade":39702,"PercentagemDesemprego":6.39,"TotalDiplomados":1768,"TotalDesempregados":113},{"NomeFaculdade":"Instituto Politécnico de Castelo Branco - Escola Superior de Saúde Dr. Lopes Dias","CodigoFaculdade":35100,"PercentagemDesemprego":3.61,"TotalDiplomados":776,"TotalDesempregados":28},{"NomeFaculdade":"Instituto Politécnico de Castelo Branco - Escola Superior de Tecnologia de Castelo Branco","CodigoFaculdade":61060,"PercentagemDesemprego":7.6,"TotalDiplomados":1790,"TotalDesempregados":136},{"NomeFaculdade":"Instituto Politécnico de Coimbra - Escola Superior Agrária de Coimbra","CodigoFaculdade":61220,"PercentagemDesemprego":7.99,"TotalDiplomados":2792,"TotalDesempregados":223},{"NomeFaculdade":"Instituto Politécnico de Coimbra - Escola Superior de Educação de Coimbra","CodigoFaculdade":94922,"PercentagemDesemprego":8.93,"TotalDiplomados":5117,"TotalDesempregados":457},{"NomeFaculdade":"Instituto Politécnico de Coimbra - Escola Superior de Tecnologia da Saúde de Coimbra","CodigoFaculdade":64890,"PercentagemDesemprego":2.01,"TotalDiplomados":2931,"TotalDesempregados":59},{"NomeFaculdade":"Instituto Politécnico de Coimbra - Escola Superior de Tecnologia e Gestão de Oliveira do Hospital","CodigoFaculdade":9195,"PercentagemDesemprego":17.36,"TotalDiplomados":144,"TotalDesempregados":25},{"NomeFaculdade":"Instituto Politécnico de Coimbra - Instituto Superior de Contabilidade e Administração de Coimbra","CodigoFaculdade":36756,"PercentagemDesemprego":5.1,"TotalDiplomados":4276,"TotalDesempregados":218},{"NomeFaculdade":"Instituto Politécnico de Coimbra - Instituto Superior de Engenharia de Coimbra","CodigoFaculdade":94984,"PercentagemDesemprego":5.24,"TotalDiplomados":6125,"TotalDesempregados":321},{"NomeFaculdade":"Instituto Politécnico de Leiria - Escola Superior de Artes e Design das Caldas da Rainha","CodigoFaculdade":62060,"PercentagemDesemprego":6.46,"TotalDiplomados":4877,"TotalDesempregados":315},{"NomeFaculdade":"Instituto Politécnico de Leiria - Escola Superior de Educação de Leiria (Caldas da Rainha)","CodigoFaculdade":9312,"PercentagemDesemprego":3.17,"TotalDiplomados":284,"TotalDesempregados":9},{"NomeFaculdade":"Instituto Politécnico de Leiria - Escola Superior de Educação e Ciências Sociais","CodigoFaculdade":68222,"PercentagemDesemprego":9.04,"TotalDiplomados":3528,"TotalDesempregados":319},{"NomeFaculdade":"Instituto Politécnico de Leiria - Escola Superior de Saúde de Leiria","CodigoFaculdade":14090,"PercentagemDesemprego":9.75,"TotalDiplomados":359,"TotalDesempregados":35},{"NomeFaculdade":"Instituto Politécnico de Leiria - Escola Superior de Tecnologia e Gestão","CodigoFaculdade":142692,"PercentagemDesemprego":5.78,"TotalDiplomados":7909,"TotalDesempregados":457},{"NomeFaculdade":"Instituto Politécnico de Leiria - Escola Superior de Turismo e Tecnologia do Mar de Peniche","CodigoFaculdade":34155,"PercentagemDesemprego":16.02,"TotalDiplomados":799,"TotalDesempregados":128},{"NomeFaculdade":"Instituto Politécnico de Lisboa - Escola Superior de Comunicação Social","CodigoFaculdade":46695,"PercentagemDesemprego":4.32,"TotalDiplomados":5113,"TotalDesempregados":221},{"NomeFaculdade":"Instituto Politécnico de Lisboa - Escola Superior de Dança","CodigoFaculdade":6222,"PercentagemDesemprego":2.46,"TotalDiplomados":244,"TotalDesempregados":6},{"NomeFaculdade":"Instituto Politécnico de Lisboa - Escola Superior de Educação de Lisboa","CodigoFaculdade":31120,"PercentagemDesemprego":4.12,"TotalDiplomados":2400,"TotalDesempregados":99},{"NomeFaculdade":"Instituto Politécnico de Lisboa - Escola Superior de Música","CodigoFaculdade":3114,"PercentagemDesemprego":0.36,"TotalDiplomados":281,"TotalDesempregados":1},{"NomeFaculdade":"Instituto Politécnico de Lisboa - Escola Superior de Teatro e Cinema","CodigoFaculdade":56088,"PercentagemDesemprego":2.37,"TotalDiplomados":1732,"TotalDesempregados":41},{"NomeFaculdade":"Instituto Politécnico de Lisboa - Escola Superior de Tecnologia da Saúde de Lisboa","CodigoFaculdade":231040,"PercentagemDesemprego":2.55,"TotalDiplomados":6003,"TotalDesempregados":153},{"NomeFaculdade":"Instituto Politécnico de Lisboa - Instituto Superior de Contabilidade e Administração de Lisboa","CodigoFaculdade":40521,"PercentagemDesemprego":2.29,"TotalDiplomados":6280,"TotalDesempregados":144},{"NomeFaculdade":"Instituto Politécnico de Lisboa - Instituto Superior de Engenharia de Lisboa","CodigoFaculdade":106012,"PercentagemDesemprego":5.54,"TotalDiplomados":7360,"TotalDesempregados":408},{"NomeFaculdade":"Instituto Politécnico de Portalegre - Escola Superior Agrária","CodigoFaculdade":18738,"PercentagemDesemprego":10.71,"TotalDiplomados":280,"TotalDesempregados":30},{"NomeFaculdade":"Instituto Politécnico de Portalegre - Escola Superior de Educação","CodigoFaculdade":62420,"PercentagemDesemprego":9.06,"TotalDiplomados":2549,"TotalDesempregados":231},{"NomeFaculdade":"Instituto Politécnico de Portalegre - Escola Superior de Saúde de Portalegre","CodigoFaculdade":7055,"PercentagemDesemprego":35.56,"TotalDiplomados":45,"TotalDesempregados":16},{"NomeFaculdade":"Instituto Politécnico de Portalegre - Escola Superior de Tecnologia e Gestão","CodigoFaculdade":152978,"PercentagemDesemprego":7.17,"TotalDiplomados":4869,"TotalDesempregados":349},{"NomeFaculdade":"Instituto Politécnico de Santarém - Escola Superior Agrária de Santarém","CodigoFaculdade":59679,"PercentagemDesemprego":5.93,"TotalDiplomados":2394,"TotalDesempregados":142},{"NomeFaculdade":"Instituto Politécnico de Santarém - Escola Superior de Desporto de Rio Maior","CodigoFaculdade":47175,"PercentagemDesemprego":5.66,"TotalDiplomados":1254,"TotalDesempregados":71},{"NomeFaculdade":"Instituto Politécnico de Santarém - Escola Superior de Educação de Santarém","CodigoFaculdade":47130,"PercentagemDesemprego":7.7,"TotalDiplomados":2324,"TotalDesempregados":179},{"NomeFaculdade":"Instituto Politécnico de Santarém - Escola Superior de Gestão e Tecnologia de Santarém","CodigoFaculdade":53431,"PercentagemDesemprego":6.56,"TotalDiplomados":1509,"TotalDesempregados":99},{"NomeFaculdade":"Instituto Politécnico de Santarém - Escola Superior de Saúde de Santarém","CodigoFaculdade":7065,"PercentagemDesemprego":18.6,"TotalDiplomados":86,"TotalDesempregados":16},{"NomeFaculdade":"Instituto Politécnico de Saúde do Norte - Escola Superior de Saúde do Vale do Ave","CodigoFaculdade":32864,"PercentagemDesemprego":5.79,"TotalDiplomados":1727,"TotalDesempregados":100},{"NomeFaculdade":"Instituto Politécnico de Saúde do Norte - Escola Superior de Saúde do Vale do Sousa","CodigoFaculdade":41090,"PercentagemDesemprego":3.89,"TotalDiplomados":3009,"TotalDesempregados":117},{"NomeFaculdade":"Instituto Politécnico de Setúbal - Escola Superior de Ciências Empresariais","CodigoFaculdade":56754,"PercentagemDesemprego":5.21,"TotalDiplomados":4872,"TotalDesempregados":254},{"NomeFaculdade":"Instituto Politécnico de Setúbal - Escola Superior de Educação","CodigoFaculdade":47265,"PercentagemDesemprego":6.09,"TotalDiplomados":1937,"TotalDesempregados":118},{"NomeFaculdade":"Instituto Politécnico de Setúbal - Escola Superior de Saúde","CodigoFaculdade":15775,"PercentagemDesemprego":5.32,"TotalDiplomados":545,"TotalDesempregados":29},{"NomeFaculdade":"Instituto Politécnico de Setúbal - Escola Superior de Tecnologia de Setúbal","CodigoFaculdade":78800,"PercentagemDesemprego":6.33,"TotalDiplomados":1912,"TotalDesempregados":121},{"NomeFaculdade":"Instituto Politécnico de Setúbal - Escola Superior de Tecnologia do Barreiro","CodigoFaculdade":9462,"PercentagemDesemprego":10.93,"TotalDiplomados":247,"TotalDesempregados":27},{"NomeFaculdade":"Instituto Politécnico de Tomar - Escola Superior de Gestão de Tomar","CodigoFaculdade":55097,"PercentagemDesemprego":6.92,"TotalDiplomados":2529,"TotalDesempregados":175},{"NomeFaculdade":"Instituto Politécnico de Tomar - Escola Superior de Tecnologia de Abrantes","CodigoFaculdade":19458,"PercentagemDesemprego":15.59,"TotalDiplomados":263,"TotalDesempregados":41},{"NomeFaculdade":"Instituto Politécnico de Tomar - Escola Superior de Tecnologia de Tomar","CodigoFaculdade":106986,"PercentagemDesemprego":6.89,"TotalDiplomados":4589,"TotalDesempregados":316},{"NomeFaculdade":"Instituto Politécnico de Viana do Castelo - Escola Superior Agrária","CodigoFaculdade":37932,"PercentagemDesemprego":12.02,"TotalDiplomados":657,"TotalDesempregados":79},{"NomeFaculdade":"Instituto Politécnico de Viana do Castelo - Escola Superior de Ciências Empresariais","CodigoFaculdade":6328,"PercentagemDesemprego":28.33,"TotalDiplomados":60,"TotalDesempregados":17},{"NomeFaculdade":"Instituto Politécnico de Viana do Castelo - Escola Superior de Educação","CodigoFaculdade":31620,"PercentagemDesemprego":8.34,"TotalDiplomados":1367,"TotalDesempregados":114},{"NomeFaculdade":"Instituto Politécnico de Viana do Castelo - Escola Superior de Saúde de Viana do Castelo","CodigoFaculdade":14150,"PercentagemDesemprego":6.4,"TotalDiplomados":422,"TotalDesempregados":27},{"NomeFaculdade":"Instituto Politécnico de Viana do Castelo - Escola Superior de Tecnologia e Gestão","CodigoFaculdade":120194,"PercentagemDesemprego":7.76,"TotalDiplomados":4778,"TotalDesempregados":371},{"NomeFaculdade":"Instituto Politécnico de Viseu - Escola Superior Agrária de Viseu","CodigoFaculdade":54145,"PercentagemDesemprego":8.8,"TotalDiplomados":1193,"TotalDesempregados":105},{"NomeFaculdade":"Instituto Politécnico de Viseu - Escola Superior de Educação de Viseu","CodigoFaculdade":54077,"PercentagemDesemprego":12.14,"TotalDiplomados":2998,"TotalDesempregados":364},{"NomeFaculdade":"Instituto Politécnico de Viseu - Escola Superior de Educação de Viseu (Lamego)","CodigoFaculdade":15915,"PercentagemDesemprego":9.64,"TotalDiplomados":1100,"TotalDesempregados":106},{"NomeFaculdade":"Instituto Politécnico de Viseu - Escola Superior de Saúde de Viseu","CodigoFaculdade":14170,"PercentagemDesemprego":14.98,"TotalDiplomados":327,"TotalDesempregados":49},{"NomeFaculdade":"Instituto Politécnico de Viseu - Escola Superior de Tecnologia e Gestão de Lamego","CodigoFaculdade":31860,"PercentagemDesemprego":25.29,"TotalDiplomados":510,"TotalDesempregados":129},{"NomeFaculdade":"Instituto Politécnico de Viseu - Escola Superior de Tecnologia e Gestão de Viseu","CodigoFaculdade":136826,"PercentagemDesemprego":6.49,"TotalDiplomados":5562,"TotalDesempregados":361},{"NomeFaculdade":"Instituto Politécnico do Cávado e do Ave - Escola Superior de Gestão","CodigoFaculdade":42434,"PercentagemDesemprego":6.07,"TotalDiplomados":2028,"TotalDesempregados":123},{"NomeFaculdade":"Instituto Politécnico do Cávado e do Ave - Escola Superior de Tecnologia","CodigoFaculdade":15160,"PercentagemDesemprego":30.43,"TotalDiplomados":184,"TotalDesempregados":56},{"NomeFaculdade":"Instituto Politécnico do Porto","CodigoFaculdade":18780,"PercentagemDesemprego":5.22,"TotalDiplomados":383,"TotalDesempregados":20},{"NomeFaculdade":"Instituto Politécnico do Porto - Escola Superior de Educação","CodigoFaculdade":75144,"PercentagemDesemprego":8.16,"TotalDiplomados":4251,"TotalDesempregados":347},{"NomeFaculdade":"Instituto Politécnico do Porto - Escola Superior de Estudos Industriais e de Gestão","CodigoFaculdade":46995,"PercentagemDesemprego":9.4,"TotalDiplomados":1905,"TotalDesempregados":179},{"NomeFaculdade":"Instituto Politécnico do Porto - Escola Superior de Estudos Industriais e de Gestão (Póvoa do Varzim)","CodigoFaculdade":6274,"PercentagemDesemprego":3.61,"TotalDiplomados":83,"TotalDesempregados":3},{"NomeFaculdade":"Instituto Politécnico do Porto - Escola Superior de Estudos Industriais e de Gestão (Vila do Conde)","CodigoFaculdade":9408,"PercentagemDesemprego":4.23,"TotalDiplomados":189,"TotalDesempregados":8},{"NomeFaculdade":"Instituto Politécnico do Porto - Escola Superior de Música e das Artes do Espectáculo","CodigoFaculdade":40716,"PercentagemDesemprego":5.5,"TotalDiplomados":872,"TotalDesempregados":48},{"NomeFaculdade":"Instituto Politécnico do Porto - Escola Superior de Tecnologia da Saúde do Porto","CodigoFaculdade":137370,"PercentagemDesemprego":2.69,"TotalDiplomados":3608,"TotalDesempregados":97},{"NomeFaculdade":"Instituto Politécnico do Porto - Escola Superior de Tecnologia e Gestão de Felgueiras","CodigoFaculdade":15690,"PercentagemDesemprego":22.46,"TotalDiplomados":334,"TotalDesempregados":75},{"NomeFaculdade":"Instituto Politécnico do Porto - Instituto Superior de Contabilidade e Administração do Porto","CodigoFaculdade":94020,"PercentagemDesemprego":6.26,"TotalDiplomados":6738,"TotalDesempregados":422},{"NomeFaculdade":"Instituto Politécnico do Porto - Instituto Superior de Engenharia do Porto","CodigoFaculdade":169290,"PercentagemDesemprego":5.52,"TotalDiplomados":12393,"TotalDesempregados":684},{"NomeFaculdade":"Instituto Português de Administração de Marketing de Lisboa","CodigoFaculdade":20780,"PercentagemDesemprego":5.62,"TotalDiplomados":4090,"TotalDesempregados":230},{"NomeFaculdade":"Instituto Português de Administração de Marketing de Matosinhos","CodigoFaculdade":29085,"PercentagemDesemprego":4.75,"TotalDiplomados":3476,"TotalDesempregados":165},{"NomeFaculdade":"Instituto Português de Administração de Marketing de Matosinhos (Aveiro)","CodigoFaculdade":24942,"PercentagemDesemprego":5.6,"TotalDiplomados":1179,"TotalDesempregados":66},{"NomeFaculdade":"Instituto Português de Estudos Superiores","CodigoFaculdade":8318,"PercentagemDesemprego":7.98,"TotalDiplomados":163,"TotalDesempregados":13},{"NomeFaculdade":"Instituto Superior Autónomo de Estudos Politécnicos","CodigoFaculdade":54080,"PercentagemDesemprego":3.31,"TotalDiplomados":1784,"TotalDesempregados":59},{"NomeFaculdade":"Instituto Superior Bissaya Barreto","CodigoFaculdade":25530,"PercentagemDesemprego":9.74,"TotalDiplomados":873,"TotalDesempregados":85},{"NomeFaculdade":"Instituto Superior D. Afonso III","CodigoFaculdade":55770,"PercentagemDesemprego":7.1,"TotalDiplomados":1127,"TotalDesempregados":80},{"NomeFaculdade":"Instituto Superior D. Dinis","CodigoFaculdade":12876,"PercentagemDesemprego":8.43,"TotalDiplomados":83,"TotalDesempregados":7},{"NomeFaculdade":"Instituto Superior da Maia","CodigoFaculdade":187394,"PercentagemDesemprego":7.86,"TotalDiplomados":8117,"TotalDesempregados":638},{"NomeFaculdade":"Instituto Superior de Administração e Gestão","CodigoFaculdade":54600,"PercentagemDesemprego":5.62,"TotalDiplomados":2651,"TotalDesempregados":149},{"NomeFaculdade":"Instituto Superior de Administração e Línguas","CodigoFaculdade":16880,"PercentagemDesemprego":6.44,"TotalDiplomados":326,"TotalDesempregados":21},{"NomeFaculdade":"Instituto Superior de Administração, Comunicação e Empresa","CodigoFaculdade":25020,"PercentagemDesemprego":19.35,"TotalDiplomados":93,"TotalDesempregados":18},{"NomeFaculdade":"Instituto Superior de Assistentes e Intérpretes","CodigoFaculdade":42500,"PercentagemDesemprego":3.07,"TotalDiplomados":1858,"TotalDesempregados":57},{"NomeFaculdade":"Instituto Superior de Ciências da Administração","CodigoFaculdade":17100,"PercentagemDesemprego":6.78,"TotalDiplomados":398,"TotalDesempregados":27},{"NomeFaculdade":"Instituto Superior de Ciências da Informação e da Administração","CodigoFaculdade":29939,"PercentagemDesemprego":12.5,"TotalDiplomados":336,"TotalDesempregados":42},{"NomeFaculdade":"Instituto Superior de Ciências da Saúde - Norte","CodigoFaculdade":38349,"PercentagemDesemprego":3.33,"TotalDiplomados":1863,"TotalDesempregados":62},{"NomeFaculdade":"Instituto Superior de Ciências da Saúde Egas Moniz","CodigoFaculdade":38340,"PercentagemDesemprego":2.35,"TotalDiplomados":2171,"TotalDesempregados":51},{"NomeFaculdade":"Instituto Superior de Ciências Educativas","CodigoFaculdade":93940,"PercentagemDesemprego":4.06,"TotalDiplomados":2904,"TotalDesempregados":118},{"NomeFaculdade":"Instituto Superior de Ciências Educativas de Felgueiras","CodigoFaculdade":25626,"PercentagemDesemprego":10.47,"TotalDiplomados":1079,"TotalDesempregados":113},{"NomeFaculdade":"Instituto Superior de Ciências Educativas de Mangualde","CodigoFaculdade":12816,"PercentagemDesemprego":7.49,"TotalDiplomados":467,"TotalDesempregados":35},{"NomeFaculdade":"Instituto Superior de Ciências Empresariais e do Turismo","CodigoFaculdade":68480,"PercentagemDesemprego":11.98,"TotalDiplomados":1160,"TotalDesempregados":139},{"NomeFaculdade":"Instituto Superior de Comunicação Empresarial","CodigoFaculdade":17180,"PercentagemDesemprego":10.33,"TotalDiplomados":900,"TotalDesempregados":93},{"NomeFaculdade":"Instituto Superior de Educação e Ciências","CodigoFaculdade":42980,"PercentagemDesemprego":3.68,"TotalDiplomados":2144,"TotalDesempregados":79},{"NomeFaculdade":"Instituto Superior de Educação e Trabalho","CodigoFaculdade":4299,"PercentagemDesemprego":5.0,"TotalDiplomados":20,"TotalDesempregados":1},{"NomeFaculdade":"Instituto Superior de Entre Douro e Vouga","CodigoFaculdade":81377,"PercentagemDesemprego":12.27,"TotalDiplomados":856,"TotalDesempregados":105},{"NomeFaculdade":"Instituto Superior de Espinho","CodigoFaculdade":4303,"PercentagemDesemprego":19.05,"TotalDiplomados":21,"TotalDesempregados":4},{"NomeFaculdade":"Instituto Superior de Estudos Interculturais e Transdisciplinares - Almada","CodigoFaculdade":30142,"PercentagemDesemprego":4.86,"TotalDiplomados":658,"TotalDesempregados":32},{"NomeFaculdade":"Instituto Superior de Estudos Interculturais e Transdisciplinares - Mirandela","CodigoFaculdade":12921,"PercentagemDesemprego":18.46,"TotalDiplomados":65,"TotalDesempregados":12},{"NomeFaculdade":"Instituto Superior de Estudos Interculturais e Transdisciplinares - Santo André","CodigoFaculdade":8618,"PercentagemDesemprego":19.05,"TotalDiplomados":21,"TotalDesempregados":4},{"NomeFaculdade":"Instituto Superior de Estudos Interculturais e Transdisciplinares - Viseu","CodigoFaculdade":30156,"PercentagemDesemprego":12.84,"TotalDiplomados":693,"TotalDesempregados":89},{"NomeFaculdade":"Instituto Superior de Gestão","CodigoFaculdade":17200,"PercentagemDesemprego":8.86,"TotalDiplomados":779,"TotalDesempregados":69},{"NomeFaculdade":"Instituto Superior de Gestão Bancária","CodigoFaculdade":30135,"PercentagemDesemprego":0.91,"TotalDiplomados":2631,"TotalDesempregados":24},{"NomeFaculdade":"Instituto Superior de Humanidades e Tecnologias (Castelo Branco)","CodigoFaculdade":4311,"PercentagemDesemprego":26.09,"TotalDiplomados":23,"TotalDesempregados":6},{"NomeFaculdade":"Instituto Superior de Humanidades e Tecnologias (Portimão)","CodigoFaculdade":4314,"PercentagemDesemprego":4.88,"TotalDiplomados":41,"TotalDesempregados":2},{"NomeFaculdade":"Instituto Superior de Humanidades e Tecnologias de Lisboa","CodigoFaculdade":17240,"PercentagemDesemprego":2.73,"TotalDiplomados":440,"TotalDesempregados":12},{"NomeFaculdade":"Instituto Superior de Informática e Gestão","CodigoFaculdade":8100,"PercentagemDesemprego":2.33,"TotalDiplomados":515,"TotalDesempregados":12},{"NomeFaculdade":"Instituto Superior de Línguas e Administração de Bragança","CodigoFaculdade":30457,"PercentagemDesemprego":10.83,"TotalDiplomados":508,"TotalDesempregados":55},{"NomeFaculdade":"Instituto Superior de Línguas e Administração de Leiria","CodigoFaculdade":52248,"PercentagemDesemprego":7.95,"TotalDiplomados":1170,"TotalDesempregados":93},{"NomeFaculdade":"Instituto Superior de Línguas e Administração de Lisboa","CodigoFaculdade":69600,"PercentagemDesemprego":11.82,"TotalDiplomados":2462,"TotalDesempregados":291},{"NomeFaculdade":"Instituto Superior de Línguas e Administração de Santarém","CodigoFaculdade":43520,"PercentagemDesemprego":11.46,"TotalDiplomados":838,"TotalDesempregados":96},{"NomeFaculdade":"Instituto Superior de Línguas e Administração de Vila Nova de Gaia","CodigoFaculdade":56589,"PercentagemDesemprego":14.24,"TotalDiplomados":1376,"TotalDesempregados":196},{"NomeFaculdade":"Instituto Superior de Matemática e Gestão (Castelo Branco)","CodigoFaculdade":8724,"PercentagemDesemprego":15.22,"TotalDiplomados":46,"TotalDesempregados":7},{"NomeFaculdade":"Instituto Superior de Matemática e Gestão (Fundão)","CodigoFaculdade":4363,"PercentagemDesemprego":9.09,"TotalDiplomados":44,"TotalDesempregados":4},{"NomeFaculdade":"Instituto Superior de Matemática e Gestão (Marinha Grande)","CodigoFaculdade":4361,"PercentagemDesemprego":7.69,"TotalDiplomados":26,"TotalDesempregados":2},{"NomeFaculdade":"Instituto Superior de Matemática e Gestão (Portimão)","CodigoFaculdade":17460,"PercentagemDesemprego":2.94,"TotalDiplomados":170,"TotalDesempregados":5},{"NomeFaculdade":"Instituto Superior de Matemática e Gestão (Torres Vedras)","CodigoFaculdade":4364,"PercentagemDesemprego":1.34,"TotalDiplomados":149,"TotalDesempregados":2},{"NomeFaculdade":"Instituto Superior de Novas Profissões","CodigoFaculdade":37350,"PercentagemDesemprego":17.36,"TotalDiplomados":1936,"TotalDesempregados":336},{"NomeFaculdade":"Instituto Superior de Paços de Brandão","CodigoFaculdade":56940,"PercentagemDesemprego":7.41,"TotalDiplomados":999,"TotalDesempregados":74},{"NomeFaculdade":"Instituto Superior de Psicologia Aplicada de Beja","CodigoFaculdade":4451,"PercentagemDesemprego":5.71,"TotalDiplomados":105,"TotalDesempregados":6},{"NomeFaculdade":"Instituto Superior de Saúde do Alto Ave","CodigoFaculdade":49060,"PercentagemDesemprego":11.88,"TotalDiplomados":1145,"TotalDesempregados":136},{"NomeFaculdade":"Instituto Superior de Serviço Social de Lisboa (Beja)","CodigoFaculdade":4511,"PercentagemDesemprego":7.93,"TotalDiplomados":479,"TotalDesempregados":38},{"NomeFaculdade":"Instituto Superior de Serviço Social do Porto","CodigoFaculdade":4520,"PercentagemDesemprego":12.39,"TotalDiplomados":1033,"TotalDesempregados":128},{"NomeFaculdade":"Instituto Superior de Tecnologias Avançadas de Lisboa","CodigoFaculdade":31710,"PercentagemDesemprego":3.49,"TotalDiplomados":1090,"TotalDesempregados":38},{"NomeFaculdade":"Instituto Superior de Tecnologias Avançadas de Lisboa (Porto)","CodigoFaculdade":31717,"PercentagemDesemprego":5.9,"TotalDiplomados":356,"TotalDesempregados":21},{"NomeFaculdade":"Instituto Superior de Transportes (Lisboa)","CodigoFaculdade":4551,"PercentagemDesemprego":26.32,"TotalDiplomados":19,"TotalDesempregados":5},{"NomeFaculdade":"Instituto Superior de Transportes e Comunicações","CodigoFaculdade":4550,"PercentagemDesemprego":12.9,"TotalDiplomados":62,"TotalDesempregados":8},{"NomeFaculdade":"Instituto Superior Manuel Teixeira Gomes","CodigoFaculdade":39375,"PercentagemDesemprego":19.35,"TotalDiplomados":155,"TotalDesempregados":30},{"NomeFaculdade":"Instituto Superior Miguel Torga","CodigoFaculdade":72000,"PercentagemDesemprego":12.37,"TotalDiplomados":2482,"TotalDesempregados":307},{"NomeFaculdade":"Instituto Superior Politécnico do Oeste","CodigoFaculdade":8770,"PercentagemDesemprego":3.12,"TotalDiplomados":64,"TotalDesempregados":2},{"NomeFaculdade":"Instituto Superior Politécnico Gaya - Escola Superior de Ciência e Tecnologia","CodigoFaculdade":75514,"PercentagemDesemprego":4.33,"TotalDiplomados":1593,"TotalDesempregados":69},{"NomeFaculdade":"Instituto Superior Politécnico Gaya - Escola Superior de Desenvolvimento Social e Comunitário","CodigoFaculdade":48851,"PercentagemDesemprego":6.46,"TotalDiplomados":650,"TotalDesempregados":42},{"NomeFaculdade":"Instituto Superior Politécnico Internacional","CodigoFaculdade":48675,"PercentagemDesemprego":6.97,"TotalDiplomados":2010,"TotalDesempregados":140},{"NomeFaculdade":"Instituto Superior Politécnico Portucalense de Penafiel","CodigoFaculdade":13308,"PercentagemDesemprego":7.48,"TotalDiplomados":107,"TotalDesempregados":8},{"NomeFaculdade":"ISCTE - Instituto Universitário de Lisboa","CodigoFaculdade":340000,"PercentagemDesemprego":6.27,"TotalDiplomados":8371,"TotalDesempregados":525},{"NomeFaculdade":"ISPA-Instituto Universitário de Psicologia Aplicada","CodigoFaculdade":71200,"PercentagemDesemprego":8.39,"TotalDiplomados":7779,"TotalDesempregados":653},{"NomeFaculdade":"Universidade Aberta","CodigoFaculdade":25200,"PercentagemDesemprego":2.49,"TotalDiplomados":3729,"TotalDesempregados":93},{"NomeFaculdade":"Universidade Atlântica","CodigoFaculdade":18900,"PercentagemDesemprego":11.22,"TotalDiplomados":98,"TotalDesempregados":11},{"NomeFaculdade":"Universidade Atlântica - Escola Superior de Saúde Atlântica","CodigoFaculdade":16206,"PercentagemDesemprego":6.93,"TotalDiplomados":375,"TotalDesempregados":26},{"NomeFaculdade":"Universidade Autónoma de Lisboa Luís de Camões","CodigoFaculdade":71400,"PercentagemDesemprego":14.63,"TotalDiplomados":4478,"TotalDesempregados":655},{"NomeFaculdade":"Universidade Autónoma de Lisboa Luís de Camões (Caldas da Rainha)","CodigoFaculdade":6303,"PercentagemDesemprego":5.04,"TotalDiplomados":238,"TotalDesempregados":12},{"NomeFaculdade":"Universidade Católica Portuguesa - Centro Regional das Beiras","CodigoFaculdade":17800,"PercentagemDesemprego":18.84,"TotalDiplomados":138,"TotalDesempregados":26},{"NomeFaculdade":"Universidade Católica Portuguesa - Escola das Artes","CodigoFaculdade":9060,"PercentagemDesemprego":9.27,"TotalDiplomados":464,"TotalDesempregados":43},{"NomeFaculdade":"Universidade Católica Portuguesa - Escola Superior de Biotecnologia","CodigoFaculdade":22100,"PercentagemDesemprego":10.09,"TotalDiplomados":1110,"TotalDesempregados":112},{"NomeFaculdade":"Universidade Católica Portuguesa - Escola Superior de Biotecnologia (Caldas da Rainha)","CodigoFaculdade":2211,"PercentagemDesemprego":3.7,"TotalDiplomados":27,"TotalDesempregados":1},{"NomeFaculdade":"Universidade Católica Portuguesa - Escola Superior de Ciências e Tecnologia","CodigoFaculdade":2250,"PercentagemDesemprego":5.56,"TotalDiplomados":108,"TotalDesempregados":6},{"NomeFaculdade":"Universidade Católica Portuguesa - Escola Superior de Ciências e Tecnologia (Viseu)","CodigoFaculdade":2251,"PercentagemDesemprego":4.64,"TotalDiplomados":151,"TotalDesempregados":7},{"NomeFaculdade":"Universidade Católica Portuguesa - Escola Superior Politécnica de Saúde (Lisboa)","CodigoFaculdade":2215,"PercentagemDesemprego":6.58,"TotalDiplomados":76,"TotalDesempregados":5},{"NomeFaculdade":"Universidade Católica Portuguesa - Escola Superior Politécnica de Saúde (Porto)","CodigoFaculdade":2216,"PercentagemDesemprego":6.15,"TotalDiplomados":309,"TotalDesempregados":19},{"NomeFaculdade":"Universidade Católica Portuguesa - Faculdade de Ciências Económicas e Empresariais","CodigoFaculdade":11350,"PercentagemDesemprego":3.09,"TotalDiplomados":2264,"TotalDesempregados":70},{"NomeFaculdade":"Universidade Católica Portuguesa - Faculdade de Ciências Humanas","CodigoFaculdade":26640,"PercentagemDesemprego":5.19,"TotalDiplomados":2372,"TotalDesempregados":123},{"NomeFaculdade":"Universidade Católica Portuguesa - Faculdade de Ciências Humanas (Leiria)","CodigoFaculdade":4444,"PercentagemDesemprego":4.76,"TotalDiplomados":84,"TotalDesempregados":4},{"NomeFaculdade":"Universidade Católica Portuguesa - Faculdade de Ciências Sociais","CodigoFaculdade":8884,"PercentagemDesemprego":15.79,"TotalDiplomados":437,"TotalDesempregados":69},{"NomeFaculdade":"Universidade Católica Portuguesa - Faculdade de Direito","CodigoFaculdade":6840,"PercentagemDesemprego":5.27,"TotalDiplomados":1253,"TotalDesempregados":66},{"NomeFaculdade":"Universidade Católica Portuguesa - Faculdade de Direito (Porto)","CodigoFaculdade":6843,"PercentagemDesemprego":3.26,"TotalDiplomados":1689,"TotalDesempregados":55},{"NomeFaculdade":"Universidade Católica Portuguesa - Faculdade de Economia e Gestão","CodigoFaculdade":18168,"PercentagemDesemprego":6.42,"TotalDiplomados":1293,"TotalDesempregados":83},{"NomeFaculdade":"Universidade Católica Portuguesa - Faculdade de Educação e Psicologia","CodigoFaculdade":6867,"PercentagemDesemprego":11.91,"TotalDiplomados":277,"TotalDesempregados":33},{"NomeFaculdade":"Universidade Católica Portuguesa - Faculdade de Engenharia","CodigoFaculdade":9020,"PercentagemDesemprego":17.07,"TotalDiplomados":82,"TotalDesempregados":14},{"NomeFaculdade":"Universidade Católica Portuguesa - Faculdade de Filosofia","CodigoFaculdade":22300,"PercentagemDesemprego":10.4,"TotalDiplomados":1019,"TotalDesempregados":106},{"NomeFaculdade":"Universidade Católica Portuguesa - Faculdade de Letras","CodigoFaculdade":15645,"PercentagemDesemprego":3.78,"TotalDiplomados":662,"TotalDesempregados":25},{"NomeFaculdade":"Universidade Católica Portuguesa - Faculdade de Teologia","CodigoFaculdade":6720,"PercentagemDesemprego":2.94,"TotalDiplomados":510,"TotalDesempregados":15},{"NomeFaculdade":"Universidade Católica Portuguesa - Faculdade de Teologia (Braga)","CodigoFaculdade":2241,"PercentagemDesemprego":7.14,"TotalDiplomados":42,"TotalDesempregados":3},{"NomeFaculdade":"Universidade Católica Portuguesa - Faculdade de Teologia (Porto)","CodigoFaculdade":4484,"PercentagemDesemprego":4.42,"TotalDiplomados":294,"TotalDesempregados":13},{"NomeFaculdade":"Universidade Católica Portuguesa - Instituto de Estudos Políticos","CodigoFaculdade":6885,"PercentagemDesemprego":21.05,"TotalDiplomados":19,"TotalDesempregados":4},{"NomeFaculdade":"Universidade Católica Portuguesa - Instituto Universitário de Desenvolvimento e Promoção Social","CodigoFaculdade":4520,"PercentagemDesemprego":5.95,"TotalDiplomados":185,"TotalDesempregados":11},{"NomeFaculdade":"Universidade da Beira Interior","CodigoFaculdade":31200,"PercentagemDesemprego":10.13,"TotalDiplomados":6839,"TotalDesempregados":693},{"NomeFaculdade":"Universidade da Madeira","CodigoFaculdade":6500,"PercentagemDesemprego":1.43,"TotalDiplomados":489,"TotalDesempregados":7},{"NomeFaculdade":"Universidade de Aveiro","CodigoFaculdade":34500,"PercentagemDesemprego":8.04,"TotalDiplomados":12686,"TotalDesempregados":1020},{"NomeFaculdade":"Universidade de Aveiro - Escola Superior de Design, Gestão e Tecnologias da Produção de Aveiro-Norte","CodigoFaculdade":3014,"PercentagemDesemprego":30.43,"TotalDiplomados":23,"TotalDesempregados":7},{"NomeFaculdade":"Universidade de Aveiro - Escola Superior de Saúde de Aveiro","CodigoFaculdade":12052,"PercentagemDesemprego":12.2,"TotalDiplomados":287,"TotalDesempregados":35},{"NomeFaculdade":"Universidade de Aveiro - Escola Superior de Tecnologia e Gestão de Águeda","CodigoFaculdade":27108,"PercentagemDesemprego":13.78,"TotalDiplomados":646,"TotalDesempregados":89},{"NomeFaculdade":"Universidade de Aveiro - Instituto Superior de Contabilidade e Administração de Aveiro","CodigoFaculdade":30110,"PercentagemDesemprego":4.41,"TotalDiplomados":3858,"TotalDesempregados":170},{"NomeFaculdade":"Universidade de Coimbra - Faculdade de Ciências do Desporto e Educação Física","CodigoFaculdade":1524,"PercentagemDesemprego":3.26,"TotalDiplomados":798,"TotalDesempregados":26},{"NomeFaculdade":"Universidade de Coimbra - Faculdade de Ciências e Tecnologia","CodigoFaculdade":31563,"PercentagemDesemprego":7.27,"TotalDiplomados":8172,"TotalDesempregados":594},{"NomeFaculdade":"Universidade de Coimbra - Faculdade de Direito","CodigoFaculdade":3012,"PercentagemDesemprego":6.19,"TotalDiplomados":3747,"TotalDesempregados":232},{"NomeFaculdade":"Universidade de Coimbra - Faculdade de Economia","CodigoFaculdade":7545,"PercentagemDesemprego":11.08,"TotalDiplomados":2492,"TotalDesempregados":276},{"NomeFaculdade":"Universidade de Coimbra - Faculdade de Farmácia","CodigoFaculdade":1512,"PercentagemDesemprego":2.94,"TotalDiplomados":1495,"TotalDesempregados":44},{"NomeFaculdade":"Universidade de Coimbra - Faculdade de Letras","CodigoFaculdade":19695,"PercentagemDesemprego":8.93,"TotalDiplomados":4590,"TotalDesempregados":410},{"NomeFaculdade":"Universidade de Coimbra - Faculdade de Medicina","CodigoFaculdade":1518,"PercentagemDesemprego":0.34,"TotalDiplomados":1762,"TotalDesempregados":6},{"NomeFaculdade":"Universidade de Coimbra - Faculdade de Psicologia e de Ciências da Educação","CodigoFaculdade":5070,"PercentagemDesemprego":12.97,"TotalDiplomados":2013,"TotalDesempregados":261},{"NomeFaculdade":"Universidade de Lisboa - Faculdade de Belas-Artes","CodigoFaculdade":111342,"PercentagemDesemprego":7.43,"TotalDiplomados":2408,"TotalDesempregados":179},{"NomeFaculdade":"Universidade de Lisboa - Faculdade de Ciências","CodigoFaculdade":36452,"PercentagemDesemprego":3.72,"TotalDiplomados":6696,"TotalDesempregados":249},{"NomeFaculdade":"Universidade de Lisboa - Faculdade de Direito","CodigoFaculdade":2106,"PercentagemDesemprego":4.38,"TotalDiplomados":5089,"TotalDesempregados":223},{"NomeFaculdade":"Universidade de Lisboa - Faculdade de Farmácia","CodigoFaculdade":2812,"PercentagemDesemprego":3.03,"TotalDiplomados":1980,"TotalDesempregados":60},{"NomeFaculdade":"Universidade de Lisboa - Faculdade de Letras","CodigoFaculdade":40832,"PercentagemDesemprego":8.82,"TotalDiplomados":6840,"TotalDesempregados":603},{"NomeFaculdade":"Universidade de Lisboa - Faculdade de Medicina","CodigoFaculdade":1410,"PercentagemDesemprego":0.92,"TotalDiplomados":1518,"TotalDesempregados":14},{"NomeFaculdade":"Universidade de Lisboa - Faculdade de Medicina Dentária","CodigoFaculdade":26400,"PercentagemDesemprego":3.35,"TotalDiplomados":716,"TotalDesempregados":24},{"NomeFaculdade":"Universidade de Lisboa - Faculdade de Psicologia e de Ciências da Educação","CodigoFaculdade":4942,"PercentagemDesemprego":7.16,"TotalDiplomados":2387,"TotalDesempregados":171},{"NomeFaculdade":"Universidade de Lisboa - Instituto de Ciências Sociais","CodigoFaculdade":707,"PercentagemDesemprego":1.96,"TotalDiplomados":51,"TotalDesempregados":1},{"NomeFaculdade":"Universidade de Trás-os-Montes e Alto Douro","CodigoFaculdade":74400,"PercentagemDesemprego":9.38,"TotalDiplomados":8983,"TotalDesempregados":843},{"NomeFaculdade":"Universidade de Trás-os-Montes e Alto Douro (Chaves)","CodigoFaculdade":7740,"PercentagemDesemprego":10.59,"TotalDiplomados":1001,"TotalDesempregados":106},{"NomeFaculdade":"Universidade de Trás-os-Montes e Alto Douro (Miranda do Douro)","CodigoFaculdade":3840,"PercentagemDesemprego":17.24,"TotalDiplomados":261,"TotalDesempregados":45},{"NomeFaculdade":"Universidade de Trás-os-Montes e Alto Douro - Escola Superior de Enfermagem de Vila Real","CodigoFaculdade":14160,"PercentagemDesemprego":8.92,"TotalDiplomados":437,"TotalDesempregados":39},{"NomeFaculdade":"Universidade de Évora","CodigoFaculdade":43800,"PercentagemDesemprego":8.18,"TotalDiplomados":8021,"TotalDesempregados":656},{"NomeFaculdade":"Universidade de Évora - Escola Superior de Enfermagem de São João de Deus","CodigoFaculdade":7030,"PercentagemDesemprego":23.68,"TotalDiplomados":38,"TotalDesempregados":9},{"NomeFaculdade":"Universidade do Algarve","CodigoFaculdade":200,"PercentagemDesemprego":21.21,"TotalDiplomados":33,"TotalDesempregados":7},{"NomeFaculdade":"Universidade do Algarve - Escola Superior de Educação e Comunicação de Faro","CodigoFaculdade":70863,"PercentagemDesemprego":5.32,"TotalDiplomados":3498,"TotalDesempregados":186},{"NomeFaculdade":"Universidade do Algarve - Escola Superior de Gestão, Hotelaria e Turismo de Faro","CodigoFaculdade":61640,"PercentagemDesemprego":7.11,"TotalDiplomados":4063,"TotalDesempregados":289},{"NomeFaculdade":"Universidade do Algarve - Escola Superior de Gestão, Hotelaria e Turismo de Faro (Portimão)","CodigoFaculdade":33957,"PercentagemDesemprego":3.8,"TotalDiplomados":1317,"TotalDesempregados":50},{"NomeFaculdade":"Universidade do Algarve - Escola Superior de Saúde","CodigoFaculdade":35175,"PercentagemDesemprego":15.52,"TotalDiplomados":232,"TotalDesempregados":36},{"NomeFaculdade":"Universidade do Algarve - Faculdade de Ciências do Mar e do Ambiente","CodigoFaculdade":1818,"PercentagemDesemprego":5.46,"TotalDiplomados":1098,"TotalDesempregados":60},{"NomeFaculdade":"Universidade do Algarve - Faculdade de Ciências e Tecnologia","CodigoFaculdade":2233,"PercentagemDesemprego":3.95,"TotalDiplomados":836,"TotalDesempregados":33},{"NomeFaculdade":"Universidade do Algarve - Faculdade de Ciências Humanas e Sociais","CodigoFaculdade":3819,"PercentagemDesemprego":8.88,"TotalDiplomados":1318,"TotalDesempregados":117},{"NomeFaculdade":"Universidade do Algarve - Faculdade de Economia","CodigoFaculdade":1836,"PercentagemDesemprego":11.59,"TotalDiplomados":992,"TotalDesempregados":115},{"NomeFaculdade":"Universidade do Algarve - Faculdade de Engenharia de Recursos Naturais","CodigoFaculdade":1025,"PercentagemDesemprego":7.54,"TotalDiplomados":690,"TotalDesempregados":52},{"NomeFaculdade":"Universidade do Algarve - Instituto Superior de Engenharia de Faro","CodigoFaculdade":67826,"PercentagemDesemprego":6.76,"TotalDiplomados":3179,"TotalDesempregados":215},{"NomeFaculdade":"Universidade do Minho","CodigoFaculdade":138000,"PercentagemDesemprego":7.65,"TotalDiplomados":26250,"TotalDesempregados":2007},{"NomeFaculdade":"Universidade do Minho - Escola Superior de Enfermagem","CodigoFaculdade":14020,"PercentagemDesemprego":20.0,"TotalDiplomados":255,"TotalDesempregados":51},{"NomeFaculdade":"Universidade do Porto - Escola de Gestão do Porto","CodigoFaculdade":1112,"PercentagemDesemprego":3.85,"TotalDiplomados":26,"TotalDesempregados":1},{"NomeFaculdade":"Universidade do Porto - Faculdade de Arquitectura","CodigoFaculdade":5510,"PercentagemDesemprego":9.05,"TotalDiplomados":1127,"TotalDesempregados":102},{"NomeFaculdade":"Universidade do Porto - Faculdade de Belas-Artes","CodigoFaculdade":54020,"PercentagemDesemprego":8.63,"TotalDiplomados":1194,"TotalDesempregados":103},{"NomeFaculdade":"Universidade do Porto - Faculdade de Ciências","CodigoFaculdade":46326,"PercentagemDesemprego":5.84,"TotalDiplomados":5462,"TotalDesempregados":319},{"NomeFaculdade":"Universidade do Porto - Faculdade de Ciências da Nutrição e da Alimentação","CodigoFaculdade":2202,"PercentagemDesemprego":11.2,"TotalDiplomados":527,"TotalDesempregados":59},{"NomeFaculdade":"Universidade do Porto - Faculdade de Desporto","CodigoFaculdade":9999,"PercentagemDesemprego":2.74,"TotalDiplomados":4121,"TotalDesempregados":113},{"NomeFaculdade":"Universidade do Porto - Faculdade de Direito","CodigoFaculdade":2228,"PercentagemDesemprego":6.43,"TotalDiplomados":949,"TotalDesempregados":61},{"NomeFaculdade":"Universidade do Porto - Faculdade de Economia","CodigoFaculdade":11040,"PercentagemDesemprego":8.92,"TotalDiplomados":3743,"TotalDesempregados":334},{"NomeFaculdade":"Universidade do Porto - Faculdade de Engenharia","CodigoFaculdade":48620,"PercentagemDesemprego":8.1,"TotalDiplomados":9192,"TotalDesempregados":745},{"NomeFaculdade":"Universidade do Porto - Faculdade de Farmácia","CodigoFaculdade":4424,"PercentagemDesemprego":3.31,"TotalDiplomados":1720,"TotalDesempregados":57},{"NomeFaculdade":"Universidade do Porto - Faculdade de Letras","CodigoFaculdade":57564,"PercentagemDesemprego":11.28,"TotalDiplomados":6412,"TotalDesempregados":723},{"NomeFaculdade":"Universidade do Porto - Faculdade de Medicina","CodigoFaculdade":2216,"PercentagemDesemprego":0.17,"TotalDiplomados":1196,"TotalDesempregados":2},{"NomeFaculdade":"Universidade do Porto - Faculdade de Medicina Dentária","CodigoFaculdade":2226,"PercentagemDesemprego":0.5,"TotalDiplomados":597,"TotalDesempregados":3},{"NomeFaculdade":"Universidade do Porto - Faculdade de Psicologia e de Ciências da Educação","CodigoFaculdade":11090,"PercentagemDesemprego":9.32,"TotalDiplomados":2350,"TotalDesempregados":219},{"NomeFaculdade":"Universidade do Porto - Instituto de Ciências Biomédicas Abel Salazar","CodigoFaculdade":6660,"PercentagemDesemprego":5.15,"TotalDiplomados":544,"TotalDesempregados":28},{"NomeFaculdade":"Universidade dos Açores - Angra do Heroísmo","CodigoFaculdade":330,"PercentagemDesemprego":3.64,"TotalDiplomados":385,"TotalDesempregados":14},{"NomeFaculdade":"Universidade dos Açores - Escola Superior de Enfermagem de Ponta Delgada","CodigoFaculdade":7091,"PercentagemDesemprego":2.56,"TotalDiplomados":39,"TotalDesempregados":1},{"NomeFaculdade":"Universidade dos Açores - Ponta Delgada","CodigoFaculdade":1170,"PercentagemDesemprego":2.57,"TotalDiplomados":973,"TotalDesempregados":25},{"NomeFaculdade":"Universidade Fernando Pessoa","CodigoFaculdade":112750,"PercentagemDesemprego":12.15,"TotalDiplomados":3859,"TotalDesempregados":469},{"NomeFaculdade":"Universidade Fernando Pessoa (unidade de Ponte de Lima - ensino politécnico)","CodigoFaculdade":2753,"PercentagemDesemprego":3.61,"TotalDiplomados":360,"TotalDesempregados":13},{"NomeFaculdade":"Universidade Fernando Pessoa (unidade de Ponte de Lima)","CodigoFaculdade":16506,"PercentagemDesemprego":4.08,"TotalDiplomados":515,"TotalDesempregados":21},{"NomeFaculdade":"Universidade Fernando Pessoa - Escola Superior de Saúde","CodigoFaculdade":22016,"PercentagemDesemprego":11.85,"TotalDiplomados":1097,"TotalDesempregados":130},{"NomeFaculdade":"Universidade Independente","CodigoFaculdade":31200,"PercentagemDesemprego":6.39,"TotalDiplomados":2129,"TotalDesempregados":136},{"NomeFaculdade":"Universidade Internacional","CodigoFaculdade":9200,"PercentagemDesemprego":18.17,"TotalDiplomados":787,"TotalDesempregados":143},{"NomeFaculdade":"Universidade Internacional da Figueira da Foz","CodigoFaculdade":13812,"PercentagemDesemprego":8.56,"TotalDiplomados":958,"TotalDesempregados":82},{"NomeFaculdade":"Universidade Lusíada","CodigoFaculdade":76800,"PercentagemDesemprego":9.05,"TotalDiplomados":7739,"TotalDesempregados":700},{"NomeFaculdade":"Universidade Lusíada (Porto)","CodigoFaculdade":48020,"PercentagemDesemprego":10.34,"TotalDiplomados":5892,"TotalDesempregados":609},{"NomeFaculdade":"Universidade Lusíada - Instituto Superior de Serviço Social de Lisboa","CodigoFaculdade":4510,"PercentagemDesemprego":6.3,"TotalDiplomados":1000,"TotalDesempregados":63},{"NomeFaculdade":"Universidade Lusíada de Vila Nova de Famalicão","CodigoFaculdade":28824,"PercentagemDesemprego":11.03,"TotalDiplomados":1705,"TotalDesempregados":188},{"NomeFaculdade":"Universidade Lusófona de Humanidades e Tecnologias","CodigoFaculdade":204400,"PercentagemDesemprego":9.61,"TotalDiplomados":11763,"TotalDesempregados":1130},{"NomeFaculdade":"Universidade Lusófona do Porto","CodigoFaculdade":56448,"PercentagemDesemprego":9.94,"TotalDiplomados":1841,"TotalDesempregados":183},{"NomeFaculdade":"Universidade Moderna de Lisboa","CodigoFaculdade":52390,"PercentagemDesemprego":14.87,"TotalDiplomados":2045,"TotalDesempregados":304},{"NomeFaculdade":"Universidade Nova de Lisboa - Escola Nacional de Saúde Pública","CodigoFaculdade":908,"PercentagemDesemprego":1.67,"TotalDiplomados":120,"TotalDesempregados":2},{"NomeFaculdade":"Universidade Nova de Lisboa - Faculdade de Ciências e Tecnologia","CodigoFaculdade":41538,"PercentagemDesemprego":5.99,"TotalDiplomados":5295,"TotalDesempregados":317},{"NomeFaculdade":"Universidade Nova de Lisboa - Faculdade de Ciências Médicas","CodigoFaculdade":901,"PercentagemDesemprego":0.28,"TotalDiplomados":1063,"TotalDesempregados":3},{"NomeFaculdade":"Universidade Nova de Lisboa - Faculdade de Ciências Sociais e Humanas","CodigoFaculdade":47806,"PercentagemDesemprego":9.59,"TotalDiplomados":5592,"TotalDesempregados":536},{"NomeFaculdade":"Universidade Nova de Lisboa - Faculdade de Direito","CodigoFaculdade":2733,"PercentagemDesemprego":1.6,"TotalDiplomados":750,"TotalDesempregados":12},{"NomeFaculdade":"Universidade Nova de Lisboa - Faculdade de Economia","CodigoFaculdade":7232,"PercentagemDesemprego":3.18,"TotalDiplomados":3143,"TotalDesempregados":100},{"NomeFaculdade":"Universidade Nova de Lisboa - Instituto de Higiene e Medicina Tropical","CodigoFaculdade":1810,"PercentagemDesemprego":18.18,"TotalDiplomados":22,"TotalDesempregados":4},{"NomeFaculdade":"Universidade Nova de Lisboa - Instituto Superior de Estatística e Gestão de Informação","CodigoFaculdade":4530,"PercentagemDesemprego":3.21,"TotalDiplomados":561,"TotalDesempregados":18},{"NomeFaculdade":"Universidade Portucalense Infante D. Henrique","CodigoFaculdade":55000,"PercentagemDesemprego":9.61,"TotalDiplomados":4496,"TotalDesempregados":432},{"NomeFaculdade":"Universidade Técnica de Lisboa","CodigoFaculdade":800,"PercentagemDesemprego":3.12,"TotalDiplomados":32,"TotalDesempregados":1},{"NomeFaculdade":"Universidade Técnica de Lisboa - Faculdade de Arquitectura","CodigoFaculdade":11228,"PercentagemDesemprego":9.39,"TotalDiplomados":2929,"TotalDesempregados":275},{"NomeFaculdade":"Universidade Técnica de Lisboa - Faculdade de Medicina Veterinária","CodigoFaculdade":3204,"PercentagemDesemprego":4.54,"TotalDiplomados":969,"TotalDesempregados":44},{"NomeFaculdade":"Universidade Técnica de Lisboa - Faculdade de Motricidade Humana","CodigoFaculdade":9672,"PercentagemDesemprego":3.11,"TotalDiplomados":3249,"TotalDesempregados":101},{"NomeFaculdade":"Universidade Técnica de Lisboa - Instituto Superior de Agronomia","CodigoFaculdade":16060,"PercentagemDesemprego":8.84,"TotalDiplomados":2104,"TotalDesempregados":186},{"NomeFaculdade":"Universidade Técnica de Lisboa - Instituto Superior de Ciências Sociais e Políticas","CodigoFaculdade":15276,"PercentagemDesemprego":12.22,"TotalDiplomados":3233,"TotalDesempregados":395},{"NomeFaculdade":"Universidade Técnica de Lisboa - Instituto Superior de Economia e Gestão","CodigoFaculdade":12880,"PercentagemDesemprego":8.76,"TotalDiplomados":3789,"TotalDesempregados":332},{"NomeFaculdade":"Universidade Técnica de Lisboa - Instituto Superior Técnico","CodigoFaculdade":37122,"PercentagemDesemprego":5.98,"TotalDiplomados":11144,"TotalDesempregados":666},{"NomeFaculdade":"Universidade Técnica de Lisboa - Instituto Superior Técnico (instalações no Tagus Park)","CodigoFaculdade":3232,"PercentagemDesemprego":1.54,"TotalDiplomados":259,"TotalDesempregados":4}]}