{"data":[{"NomeFaculdade":"Universidade dos Açores - Angra do Heroísmo","CodigoFaculdade":110,"PercentagemDesemprego":4.0,"TotalDiplomados":25.0,"TotalDesempregados":1.0},{"NomeFaculdade":"Universidade do Algarve - Faculdade de Ciências Humanas e Sociais","CodigoFaculdade":201,"PercentagemDesemprego":6.25,"TotalDiplomados":16.0,"TotalDesempregados":1.0},{"NomeFaculdade":"Universidade do Algarve - Faculdade de Ciências do Mar e do Ambiente","CodigoFaculdade":202,"PercentagemDesemprego":3.9,"TotalDiplomados":154.0,"TotalDesempregados":6.0},{"NomeFaculdade":"Universidade do Algarve - Faculdade de Ciências e Tecnologia","CodigoFaculdade":203,"PercentagemDesemprego":5.88,"TotalDiplomados":17.0,"TotalDesempregados":1.0},{"NomeFaculdade":"Universidade do Algarve - Faculdade de Economia","CodigoFaculdade":204,"PercentagemDesemprego":5.23,"TotalDiplomados":172.0,"TotalDesempregados":9.0},{"NomeFaculdade":"Universidade do Algarve - Faculdade de Engenharia de Recursos Naturais","CodigoFaculdade":205,"PercentagemDesemprego":12.5,"TotalDiplomados":8.0,"TotalDesempregados":1.0},{"NomeFaculdade":"Universidade de Aveiro","CodigoFaculdade":300,"PercentagemDesemprego":7.95,"TotalDiplomados":1095.0,"TotalDesempregados":87.0},{"NomeFaculdade":"Universidade da Beira Interior","CodigoFaculdade":400,"PercentagemDesemprego":10.98,"TotalDiplomados":856.0,"TotalDesempregados":94.0},{"NomeFaculdade":"Universidade de Coimbra - Faculdade de Ciências e Tecnologia","CodigoFaculdade":501,"PercentagemDesemprego":5.23,"TotalDiplomados":841.0,"TotalDesempregados":44.0},{"NomeFaculdade":"Universidade de Coimbra - Faculdade de Direito","CodigoFaculdade":502,"PercentagemDesemprego":3.54,"TotalDiplomados":339.0,"TotalDesempregados":12.0},{"NomeFaculdade":"Universidade de Coimbra - Faculdade de Economia","CodigoFaculdade":503,"PercentagemDesemprego":12.87,"TotalDiplomados":171.0,"TotalDesempregados":22.0},{"NomeFaculdade":"Universidade de Coimbra - Faculdade de Letras","CodigoFaculdade":505,"PercentagemDesemprego":2.08,"TotalDiplomados":769.0,"TotalDesempregados":16.0},{"NomeFaculdade":"Universidade de Coimbra - Faculdade de Psicologia e de Ciências da Educação","CodigoFaculdade":507,"PercentagemDesemprego":16.49,"TotalDiplomados":291.0,"TotalDesempregados":48.0},{"NomeFaculdade":"Universidade de Coimbra - Faculdade de Ciências do Desporto e Educação Física","CodigoFaculdade":508,"PercentagemDesemprego":20.0,"TotalDiplomados":5.0,"TotalDesempregados":1.0},{"NomeFaculdade":"Universidade de Évora","CodigoFaculdade":600,"PercentagemDesemprego":8.32,"TotalDiplomados":601.0,"TotalDesempregados":50.0},{"NomeFaculdade":"Universidade de Lisboa - Faculdade de Ciências","CodigoFaculdade":701,"PercentagemDesemprego":2.87,"TotalDiplomados":1045.0,"TotalDesempregados":30.0},{"NomeFaculdade":"Universidade de Lisboa - Faculdade de Direito","CodigoFaculdade":702,"PercentagemDesemprego":0.81,"TotalDiplomados":370.0,"TotalDesempregados":3.0},{"NomeFaculdade":"Universidade de Lisboa - Faculdade de Farmácia","CodigoFaculdade":703,"PercentagemDesemprego":0.62,"TotalDiplomados":161.0,"TotalDesempregados":1.0},{"NomeFaculdade":"Universidade de Lisboa - Faculdade de Letras","CodigoFaculdade":704,"PercentagemDesemprego":6.29,"TotalDiplomados":1161.0,"TotalDesempregados":73.0},{"NomeFaculdade":"Universidade de Lisboa - Faculdade de Psicologia e de Ciências da Educação","CodigoFaculdade":706,"PercentagemDesemprego":2.08,"TotalDiplomados":771.0,"TotalDesempregados":16.0},{"NomeFaculdade":"Universidade de Lisboa - Instituto de Ciências Sociais","CodigoFaculdade":707,"PercentagemDesemprego":1.49,"TotalDiplomados":67.0,"TotalDesempregados":1.0},{"NomeFaculdade":"Universidade Técnica de Lisboa","CodigoFaculdade":800,"PercentagemDesemprego":1.99,"TotalDiplomados":151.0,"TotalDesempregados":3.0},{"NomeFaculdade":"Universidade Técnica de Lisboa - Faculdade de Medicina Veterinária","CodigoFaculdade":801,"PercentagemDesemprego":2.86,"TotalDiplomados":35.0,"TotalDesempregados":1.0},{"NomeFaculdade":"Universidade Técnica de Lisboa - Instituto Superior de Agronomia","CodigoFaculdade":803,"PercentagemDesemprego":5.06,"TotalDiplomados":178.0,"TotalDesempregados":9.0},{"NomeFaculdade":"Universidade Técnica de Lisboa - Instituto Superior de Ciências Sociais e Políticas","CodigoFaculdade":804,"PercentagemDesemprego":6.25,"TotalDiplomados":96.0,"TotalDesempregados":6.0},{"NomeFaculdade":"Universidade Técnica de Lisboa - Instituto Superior de Economia e Gestão","CodigoFaculdade":805,"PercentagemDesemprego":3.06,"TotalDiplomados":458.0,"TotalDesempregados":14.0},{"NomeFaculdade":"Universidade Técnica de Lisboa - Faculdade de Motricidade Humana","CodigoFaculdade":806,"PercentagemDesemprego":13.68,"TotalDiplomados":117.0,"TotalDesempregados":16.0},{"NomeFaculdade":"Universidade Técnica de Lisboa - Instituto Superior Técnico (Alameda)","CodigoFaculdade":807,"PercentagemDesemprego":2.76,"TotalDiplomados":1737.0,"TotalDesempregados":48.0},{"NomeFaculdade":"Universidade Nova de Lisboa - Faculdade de Ciências Sociais e Humanas","CodigoFaculdade":902,"PercentagemDesemprego":4.71,"TotalDiplomados":552.0,"TotalDesempregados":26.0},{"NomeFaculdade":"Universidade Nova de Lisboa - Faculdade de Ciências e Tecnologia","CodigoFaculdade":903,"PercentagemDesemprego":6.91,"TotalDiplomados":463.0,"TotalDesempregados":32.0},{"NomeFaculdade":"Universidade Nova de Lisboa - Faculdade de Economia","CodigoFaculdade":904,"PercentagemDesemprego":5.39,"TotalDiplomados":705.0,"TotalDesempregados":38.0},{"NomeFaculdade":"Universidade Nova de Lisboa - Instituto Superior de Estatística e Gestão de Informação","CodigoFaculdade":906,"PercentagemDesemprego":1.4,"TotalDiplomados":215.0,"TotalDesempregados":3.0},{"NomeFaculdade":"Universidade Nova de Lisboa - Escola Nacional de Saúde Pública","CodigoFaculdade":908,"PercentagemDesemprego":1.08,"TotalDiplomados":93.0,"TotalDesempregados":1.0},{"NomeFaculdade":"Universidade Nova de Lisboa - Instituto de Tecnologia Química e Biológica António Xavier","CodigoFaculdade":910,"PercentagemDesemprego":2.08,"TotalDiplomados":96.0,"TotalDesempregados":2.0},{"NomeFaculdade":"Universidade Nova de Lisboa - Faculdade de Direito","CodigoFaculdade":911,"PercentagemDesemprego":100.0,"TotalDiplomados":1.0,"TotalDesempregados":1.0},{"NomeFaculdade":"Universidade do Minho","CodigoFaculdade":1000,"PercentagemDesemprego":6.08,"TotalDiplomados":2252.0,"TotalDesempregados":137.0},{"NomeFaculdade":"Universidade do Porto - Faculdade de Ciências","CodigoFaculdade":1103,"PercentagemDesemprego":2.8,"TotalDiplomados":214.0,"TotalDesempregados":6.0},{"NomeFaculdade":"Universidade do Porto - Faculdade de Economia","CodigoFaculdade":1104,"PercentagemDesemprego":2.82,"TotalDiplomados":177.0,"TotalDesempregados":5.0},{"NomeFaculdade":"Universidade do Porto - Faculdade de Engenharia","CodigoFaculdade":1105,"PercentagemDesemprego":1.98,"TotalDiplomados":1059.0,"TotalDesempregados":21.0},{"NomeFaculdade":"Universidade do Porto - Faculdade de Farmácia","CodigoFaculdade":1106,"PercentagemDesemprego":1.37,"TotalDiplomados":73.0,"TotalDesempregados":1.0},{"NomeFaculdade":"Universidade do Porto - Faculdade de Letras","CodigoFaculdade":1107,"PercentagemDesemprego":12.86,"TotalDiplomados":420.0,"TotalDesempregados":54.0},{"NomeFaculdade":"Universidade do Porto - Faculdade de Psicologia e de Ciências da Educação","CodigoFaculdade":1109,"PercentagemDesemprego":5.23,"TotalDiplomados":287.0,"TotalDesempregados":15.0},{"NomeFaculdade":"Universidade do Porto - Faculdade de Desporto","CodigoFaculdade":1111,"PercentagemDesemprego":0.2,"TotalDiplomados":1538.0,"TotalDesempregados":3.0},{"NomeFaculdade":"Universidade do Porto - Escola de Gestão do Porto","CodigoFaculdade":1112,"PercentagemDesemprego":10.34,"TotalDiplomados":29.0,"TotalDesempregados":3.0},{"NomeFaculdade":"Universidade de Trás-os-Montes e Alto Douro","CodigoFaculdade":1200,"PercentagemDesemprego":15.75,"TotalDiplomados":400.0,"TotalDesempregados":63.0},{"NomeFaculdade":"Universidade de Trás-os-Montes e Alto Douro (Miranda do Douro)","CodigoFaculdade":1280,"PercentagemDesemprego":29.41,"TotalDiplomados":68.0,"TotalDesempregados":20.0},{"NomeFaculdade":"Universidade Aberta","CodigoFaculdade":1400,"PercentagemDesemprego":1.83,"TotalDiplomados":1534.0,"TotalDesempregados":28.0},{"NomeFaculdade":"Universidade Autónoma de Lisboa Luís de Camões","CodigoFaculdade":2100,"PercentagemDesemprego":10.29,"TotalDiplomados":68.0,"TotalDesempregados":7.0},{"NomeFaculdade":"Universidade Católica Portuguesa - Escola Superior de Biotecnologia","CodigoFaculdade":2210,"PercentagemDesemprego":100.0,"TotalDiplomados":2.0,"TotalDesempregados":2.0},{"NomeFaculdade":"Universidade Católica Portuguesa - Faculdade de Ciências Humanas","CodigoFaculdade":2220,"PercentagemDesemprego":3.55,"TotalDiplomados":141.0,"TotalDesempregados":5.0},{"NomeFaculdade":"Universidade Católica Portuguesa - Faculdade de Filosofia","CodigoFaculdade":2230,"PercentagemDesemprego":52.94,"TotalDiplomados":17.0,"TotalDesempregados":9.0},{"NomeFaculdade":"Universidade Católica Portuguesa - Faculdade de Teologia","CodigoFaculdade":2240,"PercentagemDesemprego":5.88,"TotalDiplomados":17.0,"TotalDesempregados":1.0},{"NomeFaculdade":"Universidade Católica Portuguesa - Escola das Artes","CodigoFaculdade":2265,"PercentagemDesemprego":33.33,"TotalDiplomados":12.0,"TotalDesempregados":4.0},{"NomeFaculdade":"Universidade Católica Portuguesa - Faculdade de Ciências Económicas e Empresariais","CodigoFaculdade":2270,"PercentagemDesemprego":0.85,"TotalDiplomados":823.0,"TotalDesempregados":7.0},{"NomeFaculdade":"Universidade Católica Portuguesa - Faculdade de Economia e Gestão","CodigoFaculdade":2271,"PercentagemDesemprego":2.9,"TotalDiplomados":138.0,"TotalDesempregados":4.0},{"NomeFaculdade":"Universidade Católica Portuguesa - Faculdade de Direito","CodigoFaculdade":2280,"PercentagemDesemprego":2.63,"TotalDiplomados":114.0,"TotalDesempregados":3.0},{"NomeFaculdade":"Universidade Católica Portuguesa - Faculdade de Direito (Porto)","CodigoFaculdade":2281,"PercentagemDesemprego":2.7,"TotalDiplomados":111.0,"TotalDesempregados":3.0},{"NomeFaculdade":"Universidade Católica Portuguesa - Faculdade de Educação e Psicologia","CodigoFaculdade":2289,"PercentagemDesemprego":4.0,"TotalDiplomados":50.0,"TotalDesempregados":2.0},{"NomeFaculdade":"Universidade Católica Portuguesa - Instituto de Estudos Europeus","CodigoFaculdade":2290,"PercentagemDesemprego":5.56,"TotalDiplomados":18.0,"TotalDesempregados":1.0},{"NomeFaculdade":"Universidade Católica Portuguesa - Faculdade de Educação e Psicologia (Lisboa)","CodigoFaculdade":2292,"PercentagemDesemprego":0.66,"TotalDiplomados":152.0,"TotalDesempregados":1.0},{"NomeFaculdade":"Universidade Internacional da Figueira da Foz","CodigoFaculdade":2302,"PercentagemDesemprego":24.14,"TotalDiplomados":29.0,"TotalDesempregados":7.0},{"NomeFaculdade":"Universidade Lusíada","CodigoFaculdade":2400,"PercentagemDesemprego":7.5,"TotalDiplomados":667.0,"TotalDesempregados":50.0},{"NomeFaculdade":"Universidade Lusíada do Porto","CodigoFaculdade":2401,"PercentagemDesemprego":16.28,"TotalDiplomados":301.0,"TotalDesempregados":49.0},{"NomeFaculdade":"Universidade Portucalense Infante D. Henrique","CodigoFaculdade":2500,"PercentagemDesemprego":6.9,"TotalDiplomados":58.0,"TotalDesempregados":4.0},{"NomeFaculdade":"Universidade Atlântica - Escola Superior de Saúde Atlântica","CodigoFaculdade":2701,"PercentagemDesemprego":5.66,"TotalDiplomados":265.0,"TotalDesempregados":15.0},{"NomeFaculdade":"Universidade Fernando Pessoa","CodigoFaculdade":2750,"PercentagemDesemprego":9.05,"TotalDiplomados":409.0,"TotalDesempregados":37.0},{"NomeFaculdade":"Universidade Fernando Pessoa (unidade de Ponte de Lima)","CodigoFaculdade":2751,"PercentagemDesemprego":10.06,"TotalDiplomados":159.0,"TotalDesempregados":16.0},{"NomeFaculdade":"Universidade Fernando Pessoa - Escola Superior de Saúde","CodigoFaculdade":2752,"PercentagemDesemprego":16.45,"TotalDiplomados":614.0,"TotalDesempregados":101.0},{"NomeFaculdade":"Universidade Fernando Pessoa (unidade de Ponte de Lima - ensino politécnico)","CodigoFaculdade":2753,"PercentagemDesemprego":1.79,"TotalDiplomados":223.0,"TotalDesempregados":4.0},{"NomeFaculdade":"Universidade Lusófona de Humanidades e Tecnologias","CodigoFaculdade":2800,"PercentagemDesemprego":13.03,"TotalDiplomados":614.0,"TotalDesempregados":80.0},{"NomeFaculdade":"Universidade de Aveiro - Instituto Superior de Contabilidade e Administração de Aveiro","CodigoFaculdade":3011,"PercentagemDesemprego":3.2,"TotalDiplomados":3692.0,"TotalDesempregados":118.0},{"NomeFaculdade":"Universidade de Aveiro - Escola Superior de Saúde de Aveiro","CodigoFaculdade":3013,"PercentagemDesemprego":22.14,"TotalDiplomados":131.0,"TotalDesempregados":29.0},{"NomeFaculdade":"Instituto Politécnico de Beja - Escola Superior Agrária","CodigoFaculdade":3021,"PercentagemDesemprego":8.98,"TotalDiplomados":1036.0,"TotalDesempregados":93.0},{"NomeFaculdade":"Instituto Politécnico de Beja - Escola Superior de Educação","CodigoFaculdade":3022,"PercentagemDesemprego":5.21,"TotalDiplomados":1095.0,"TotalDesempregados":57.0},{"NomeFaculdade":"Instituto Politécnico de Beja - Escola Superior de Tecnologia e de Gestão","CodigoFaculdade":3023,"PercentagemDesemprego":3.43,"TotalDiplomados":1604.0,"TotalDesempregados":55.0},{"NomeFaculdade":"Instituto Politécnico do Cávado e do Ave - Escola Superior de Gestão","CodigoFaculdade":3031,"PercentagemDesemprego":3.62,"TotalDiplomados":1852.0,"TotalDesempregados":67.0},{"NomeFaculdade":"Instituto Politécnico do Cávado e do Ave - Escola Superior de Tecnologia","CodigoFaculdade":3032,"PercentagemDesemprego":17.02,"TotalDiplomados":47.0,"TotalDesempregados":8.0},{"NomeFaculdade":"Instituto Politécnico de Bragança - Escola Superior Agrária de Bragança","CodigoFaculdade":3041,"PercentagemDesemprego":7.06,"TotalDiplomados":1629.0,"TotalDesempregados":115.0},{"NomeFaculdade":"Instituto Politécnico de Bragança - Escola Superior de Educação de Bragança","CodigoFaculdade":3042,"PercentagemDesemprego":9.14,"TotalDiplomados":1204.0,"TotalDesempregados":110.0},{"NomeFaculdade":"Instituto Politécnico de Bragança - Escola Superior de Tecnologia e de Gestão de Bragança","CodigoFaculdade":3043,"PercentagemDesemprego":5.31,"TotalDiplomados":3487.0,"TotalDesempregados":185.0},{"NomeFaculdade":"Instituto Politécnico de Bragança - Escola Superior de Comunicação, Administração e Turismo de Mirandela","CodigoFaculdade":3045,"PercentagemDesemprego":12.86,"TotalDiplomados":381.0,"TotalDesempregados":49.0},{"NomeFaculdade":"Instituto Politécnico de Castelo Branco - Escola Superior Agrária de Castelo Branco","CodigoFaculdade":3051,"PercentagemDesemprego":4.46,"TotalDiplomados":2309.0,"TotalDesempregados":103.0},{"NomeFaculdade":"Instituto Politécnico de Castelo Branco - Escola Superior de Educação de Castelo Branco","CodigoFaculdade":3052,"PercentagemDesemprego":6.28,"TotalDiplomados":1449.0,"TotalDesempregados":91.0},{"NomeFaculdade":"Instituto Politécnico de Castelo Branco - Escola Superior de Tecnologia de Castelo Branco","CodigoFaculdade":3053,"PercentagemDesemprego":5.67,"TotalDiplomados":1287.0,"TotalDesempregados":73.0},{"NomeFaculdade":"Instituto Politécnico de Castelo Branco - Escola Superior de Gestão de Idanha-a-Nova","CodigoFaculdade":3054,"PercentagemDesemprego":6.72,"TotalDiplomados":923.0,"TotalDesempregados":62.0},{"NomeFaculdade":"Instituto Politécnico de Castelo Branco - Escola Superior de Artes Aplicadas de Castelo Branco","CodigoFaculdade":3055,"PercentagemDesemprego":14.18,"TotalDiplomados":261.0,"TotalDesempregados":37.0},{"NomeFaculdade":"Instituto Politécnico de Coimbra - Escola Superior Agrária de Coimbra","CodigoFaculdade":3061,"PercentagemDesemprego":8.84,"TotalDiplomados":1957.0,"TotalDesempregados":173.0},{"NomeFaculdade":"Instituto Politécnico de Coimbra - Escola Superior de Educação de Coimbra","CodigoFaculdade":3062,"PercentagemDesemprego":4.87,"TotalDiplomados":3653.0,"TotalDesempregados":178.0},{"NomeFaculdade":"Instituto Politécnico de Coimbra - Instituto Superior de Contabilidade e Administração de Coimbra","CodigoFaculdade":3063,"PercentagemDesemprego":4.01,"TotalDiplomados":4168.0,"TotalDesempregados":167.0},{"NomeFaculdade":"Instituto Politécnico de Coimbra - Instituto Superior de Engenharia de Coimbra","CodigoFaculdade":3064,"PercentagemDesemprego":6.12,"TotalDiplomados":3299.0,"TotalDesempregados":202.0},{"NomeFaculdade":"Instituto Politécnico de Coimbra - Escola Superior de Tecnologia e Gestão de Oliveira do Hospital","CodigoFaculdade":3065,"PercentagemDesemprego":16.22,"TotalDiplomados":37.0,"TotalDesempregados":6.0},{"NomeFaculdade":"Universidade do Algarve - Escola Superior de Educação e Comunicação","CodigoFaculdade":3081,"PercentagemDesemprego":4.1,"TotalDiplomados":2439.0,"TotalDesempregados":100.0},{"NomeFaculdade":"Universidade do Algarve - Escola Superior de Gestão, Hotelaria e Turismo","CodigoFaculdade":3082,"PercentagemDesemprego":3.6,"TotalDiplomados":4389.0,"TotalDesempregados":158.0},{"NomeFaculdade":"Universidade do Algarve - Instituto Superior de Engenharia","CodigoFaculdade":3083,"PercentagemDesemprego":2.99,"TotalDiplomados":2810.0,"TotalDesempregados":84.0},{"NomeFaculdade":"Universidade do Algarve - Escola Superior de Gestão, Hotelaria e Turismo (Portimão)","CodigoFaculdade":3087,"PercentagemDesemprego":1.76,"TotalDiplomados":1138.0,"TotalDesempregados":20.0},{"NomeFaculdade":"Instituto Politécnico da Guarda - Escola Superior de Educação, Comunicação e Desporto","CodigoFaculdade":3091,"PercentagemDesemprego":6.42,"TotalDiplomados":2865.0,"TotalDesempregados":184.0},{"NomeFaculdade":"Instituto Politécnico da Guarda - Escola Superior de Tecnologia e Gestão","CodigoFaculdade":3092,"PercentagemDesemprego":3.36,"TotalDiplomados":4226.0,"TotalDesempregados":142.0},{"NomeFaculdade":"Instituto Politécnico da Guarda - Escola Superior de Turismo e Hotelaria","CodigoFaculdade":3095,"PercentagemDesemprego":15.07,"TotalDiplomados":146.0,"TotalDesempregados":22.0},{"NomeFaculdade":"Instituto Politécnico de Leiria - Escola Superior de Educação e Ciências Sociais","CodigoFaculdade":3101,"PercentagemDesemprego":6.33,"TotalDiplomados":2607.0,"TotalDesempregados":165.0},{"NomeFaculdade":"Instituto Politécnico de Leiria - Escola Superior de Tecnologia e Gestão","CodigoFaculdade":3102,"PercentagemDesemprego":5.19,"TotalDiplomados":6475.0,"TotalDesempregados":336.0},{"NomeFaculdade":"Instituto Politécnico de Leiria - Escola Superior de Artes e Design das Caldas da Rainha","CodigoFaculdade":3103,"PercentagemDesemprego":4.49,"TotalDiplomados":4076.0,"TotalDesempregados":183.0},{"NomeFaculdade":"Instituto Politécnico de Leiria - Escola Superior de Educação de Leiria (Caldas da Rainha)","CodigoFaculdade":3104,"PercentagemDesemprego":2.78,"TotalDiplomados":108.0,"TotalDesempregados":3.0},{"NomeFaculdade":"Instituto Politécnico de Leiria - Escola Superior de Turismo e Tecnologia do Mar de Peniche","CodigoFaculdade":3105,"PercentagemDesemprego":16.26,"TotalDiplomados":492.0,"TotalDesempregados":80.0},{"NomeFaculdade":"Instituto Politécnico de Lisboa - Escola Superior de Dança","CodigoFaculdade":3111,"PercentagemDesemprego":1.44,"TotalDiplomados":347.0,"TotalDesempregados":5.0},{"NomeFaculdade":"Instituto Politécnico de Lisboa - Escola Superior de Educação de Lisboa","CodigoFaculdade":3112,"PercentagemDesemprego":2.12,"TotalDiplomados":1412.0,"TotalDesempregados":30.0},{"NomeFaculdade":"Instituto Politécnico de Lisboa - Escola Superior de Comunicação Social","CodigoFaculdade":3113,"PercentagemDesemprego":2.44,"TotalDiplomados":5278.0,"TotalDesempregados":129.0},{"NomeFaculdade":"Instituto Politécnico de Lisboa - Escola Superior de Música","CodigoFaculdade":3114,"PercentagemDesemprego":0.36,"TotalDiplomados":274.0,"TotalDesempregados":1.0},{"NomeFaculdade":"Instituto Politécnico de Lisboa - Escola Superior de Teatro e Cinema","CodigoFaculdade":3116,"PercentagemDesemprego":2.64,"TotalDiplomados":1439.0,"TotalDesempregados":38.0},{"NomeFaculdade":"Instituto Politécnico de Lisboa - Instituto Superior de Contabilidade e Administração de Lisboa","CodigoFaculdade":3117,"PercentagemDesemprego":1.66,"TotalDiplomados":6009.0,"TotalDesempregados":100.0},{"NomeFaculdade":"Instituto Politécnico de Lisboa - Instituto Superior de Engenharia de Lisboa","CodigoFaculdade":3118,"PercentagemDesemprego":3.92,"TotalDiplomados":6451.0,"TotalDesempregados":253.0},{"NomeFaculdade":"Instituto Politécnico de Portalegre - Escola Superior de Educação  e Ciências Sociais","CodigoFaculdade":3121,"PercentagemDesemprego":6.68,"TotalDiplomados":1737.0,"TotalDesempregados":116.0},{"NomeFaculdade":"Instituto Politécnico de Portalegre - Escola Superior de Tecnologia e Gestão","CodigoFaculdade":3122,"PercentagemDesemprego":7.45,"TotalDiplomados":3612.0,"TotalDesempregados":269.0},{"NomeFaculdade":"Instituto Politécnico de Portalegre - Escola Superior Agrária de Elvas","CodigoFaculdade":3123,"PercentagemDesemprego":17.05,"TotalDiplomados":176.0,"TotalDesempregados":30.0},{"NomeFaculdade":"Instituto Politécnico do Porto","CodigoFaculdade":3130,"PercentagemDesemprego":3.64,"TotalDiplomados":247.0,"TotalDesempregados":9.0},{"NomeFaculdade":"Instituto Politécnico do Porto - Escola Superior de Educação","CodigoFaculdade":3131,"PercentagemDesemprego":7.67,"TotalDiplomados":2725.0,"TotalDesempregados":209.0},{"NomeFaculdade":"Instituto Politécnico do Porto - Escola Superior de Música e das Artes do Espectáculo","CodigoFaculdade":3132,"PercentagemDesemprego":4.4,"TotalDiplomados":409.0,"TotalDesempregados":18.0},{"NomeFaculdade":"Instituto Politécnico do Porto - Escola Superior de Estudos Industriais e de Gestão","CodigoFaculdade":3133,"PercentagemDesemprego":7.84,"TotalDiplomados":1811.0,"TotalDesempregados":142.0},{"NomeFaculdade":"Instituto Politécnico do Porto - Instituto Superior de Contabilidade e Administração do Porto","CodigoFaculdade":3134,"PercentagemDesemprego":4.27,"TotalDiplomados":6831.0,"TotalDesempregados":292.0},{"NomeFaculdade":"Instituto Politécnico do Porto - Instituto Superior de Engenharia do Porto","CodigoFaculdade":3135,"PercentagemDesemprego":4.18,"TotalDiplomados":10977.0,"TotalDesempregados":459.0},{"NomeFaculdade":"Instituto Politécnico do Porto - Escola Superior de Estudos Industriais e de Gestão (Póvoa do Varzim)","CodigoFaculdade":3137,"PercentagemDesemprego":5.26,"TotalDiplomados":38.0,"TotalDesempregados":2.0},{"NomeFaculdade":"Instituto Politécnico do Porto - Escola Superior de Tecnologia e Gestão de Felgueiras","CodigoFaculdade":3138,"PercentagemDesemprego":25.71,"TotalDiplomados":105.0,"TotalDesempregados":27.0},{"NomeFaculdade":"Instituto Politécnico de Santarém - Escola Superior Agrária de Santarém","CodigoFaculdade":3141,"PercentagemDesemprego":4.02,"TotalDiplomados":1295.0,"TotalDesempregados":52.0},{"NomeFaculdade":"Instituto Politécnico de Santarém - Escola Superior de Educação de Santarém","CodigoFaculdade":3142,"PercentagemDesemprego":4.22,"TotalDiplomados":1494.0,"TotalDesempregados":63.0},{"NomeFaculdade":"Instituto Politécnico de Santarém - Escola Superior de Gestão e Tecnologia de Santarém","CodigoFaculdade":3143,"PercentagemDesemprego":9.13,"TotalDiplomados":449.0,"TotalDesempregados":41.0},{"NomeFaculdade":"Instituto Politécnico de Santarém - Escola Superior de Desporto de Rio Maior","CodigoFaculdade":3145,"PercentagemDesemprego":4.29,"TotalDiplomados":420.0,"TotalDesempregados":18.0},{"NomeFaculdade":"Instituto Politécnico de Setúbal - Escola Superior de Educação","CodigoFaculdade":3151,"PercentagemDesemprego":2.99,"TotalDiplomados":1272.0,"TotalDesempregados":38.0},{"NomeFaculdade":"Instituto Politécnico de Setúbal - Escola Superior de Tecnologia de Setúbal","CodigoFaculdade":3152,"PercentagemDesemprego":3.68,"TotalDiplomados":1904.0,"TotalDesempregados":70.0},{"NomeFaculdade":"Instituto Politécnico de Setúbal - Escola Superior de Ciências Empresariais","CodigoFaculdade":3153,"PercentagemDesemprego":2.5,"TotalDiplomados":4524.0,"TotalDesempregados":113.0},{"NomeFaculdade":"Instituto Politécnico de Setúbal - Escola Superior de Tecnologia do Barreiro","CodigoFaculdade":3154,"PercentagemDesemprego":9.46,"TotalDiplomados":74.0,"TotalDesempregados":7.0},{"NomeFaculdade":"Instituto Politécnico de Setúbal - Escola Superior de Saúde","CodigoFaculdade":3155,"PercentagemDesemprego":3.62,"TotalDiplomados":525.0,"TotalDesempregados":19.0},{"NomeFaculdade":"Instituto Politécnico de Viana do Castelo - Escola Superior Agrária","CodigoFaculdade":3161,"PercentagemDesemprego":9.63,"TotalDiplomados":322.0,"TotalDesempregados":31.0},{"NomeFaculdade":"Instituto Politécnico de Viana do Castelo - Escola Superior de Educação","CodigoFaculdade":3162,"PercentagemDesemprego":1.51,"TotalDiplomados":859.0,"TotalDesempregados":13.0},{"NomeFaculdade":"Instituto Politécnico de Viana do Castelo - Escola Superior de Tecnologia e Gestão","CodigoFaculdade":3163,"PercentagemDesemprego":5.05,"TotalDiplomados":3626.0,"TotalDesempregados":183.0},{"NomeFaculdade":"Instituto Politécnico de Viana do Castelo - Escola Superior de Ciências Empresariais","CodigoFaculdade":3164,"PercentagemDesemprego":50.0,"TotalDiplomados":12.0,"TotalDesempregados":6.0},{"NomeFaculdade":"Instituto Politécnico de Viseu - Escola Superior de Educação de Viseu","CodigoFaculdade":3181,"PercentagemDesemprego":4.8,"TotalDiplomados":1666.0,"TotalDesempregados":80.0},{"NomeFaculdade":"Instituto Politécnico de Viseu - Escola Superior de Tecnologia e Gestão de Viseu","CodigoFaculdade":3182,"PercentagemDesemprego":6.02,"TotalDiplomados":4717.0,"TotalDesempregados":284.0},{"NomeFaculdade":"Instituto Politécnico de Viseu - Escola Superior de Educação de Viseu (Lamego)","CodigoFaculdade":3183,"PercentagemDesemprego":2.8,"TotalDiplomados":393.0,"TotalDesempregados":11.0},{"NomeFaculdade":"Instituto Politécnico de Viseu - Escola Superior Agrária de Viseu","CodigoFaculdade":3185,"PercentagemDesemprego":11.11,"TotalDiplomados":756.0,"TotalDesempregados":84.0},{"NomeFaculdade":"Instituto Politécnico de Viseu - Escola Superior de Tecnologia e Gestão de Lamego","CodigoFaculdade":3186,"PercentagemDesemprego":24.15,"TotalDiplomados":236.0,"TotalDesempregados":57.0},{"NomeFaculdade":"Instituto Politécnico de Tomar - Escola Superior de Gestão de Tomar","CodigoFaculdade":3241,"PercentagemDesemprego":3.49,"TotalDiplomados":2409.0,"TotalDesempregados":84.0},{"NomeFaculdade":"Instituto Politécnico de Tomar - Escola Superior de Tecnologia de Tomar","CodigoFaculdade":3242,"PercentagemDesemprego":6.3,"TotalDiplomados":3558.0,"TotalDesempregados":224.0},{"NomeFaculdade":"Instituto Politécnico de Tomar - Escola Superior de Tecnologia de Abrantes","CodigoFaculdade":3243,"PercentagemDesemprego":14.38,"TotalDiplomados":146.0,"TotalDesempregados":21.0},{"NomeFaculdade":"Conservatório Superior de Música de Gaia","CodigoFaculdade":4005,"PercentagemDesemprego":11.11,"TotalDiplomados":9.0,"TotalDesempregados":1.0},{"NomeFaculdade":"Escola Superior Artística do Porto","CodigoFaculdade":4010,"PercentagemDesemprego":6.28,"TotalDiplomados":541.0,"TotalDesempregados":34.0},{"NomeFaculdade":"Escola Superior Artística de Guimarães","CodigoFaculdade":4011,"PercentagemDesemprego":55.56,"TotalDiplomados":9.0,"TotalDesempregados":5.0},{"NomeFaculdade":"Escola Superior Gallaecia","CodigoFaculdade":4025,"PercentagemDesemprego":2.08,"TotalDiplomados":96.0,"TotalDesempregados":2.0},{"NomeFaculdade":"Universidade Moderna de Lisboa","CodigoFaculdade":4030,"PercentagemDesemprego":58.54,"TotalDiplomados":41.0,"TotalDesempregados":24.0},{"NomeFaculdade":"DINENSINO-Ensino, Desenvolvimento e Cooperação, CRL (Setúbal)","CodigoFaculdade":4031,"PercentagemDesemprego":5.0,"TotalDiplomados":20.0,"TotalDesempregados":1.0},{"NomeFaculdade":"Escola Superior de Educadores de Infância Maria Ulrich","CodigoFaculdade":4065,"PercentagemDesemprego":3.8,"TotalDiplomados":237.0,"TotalDesempregados":9.0},{"NomeFaculdade":"Escola Superior de Artes Decorativas","CodigoFaculdade":4068,"PercentagemDesemprego":4.87,"TotalDiplomados":862.0,"TotalDesempregados":42.0},{"NomeFaculdade":"Escola Superior de Artes e Design","CodigoFaculdade":4069,"PercentagemDesemprego":5.19,"TotalDiplomados":4740.0,"TotalDesempregados":246.0},{"NomeFaculdade":"Escola Superior de Educação Almeida Garrett","CodigoFaculdade":4074,"PercentagemDesemprego":0.54,"TotalDiplomados":1863.0,"TotalDesempregados":10.0},{"NomeFaculdade":"Escola Superior de Educação de Fafe","CodigoFaculdade":4076,"PercentagemDesemprego":1.74,"TotalDiplomados":1556.0,"TotalDesempregados":27.0},{"NomeFaculdade":"Escola Superior de Educação Jean Piaget de Almada","CodigoFaculdade":4077,"PercentagemDesemprego":1.89,"TotalDiplomados":2381.0,"TotalDesempregados":45.0},{"NomeFaculdade":"Escola Superior de Educação Jean Piaget de Arcozelo","CodigoFaculdade":4078,"PercentagemDesemprego":1.5,"TotalDiplomados":3995.0,"TotalDesempregados":60.0},{"NomeFaculdade":"Escola Superior de Educação Jean Piaget de Nordeste","CodigoFaculdade":4079,"PercentagemDesemprego":2.58,"TotalDiplomados":1320.0,"TotalDesempregados":34.0},{"NomeFaculdade":"Escola Superior de Educação de João de Deus","CodigoFaculdade":4080,"PercentagemDesemprego":0.7,"TotalDiplomados":1992.0,"TotalDesempregados":14.0},{"NomeFaculdade":"Escola Superior de Educação Jean Piaget de Arcozelo (Viseu)","CodigoFaculdade":4081,"PercentagemDesemprego":2.55,"TotalDiplomados":824.0,"TotalDesempregados":21.0},{"NomeFaculdade":"Escola Superior de Educação de Paula Frassinetti","CodigoFaculdade":4085,"PercentagemDesemprego":3.2,"TotalDiplomados":1250.0,"TotalDesempregados":40.0},{"NomeFaculdade":"Escola Superior de Enfermagem da Cruz Vermelha Portuguesa de Oliveira de Azeméis","CodigoFaculdade":4089,"PercentagemDesemprego":20.83,"TotalDiplomados":96.0,"TotalDesempregados":20.0},{"NomeFaculdade":"Escola Superior de Educação de Santa Maria","CodigoFaculdade":4090,"PercentagemDesemprego":1.03,"TotalDiplomados":97.0,"TotalDesempregados":1.0},{"NomeFaculdade":"Escola Superior de Saúde da Cruz Vermelha Portuguesa","CodigoFaculdade":4091,"PercentagemDesemprego":12.79,"TotalDiplomados":86.0,"TotalDesempregados":11.0},{"NomeFaculdade":"Escola Superior de Enfermagem da Imaculada Conceição","CodigoFaculdade":4092,"PercentagemDesemprego":1.67,"TotalDiplomados":300.0,"TotalDesempregados":5.0},{"NomeFaculdade":"Escola Superior de Enfermagem Dr. José Timóteo Montalvão Machado","CodigoFaculdade":4093,"PercentagemDesemprego":10.7,"TotalDiplomados":215.0,"TotalDesempregados":23.0},{"NomeFaculdade":"Escola Superior de Educação de Torres Novas","CodigoFaculdade":4095,"PercentagemDesemprego":0.82,"TotalDiplomados":122.0,"TotalDesempregados":1.0},{"NomeFaculdade":"Escola Superior de Enfermagem de Santa Maria","CodigoFaculdade":4097,"PercentagemDesemprego":5.81,"TotalDiplomados":344.0,"TotalDesempregados":20.0},{"NomeFaculdade":"Escola Superior de Saúde Jean Piaget de Nordeste","CodigoFaculdade":4099,"PercentagemDesemprego":9.55,"TotalDiplomados":1267.0,"TotalDesempregados":121.0},{"NomeFaculdade":"Escola Superior de Jornalismo","CodigoFaculdade":4100,"PercentagemDesemprego":2.24,"TotalDiplomados":1786.0,"TotalDesempregados":40.0},{"NomeFaculdade":"Escola Superior de Saúde Jean Piaget de Vila Nova de Gaia","CodigoFaculdade":4101,"PercentagemDesemprego":19.68,"TotalDiplomados":249.0,"TotalDesempregados":49.0},{"NomeFaculdade":"Escola Superior de Saúde Jean Piaget de Algarve","CodigoFaculdade":4102,"PercentagemDesemprego":7.03,"TotalDiplomados":128.0,"TotalDesempregados":9.0},{"NomeFaculdade":"Escola Superior de Saúde Jean Piaget de Viseu","CodigoFaculdade":4103,"PercentagemDesemprego":8.64,"TotalDiplomados":625.0,"TotalDesempregados":54.0},{"NomeFaculdade":"Escola Superior de Saúde Ribeiro Sanches","CodigoFaculdade":4104,"PercentagemDesemprego":9.09,"TotalDiplomados":209.0,"TotalDesempregados":19.0},{"NomeFaculdade":"Escola Superior de Saúde do Alcoitão","CodigoFaculdade":4105,"PercentagemDesemprego":1.09,"TotalDiplomados":1566.0,"TotalDesempregados":17.0},{"NomeFaculdade":"Escola Superior de Saúde Egas Moniz","CodigoFaculdade":4106,"PercentagemDesemprego":4.15,"TotalDiplomados":2605.0,"TotalDesempregados":108.0},{"NomeFaculdade":"CESPU-Instituto Politécnico de Saúde do Norte - Escola Superior de Saúde do Vale do Ave","CodigoFaculdade":4108,"PercentagemDesemprego":7.88,"TotalDiplomados":1535.0,"TotalDesempregados":121.0},{"NomeFaculdade":"CESPU-Instituto Politécnico de Saúde do Norte - Escola Superior de Saúde do Vale do Sousa","CodigoFaculdade":4109,"PercentagemDesemprego":4.81,"TotalDiplomados":2182.0,"TotalDesempregados":105.0},{"NomeFaculdade":"Escola Superior de Design","CodigoFaculdade":4111,"PercentagemDesemprego":1.79,"TotalDiplomados":56.0,"TotalDesempregados":1.0},{"NomeFaculdade":"Escola Superior de Tecnologias de Fafe","CodigoFaculdade":4115,"PercentagemDesemprego":15.61,"TotalDiplomados":173.0,"TotalDesempregados":27.0},{"NomeFaculdade":"Escola Universitária das Artes de Coimbra","CodigoFaculdade":4120,"PercentagemDesemprego":27.08,"TotalDiplomados":144.0,"TotalDesempregados":39.0},{"NomeFaculdade":"Escola Superior de Tecnologias e Artes de Lisboa","CodigoFaculdade":4125,"PercentagemDesemprego":2.78,"TotalDiplomados":720.0,"TotalDesempregados":20.0},{"NomeFaculdade":"Instituto de Estudos Superiores de Contabilidade","CodigoFaculdade":4127,"PercentagemDesemprego":1.25,"TotalDiplomados":962.0,"TotalDesempregados":12.0},{"NomeFaculdade":"Instituto de Estudos Superiores Financeiros e Fiscais (Lisboa)","CodigoFaculdade":4140,"PercentagemDesemprego":2.7,"TotalDiplomados":74.0,"TotalDesempregados":2.0},{"NomeFaculdade":"Instituto de Estudos Superiores Financeiros e Fiscais (Porto)","CodigoFaculdade":4141,"PercentagemDesemprego":3.9,"TotalDiplomados":333.0,"TotalDesempregados":13.0},{"NomeFaculdade":"Instituto Superior de Novas Profissões","CodigoFaculdade":4150,"PercentagemDesemprego":7.69,"TotalDiplomados":26.0,"TotalDesempregados":2.0},{"NomeFaculdade":"Instituto Português de Administração de Marketing do Porto","CodigoFaculdade":4155,"PercentagemDesemprego":3.16,"TotalDiplomados":3795.0,"TotalDesempregados":120.0},{"NomeFaculdade":"Instituto Português de Administração de Marketing de Lisboa","CodigoFaculdade":4156,"PercentagemDesemprego":2.1,"TotalDiplomados":4478.0,"TotalDesempregados":94.0},{"NomeFaculdade":"Instituto Português de Administração de Marketing de Aveiro","CodigoFaculdade":4157,"PercentagemDesemprego":4.32,"TotalDiplomados":1135.0,"TotalDesempregados":49.0},{"NomeFaculdade":"Instituto Português de Estudos Superiores","CodigoFaculdade":4159,"PercentagemDesemprego":3.95,"TotalDiplomados":253.0,"TotalDesempregados":10.0},{"NomeFaculdade":"Instituto Superior Autónomo de Estudos Politécnicos","CodigoFaculdade":4160,"PercentagemDesemprego":1.79,"TotalDiplomados":2127.0,"TotalDesempregados":38.0},{"NomeFaculdade":"Instituto Superior de Administração, Comunicação e Empresa","CodigoFaculdade":4170,"PercentagemDesemprego":10.77,"TotalDiplomados":65.0,"TotalDesempregados":7.0},{"NomeFaculdade":"Instituto Superior de Administração e Gestão","CodigoFaculdade":4200,"PercentagemDesemprego":3.31,"TotalDiplomados":2476.0,"TotalDesempregados":82.0},{"NomeFaculdade":"Instituto Superior de Administração e Línguas","CodigoFaculdade":4220,"PercentagemDesemprego":6.25,"TotalDiplomados":32.0,"TotalDesempregados":2.0},{"NomeFaculdade":"Instituto Superior de Assistentes e Intérpretes","CodigoFaculdade":4250,"PercentagemDesemprego":2.54,"TotalDiplomados":1814.0,"TotalDesempregados":46.0},{"NomeFaculdade":"Instituto Superior Bissaya Barreto","CodigoFaculdade":4255,"PercentagemDesemprego":6.9,"TotalDiplomados":29.0,"TotalDesempregados":2.0},{"NomeFaculdade":"Instituto Superior de Ciências Educativas","CodigoFaculdade":4270,"PercentagemDesemprego":2.43,"TotalDiplomados":1278.0,"TotalDesempregados":31.0},{"NomeFaculdade":"Instituto Superior de Ciências Educativas do Douro","CodigoFaculdade":4271,"PercentagemDesemprego":3.27,"TotalDiplomados":550.0,"TotalDesempregados":18.0},{"NomeFaculdade":"Instituto Superior de Ciências Educativas de Mangualde","CodigoFaculdade":4272,"PercentagemDesemprego":4.35,"TotalDiplomados":138.0,"TotalDesempregados":6.0},{"NomeFaculdade":"Instituto Superior de Ciências da Administração","CodigoFaculdade":4275,"PercentagemDesemprego":8.2,"TotalDiplomados":122.0,"TotalDesempregados":10.0},{"NomeFaculdade":"Instituto Superior de Ciências da Informação e da Administração","CodigoFaculdade":4277,"PercentagemDesemprego":5.25,"TotalDiplomados":305.0,"TotalDesempregados":16.0},{"NomeFaculdade":"Instituto Superior de Ciências Empresariais e do Turismo","CodigoFaculdade":4280,"PercentagemDesemprego":4.64,"TotalDiplomados":690.0,"TotalDesempregados":32.0},{"NomeFaculdade":"Instituto Superior de Entre Douro e Vouga","CodigoFaculdade":4283,"PercentagemDesemprego":5.21,"TotalDiplomados":480.0,"TotalDesempregados":25.0},{"NomeFaculdade":"Instituto Superior D. Afonso III","CodigoFaculdade":4290,"PercentagemDesemprego":9.68,"TotalDiplomados":31.0,"TotalDesempregados":3.0},{"NomeFaculdade":"Instituto Superior D. Dinis","CodigoFaculdade":4292,"PercentagemDesemprego":15.38,"TotalDiplomados":13.0,"TotalDesempregados":2.0},{"NomeFaculdade":"Instituto Superior de Comunicação Empresarial","CodigoFaculdade":4295,"PercentagemDesemprego":7.53,"TotalDiplomados":93.0,"TotalDesempregados":7.0},{"NomeFaculdade":"Instituto Superior de Educação e Ciências","CodigoFaculdade":4298,"PercentagemDesemprego":1.24,"TotalDiplomados":1366.0,"TotalDesempregados":17.0},{"NomeFaculdade":"Instituto Superior de Educação e Trabalho","CodigoFaculdade":4299,"PercentagemDesemprego":0.36,"TotalDiplomados":276.0,"TotalDesempregados":1.0},{"NomeFaculdade":"Instituto Superior de Gestão","CodigoFaculdade":4300,"PercentagemDesemprego":25.0,"TotalDiplomados":4.0,"TotalDesempregados":1.0},{"NomeFaculdade":"Instituto Superior de Gestão Bancária","CodigoFaculdade":4305,"PercentagemDesemprego":0.18,"TotalDiplomados":2266.0,"TotalDesempregados":4.0},{"NomeFaculdade":"Instituto Superior de Estudos Interculturais e Transdisciplinares de Almada","CodigoFaculdade":4306,"PercentagemDesemprego":2.74,"TotalDiplomados":219.0,"TotalDesempregados":6.0},{"NomeFaculdade":"Instituto Superior de Estudos Interculturais e Transdisciplinares de Viseu","CodigoFaculdade":4308,"PercentagemDesemprego":12.44,"TotalDiplomados":217.0,"TotalDesempregados":27.0},{"NomeFaculdade":"Escola Superior de Tecnologia e Gestão Jean Piaget do Litoral Alentejano","CodigoFaculdade":4309,"PercentagemDesemprego":21.43,"TotalDiplomados":14.0,"TotalDesempregados":3.0},{"NomeFaculdade":"Universidade Europeia","CodigoFaculdade":4350,"PercentagemDesemprego":51.72,"TotalDiplomados":29.0,"TotalDesempregados":15.0},{"NomeFaculdade":"Instituto Superior de Línguas e Administração de Vila Nova de Gaia","CodigoFaculdade":4353,"PercentagemDesemprego":15.0,"TotalDiplomados":60.0,"TotalDesempregados":9.0},{"NomeFaculdade":"Instituto Universitário da Maia - ISMAI","CodigoFaculdade":4358,"PercentagemDesemprego":5.19,"TotalDiplomados":3199.0,"TotalDesempregados":166.0},{"NomeFaculdade":"Instituto Superior Manuel Teixeira Gomes","CodigoFaculdade":4375,"PercentagemDesemprego":42.86,"TotalDiplomados":7.0,"TotalDesempregados":3.0},{"NomeFaculdade":"Instituto Superior de Paços de Brandão","CodigoFaculdade":4380,"PercentagemDesemprego":2.33,"TotalDiplomados":774.0,"TotalDesempregados":18.0},{"NomeFaculdade":"Instituto Superior Politécnico do Oeste","CodigoFaculdade":4385,"PercentagemDesemprego":30.77,"TotalDiplomados":13.0,"TotalDesempregados":4.0},{"NomeFaculdade":"Instituto Superior Politécnico Internacional","CodigoFaculdade":4425,"PercentagemDesemprego":1.76,"TotalDiplomados":1986.0,"TotalDesempregados":35.0},{"NomeFaculdade":"Instituto Superior Politécnico Gaya - Escola Superior de Desenvolvimento Social e Comunitário","CodigoFaculdade":4441,"PercentagemDesemprego":3.95,"TotalDiplomados":532.0,"TotalDesempregados":21.0},{"NomeFaculdade":"Instituto Superior Politécnico Gaya - Escola Superior de Ciência e Tecnologia","CodigoFaculdade":4442,"PercentagemDesemprego":1.85,"TotalDiplomados":1729.0,"TotalDesempregados":32.0},{"NomeFaculdade":"ISPA-Instituto Universitário de Ciências Psicológicas, Sociais e da Vida","CodigoFaculdade":4450,"PercentagemDesemprego":8.05,"TotalDiplomados":584.0,"TotalDesempregados":47.0},{"NomeFaculdade":"Instituto Superior de Saúde do Alto Ave","CodigoFaculdade":4460,"PercentagemDesemprego":17.85,"TotalDiplomados":577.0,"TotalDesempregados":103.0},{"NomeFaculdade":"Instituto Superior Miguel Torga","CodigoFaculdade":4500,"PercentagemDesemprego":11.21,"TotalDiplomados":107.0,"TotalDesempregados":12.0},{"NomeFaculdade":"Instituto Superior de Tecnologias Avançadas de Lisboa","CodigoFaculdade":4530,"PercentagemDesemprego":2.53,"TotalDiplomados":396.0,"TotalDesempregados":10.0},{"NomeFaculdade":"Instituto Superior de Tecnologias Avançadas de Lisboa (Porto)","CodigoFaculdade":4531,"PercentagemDesemprego":3.85,"TotalDiplomados":286.0,"TotalDesempregados":11.0},{"NomeFaculdade":"Universidade de Lisboa - Faculdade de Belas-Artes","CodigoFaculdade":5302,"PercentagemDesemprego":2.7,"TotalDiplomados":74.0,"TotalDesempregados":2.0},{"NomeFaculdade":"Universidade do Porto - Faculdade de Belas Artes","CodigoFaculdade":5402,"PercentagemDesemprego":3.45,"TotalDiplomados":29.0,"TotalDesempregados":1.0},{"NomeFaculdade":"ISCTE - Instituto Universitário de Lisboa","CodigoFaculdade":6800,"PercentagemDesemprego":3.63,"TotalDiplomados":827.0,"TotalDesempregados":30.0},{"NomeFaculdade":"Escola Superior de Enfermagem de Coimbra","CodigoFaculdade":7001,"PercentagemDesemprego":27.22,"TotalDiplomados":327.0,"TotalDesempregados":89.0},{"NomeFaculdade":"Universidade do Minho - Escola Superior de Enfermagem","CodigoFaculdade":7010,"PercentagemDesemprego":7.59,"TotalDiplomados":158.0,"TotalDesempregados":12.0},{"NomeFaculdade":"Instituto Politécnico de Bragança - Escola Superior de Saúde de Bragança","CodigoFaculdade":7015,"PercentagemDesemprego":27.38,"TotalDiplomados":84.0,"TotalDesempregados":23.0},{"NomeFaculdade":"Instituto Politécnico de Castelo Branco - Escola Superior de Saúde Dr. Lopes Dias","CodigoFaculdade":7020,"PercentagemDesemprego":8.92,"TotalDiplomados":493.0,"TotalDesempregados":44.0},{"NomeFaculdade":"Universidade do Algarve - Escola Superior de Saúde","CodigoFaculdade":7035,"PercentagemDesemprego":9.09,"TotalDiplomados":176.0,"TotalDesempregados":16.0},{"NomeFaculdade":"Instituto Politécnico de Leiria - Escola Superior de Saúde de Leiria","CodigoFaculdade":7045,"PercentagemDesemprego":4.41,"TotalDiplomados":227.0,"TotalDesempregados":10.0},{"NomeFaculdade":"Escola Superior de Enfermagem de Artur Ravara","CodigoFaculdade":7050,"PercentagemDesemprego":0.82,"TotalDiplomados":245.0,"TotalDesempregados":2.0},{"NomeFaculdade":"Escola Superior de Enfermagem de Calouste Gulbenkian de Lisboa","CodigoFaculdade":7053,"PercentagemDesemprego":1.02,"TotalDiplomados":295.0,"TotalDesempregados":3.0},{"NomeFaculdade":"Instituto Politécnico de Portalegre - Escola Superior de Saúde de Portalegre","CodigoFaculdade":7055,"PercentagemDesemprego":5.11,"TotalDiplomados":137.0,"TotalDesempregados":7.0},{"NomeFaculdade":"Escola Superior de Enfermagem de São João","CodigoFaculdade":7061,"PercentagemDesemprego":1.25,"TotalDiplomados":481.0,"TotalDesempregados":6.0},{"NomeFaculdade":"Escola Superior de Enfermagem de D. Ana Guedes","CodigoFaculdade":7062,"PercentagemDesemprego":0.56,"TotalDiplomados":180.0,"TotalDesempregados":1.0},{"NomeFaculdade":"Instituto Politécnico de Viana do Castelo - Escola Superior de Saúde de Viana do Castelo","CodigoFaculdade":7075,"PercentagemDesemprego":8.01,"TotalDiplomados":312.0,"TotalDesempregados":25.0},{"NomeFaculdade":"Universidade de Trás-os-Montes e Alto Douro - Escola Superior de Enfermagem de Vila Real","CodigoFaculdade":7080,"PercentagemDesemprego":14.43,"TotalDiplomados":291.0,"TotalDesempregados":42.0},{"NomeFaculdade":"Instituto Politécnico de Viseu - Escola Superior de Saúde de Viseu","CodigoFaculdade":7085,"PercentagemDesemprego":14.03,"TotalDiplomados":221.0,"TotalDesempregados":31.0},{"NomeFaculdade":"Escola Superior Náutica Infante D. Henrique","CodigoFaculdade":7105,"PercentagemDesemprego":2.51,"TotalDiplomados":756.0,"TotalDesempregados":19.0},{"NomeFaculdade":"Escola Superior de Hotelaria e Turismo do Estoril","CodigoFaculdade":7110,"PercentagemDesemprego":3.63,"TotalDiplomados":1708.0,"TotalDesempregados":62.0},{"NomeFaculdade":"Instituto Politécnico de Coimbra - Escola Superior de Tecnologia da Saúde de Coimbra","CodigoFaculdade":7210,"PercentagemDesemprego":2.84,"TotalDiplomados":3174.0,"TotalDesempregados":90.0},{"NomeFaculdade":"Instituto Politécnico de Lisboa - Escola Superior de Tecnologia da Saúde de Lisboa","CodigoFaculdade":7220,"PercentagemDesemprego":1.67,"TotalDiplomados":5388.0,"TotalDesempregados":90.0},{"NomeFaculdade":"Instituto Politécnico do Porto - Escola Superior de Tecnologia da Saúde do Porto","CodigoFaculdade":7230,"PercentagemDesemprego":3.09,"TotalDiplomados":3468.0,"TotalDesempregados":107.0}]}