{"data":[{"NomeFaculdade":"Academia Militar","CodigoFaculdade":15020,"PercentagemDesemprego":6.25,"TotalDiplomados":16,"TotalDesempregados":1},{"NomeFaculdade":"Academia Nacional Superior de Orquestra","CodigoFaculdade":4002,"PercentagemDesemprego":1.1363636363636365,"TotalDiplomados":88,"TotalDesempregados":1},{"NomeFaculdade":"CESPU-Instituto Politécnico de Saúde do Norte - Escola Superior de Saúde do Vale do Ave","CodigoFaculdade":36972,"PercentagemDesemprego":13.911472448057815,"TotalDiplomados":1107,"TotalDesempregados":154},{"NomeFaculdade":"CESPU-Instituto Politécnico de Saúde do Norte - Escola Superior de Saúde do Vale do Sousa","CodigoFaculdade":36981,"PercentagemDesemprego":4.272266473569877,"TotalDiplomados":1381,"TotalDesempregados":59},{"NomeFaculdade":"COCITE - Coop. de Técn. Avançadas de Gestão e Informática (Setúbal)","CodigoFaculdade":4052,"PercentagemDesemprego":-1.0,"TotalDiplomados":0,"TotalDesempregados":0},{"NomeFaculdade":"Conservatório Superior de Música de Gaia","CodigoFaculdade":4005,"PercentagemDesemprego":4.444444444444445,"TotalDiplomados":45,"TotalDesempregados":2},{"NomeFaculdade":"DINENSINO-Ensino, Desenvolvimento e Cooperação, CRL (Beja)","CodigoFaculdade":8066,"PercentagemDesemprego":1.408450704225352,"TotalDiplomados":71,"TotalDesempregados":1},{"NomeFaculdade":"DINENSINO-Ensino, Desenvolvimento e Cooperação, CRL (Setúbal)","CodigoFaculdade":12093,"PercentagemDesemprego":5.555555555555555,"TotalDiplomados":126,"TotalDesempregados":7},{"NomeFaculdade":"Escola Superior Artística de Guimarães","CodigoFaculdade":12033,"PercentagemDesemprego":31.506849315068493,"TotalDiplomados":73,"TotalDesempregados":23},{"NomeFaculdade":"Escola Superior Artística do Porto","CodigoFaculdade":44110,"PercentagemDesemprego":11.73076923076923,"TotalDiplomados":520,"TotalDesempregados":61},{"NomeFaculdade":"Escola Superior de Actividades Imobiliárias","CodigoFaculdade":4020,"PercentagemDesemprego":4.291845493562231,"TotalDiplomados":233,"TotalDesempregados":10},{"NomeFaculdade":"Escola Superior de Artes Decorativas","CodigoFaculdade":28476,"PercentagemDesemprego":8.767123287671232,"TotalDiplomados":365,"TotalDesempregados":32},{"NomeFaculdade":"Escola Superior de Artes e Design","CodigoFaculdade":24414,"PercentagemDesemprego":15.726000964785335,"TotalDiplomados":2073,"TotalDesempregados":326},{"NomeFaculdade":"Escola Superior de Conservação e Restauro","CodigoFaculdade":7610,"PercentagemDesemprego":-1.0,"TotalDiplomados":0,"TotalDesempregados":0},{"NomeFaculdade":"Escola Superior de Design","CodigoFaculdade":16444,"PercentagemDesemprego":2.511627906976744,"TotalDiplomados":1075,"TotalDesempregados":27},{"NomeFaculdade":"Escola Superior de Educadores de Infância Maria Ulrich","CodigoFaculdade":16260,"PercentagemDesemprego":5.133689839572193,"TotalDiplomados":935,"TotalDesempregados":48},{"NomeFaculdade":"Escola Superior de Educação Almeida Garrett","CodigoFaculdade":24444,"PercentagemDesemprego":3.257328990228013,"TotalDiplomados":614,"TotalDesempregados":20},{"NomeFaculdade":"Escola Superior de Educação de Fafe","CodigoFaculdade":52988,"PercentagemDesemprego":7.042253521126761,"TotalDiplomados":1278,"TotalDesempregados":90},{"NomeFaculdade":"Escola Superior de Educação de João de Deus","CodigoFaculdade":28560,"PercentagemDesemprego":4.639175257731959,"TotalDiplomados":388,"TotalDesempregados":18},{"NomeFaculdade":"Escola Superior de Educação de Paula Frassinetti","CodigoFaculdade":36765,"PercentagemDesemprego":11.2094395280236,"TotalDiplomados":1017,"TotalDesempregados":114},{"NomeFaculdade":"Escola Superior de Educação de Santa Maria","CodigoFaculdade":8180,"PercentagemDesemprego":-1.0,"TotalDiplomados":0,"TotalDesempregados":0},{"NomeFaculdade":"Escola Superior de Educação de Torres Novas","CodigoFaculdade":12285,"PercentagemDesemprego":9.411764705882353,"TotalDiplomados":255,"TotalDesempregados":24},{"NomeFaculdade":"Escola Superior de Educação Jean Piaget de Almada","CodigoFaculdade":77463,"PercentagemDesemprego":6.583850931677019,"TotalDiplomados":805,"TotalDesempregados":53},{"NomeFaculdade":"Escola Superior de Educação Jean Piaget de Arcozelo","CodigoFaculdade":61170,"PercentagemDesemprego":7.75,"TotalDiplomados":800,"TotalDesempregados":62},{"NomeFaculdade":"Escola Superior de Educação Jean Piaget de Arcozelo (Viseu)","CodigoFaculdade":28567,"PercentagemDesemprego":6.774193548387097,"TotalDiplomados":310,"TotalDesempregados":21},{"NomeFaculdade":"Escola Superior de Educação Jean Piaget de Nordeste","CodigoFaculdade":28553,"PercentagemDesemprego":3.3950617283950617,"TotalDiplomados":324,"TotalDesempregados":11},{"NomeFaculdade":"Escola Superior de Enfermagem da Cruz Vermelha Portuguesa de Oliveira de Azeméis","CodigoFaculdade":4089,"PercentagemDesemprego":1.5228426395939085,"TotalDiplomados":197,"TotalDesempregados":3},{"NomeFaculdade":"Escola Superior de Enfermagem da Imaculada Conceição","CodigoFaculdade":4092,"PercentagemDesemprego":-1.0,"TotalDiplomados":0,"TotalDesempregados":0},{"NomeFaculdade":"Escola Superior de Enfermagem de Calouste Gulbenkian de Lisboa","CodigoFaculdade":7053,"PercentagemDesemprego":-1.0,"TotalDiplomados":0,"TotalDesempregados":0},{"NomeFaculdade":"Escola Superior de Enfermagem de Coimbra","CodigoFaculdade":14002,"PercentagemDesemprego":5.176093916755603,"TotalDiplomados":1874,"TotalDesempregados":97},{"NomeFaculdade":"Escola Superior de Enfermagem de D. Ana Guedes","CodigoFaculdade":7062,"PercentagemDesemprego":0.0,"TotalDiplomados":111,"TotalDesempregados":0},{"NomeFaculdade":"Escola Superior de Enfermagem de Lisboa","CodigoFaculdade":7002,"PercentagemDesemprego":1.5699658703071673,"TotalDiplomados":1465,"TotalDesempregados":23},{"NomeFaculdade":"Escola Superior de Enfermagem de Santa Maria","CodigoFaculdade":8194,"PercentagemDesemprego":8.454810495626822,"TotalDiplomados":343,"TotalDesempregados":29},{"NomeFaculdade":"Escola Superior de Enfermagem Dr. José Timóteo Montalvão Machado","CodigoFaculdade":4093,"PercentagemDesemprego":3.488372093023256,"TotalDiplomados":172,"TotalDesempregados":6},{"NomeFaculdade":"Escola Superior de Enfermagem S. Francisco das Misericórdias","CodigoFaculdade":4096,"PercentagemDesemprego":0.6993006993006993,"TotalDiplomados":143,"TotalDesempregados":1},{"NomeFaculdade":"Escola Superior de Hotelaria e Turismo do Estoril","CodigoFaculdade":78210,"PercentagemDesemprego":5.3538461538461535,"TotalDiplomados":1625,"TotalDesempregados":87},{"NomeFaculdade":"Escola Superior de Jornalismo","CodigoFaculdade":12300,"PercentagemDesemprego":0.0,"TotalDiplomados":9,"TotalDesempregados":0},{"NomeFaculdade":"Escola Superior de Marketing e Publicidade","CodigoFaculdade":12336,"PercentagemDesemprego":2.727272727272727,"TotalDiplomados":440,"TotalDesempregados":12},{"NomeFaculdade":"Escola Superior de Saúde da Cruz Vermelha Portuguesa","CodigoFaculdade":12273,"PercentagemDesemprego":7.640449438202247,"TotalDiplomados":445,"TotalDesempregados":34},{"NomeFaculdade":"Escola Superior de Saúde do Alcoitão","CodigoFaculdade":16420,"PercentagemDesemprego":6.7765567765567765,"TotalDiplomados":546,"TotalDesempregados":37},{"NomeFaculdade":"Escola Superior de Saúde Egas Moniz","CodigoFaculdade":53378,"PercentagemDesemprego":3.640040444893832,"TotalDiplomados":1978,"TotalDesempregados":72},{"NomeFaculdade":"Escola Superior de Saúde Jean Piaget de Algarve","CodigoFaculdade":12306,"PercentagemDesemprego":3.081232492997199,"TotalDiplomados":357,"TotalDesempregados":11},{"NomeFaculdade":"Escola Superior de Saúde Jean Piaget de Nordeste","CodigoFaculdade":24594,"PercentagemDesemprego":5.308464849354376,"TotalDiplomados":697,"TotalDesempregados":37},{"NomeFaculdade":"Escola Superior de Saúde Jean Piaget de Vila Nova de Gaia","CodigoFaculdade":24606,"PercentagemDesemprego":5.677655677655678,"TotalDiplomados":1092,"TotalDesempregados":62},{"NomeFaculdade":"Escola Superior de Saúde Jean Piaget de Viseu","CodigoFaculdade":8206,"PercentagemDesemprego":4.012345679012346,"TotalDiplomados":324,"TotalDesempregados":13},{"NomeFaculdade":"Escola Superior de Saúde Ribeiro Sanches","CodigoFaculdade":16416,"PercentagemDesemprego":2.1937842778793417,"TotalDiplomados":547,"TotalDesempregados":12},{"NomeFaculdade":"Escola Superior de Tecnologia e Gestão Jean Piaget do Litoral Alentejano","CodigoFaculdade":17236,"PercentagemDesemprego":14.285714285714286,"TotalDiplomados":112,"TotalDesempregados":16},{"NomeFaculdade":"Escola Superior de Tecnologias de Fafe","CodigoFaculdade":20575,"PercentagemDesemprego":10.231023102310232,"TotalDiplomados":303,"TotalDesempregados":31},{"NomeFaculdade":"Escola Superior de Tecnologias e Artes de Lisboa","CodigoFaculdade":20625,"PercentagemDesemprego":1.0,"TotalDiplomados":200,"TotalDesempregados":2},{"NomeFaculdade":"Escola Superior Gallaecia","CodigoFaculdade":4025,"PercentagemDesemprego":6.451612903225806,"TotalDiplomados":31,"TotalDesempregados":2},{"NomeFaculdade":"Escola Superior Náutica Infante D. Henrique","CodigoFaculdade":85260,"PercentagemDesemprego":3.3216783216783217,"TotalDiplomados":572,"TotalDesempregados":19},{"NomeFaculdade":"Escola Universitária das Artes de Coimbra","CodigoFaculdade":32960,"PercentagemDesemprego":10.748560460652591,"TotalDiplomados":521,"TotalDesempregados":56},{"NomeFaculdade":"Escola Universitária Vasco da Gama","CodigoFaculdade":12378,"PercentagemDesemprego":8.771929824561404,"TotalDiplomados":57,"TotalDesempregados":5},{"NomeFaculdade":"Instituto de Arte, Design e Empresa - Universitário","CodigoFaculdade":13680,"PercentagemDesemprego":20.220588235294116,"TotalDiplomados":272,"TotalDesempregados":55},{"NomeFaculdade":"Instituto de Estudos Superiores de Contabilidade","CodigoFaculdade":8254,"PercentagemDesemprego":0.7575757575757576,"TotalDiplomados":132,"TotalDesempregados":1},{"NomeFaculdade":"Instituto de Estudos Superiores Financeiros e Fiscais (Lisboa)","CodigoFaculdade":8280,"PercentagemDesemprego":-1.0,"TotalDiplomados":0,"TotalDesempregados":0},{"NomeFaculdade":"Instituto de Estudos Superiores Financeiros e Fiscais (Porto)","CodigoFaculdade":24846,"PercentagemDesemprego":7.913669064748201,"TotalDiplomados":139,"TotalDesempregados":11},{"NomeFaculdade":"Instituto Erasmus de Ensino Superior","CodigoFaculdade":4130,"PercentagemDesemprego":-1.0,"TotalDiplomados":0,"TotalDesempregados":0},{"NomeFaculdade":"Instituto Militar dos Pupilos do Exército-Secção de Ens. Superior","CodigoFaculdade":22860,"PercentagemDesemprego":0.0,"TotalDiplomados":24,"TotalDesempregados":0},{"NomeFaculdade":"Instituto Politécnico da Guarda - Escola Superior de Educação, Comunicação e Desporto","CodigoFaculdade":49456,"PercentagemDesemprego":8.491228070175438,"TotalDiplomados":1425,"TotalDesempregados":121},{"NomeFaculdade":"Instituto Politécnico da Guarda - Escola Superior de Saúde da Guarda","CodigoFaculdade":7040,"PercentagemDesemprego":9.523809523809524,"TotalDiplomados":189,"TotalDesempregados":18},{"NomeFaculdade":"Instituto Politécnico da Guarda - Escola Superior de Tecnologia e Gestão","CodigoFaculdade":74208,"PercentagemDesemprego":6.652806652806653,"TotalDiplomados":1443,"TotalDesempregados":96},{"NomeFaculdade":"Instituto Politécnico da Guarda - Escola Superior de Tecnologia e Gestão da Guarda (Seia)","CodigoFaculdade":3094,"PercentagemDesemprego":-1.0,"TotalDiplomados":0,"TotalDesempregados":0},{"NomeFaculdade":"Instituto Politécnico da Guarda - Escola Superior de Turismo e Hotelaria","CodigoFaculdade":6190,"PercentagemDesemprego":11.11111111111111,"TotalDiplomados":225,"TotalDesempregados":25},{"NomeFaculdade":"Instituto Politécnico de Beja - Escola Superior Agrária","CodigoFaculdade":42294,"PercentagemDesemprego":7.76978417266187,"TotalDiplomados":695,"TotalDesempregados":54},{"NomeFaculdade":"Instituto Politécnico de Beja - Escola Superior de Educação","CodigoFaculdade":48352,"PercentagemDesemprego":10.732984293193716,"TotalDiplomados":764,"TotalDesempregados":82},{"NomeFaculdade":"Instituto Politécnico de Beja - Escola Superior de Saúde","CodigoFaculdade":14010,"PercentagemDesemprego":37.66233766233766,"TotalDiplomados":77,"TotalDesempregados":29},{"NomeFaculdade":"Instituto Politécnico de Beja - Escola Superior de Tecnologia e de Gestão","CodigoFaculdade":39299,"PercentagemDesemprego":9.386281588447654,"TotalDiplomados":554,"TotalDesempregados":52},{"NomeFaculdade":"Instituto Politécnico de Bragança - Escola Superior Agrária de Bragança","CodigoFaculdade":54738,"PercentagemDesemprego":10.804851157662624,"TotalDiplomados":907,"TotalDesempregados":98},{"NomeFaculdade":"Instituto Politécnico de Bragança - Escola Superior de Comunicação, Administração e Turismo de Mirandela","CodigoFaculdade":24360,"PercentagemDesemprego":13.497652582159624,"TotalDiplomados":852,"TotalDesempregados":115},{"NomeFaculdade":"Instituto Politécnico de Bragança - Escola Superior de Educação de Bragança","CodigoFaculdade":54756,"PercentagemDesemprego":15.776986951364176,"TotalDiplomados":1686,"TotalDesempregados":266},{"NomeFaculdade":"Instituto Politécnico de Bragança - Escola Superior de Saúde de Bragança","CodigoFaculdade":35075,"PercentagemDesemprego":16.21212121212121,"TotalDiplomados":660,"TotalDesempregados":107},{"NomeFaculdade":"Instituto Politécnico de Bragança - Escola Superior de Tecnologia e de Gestão de Bragança","CodigoFaculdade":76075,"PercentagemDesemprego":7.536764705882353,"TotalDiplomados":1632,"TotalDesempregados":123},{"NomeFaculdade":"Instituto Politécnico de Castelo Branco - Escola Superior Agrária de Castelo Branco","CodigoFaculdade":42714,"PercentagemDesemprego":7.4034334763948495,"TotalDiplomados":932,"TotalDesempregados":69},{"NomeFaculdade":"Instituto Politécnico de Castelo Branco - Escola Superior de Artes Aplicadas de Castelo Branco","CodigoFaculdade":21385,"PercentagemDesemprego":9.681697612732096,"TotalDiplomados":754,"TotalDesempregados":73},{"NomeFaculdade":"Instituto Politécnico de Castelo Branco - Escola Superior de Educação de Castelo Branco","CodigoFaculdade":42728,"PercentagemDesemprego":8.52359208523592,"TotalDiplomados":1314,"TotalDesempregados":112},{"NomeFaculdade":"Instituto Politécnico de Castelo Branco - Escola Superior de Gestão de Idanha-a-Nova","CodigoFaculdade":21378,"PercentagemDesemprego":8.263069139966273,"TotalDiplomados":593,"TotalDesempregados":49},{"NomeFaculdade":"Instituto Politécnico de Castelo Branco - Escola Superior de Saúde Dr. Lopes Dias","CodigoFaculdade":35100,"PercentagemDesemprego":4.422253922967189,"TotalDiplomados":701,"TotalDesempregados":31},{"NomeFaculdade":"Instituto Politécnico de Castelo Branco - Escola Superior de Tecnologia de Castelo Branco","CodigoFaculdade":42742,"PercentagemDesemprego":5.704407951598963,"TotalDiplomados":1157,"TotalDesempregados":66},{"NomeFaculdade":"Instituto Politécnico de Coimbra - Escola Superior Agrária de Coimbra","CodigoFaculdade":42854,"PercentagemDesemprego":6.243496357960458,"TotalDiplomados":1922,"TotalDesempregados":120},{"NomeFaculdade":"Instituto Politécnico de Coimbra - Escola Superior de Educação de Coimbra","CodigoFaculdade":88798,"PercentagemDesemprego":9.178947368421053,"TotalDiplomados":2375,"TotalDesempregados":218},{"NomeFaculdade":"Instituto Politécnico de Coimbra - Escola Superior de Tecnologia da Saúde de Coimbra","CodigoFaculdade":86520,"PercentagemDesemprego":6.63544106167057,"TotalDiplomados":1281,"TotalDesempregados":85},{"NomeFaculdade":"Instituto Politécnico de Coimbra - Escola Superior de Tecnologia e Gestão de Oliveira do Hospital","CodigoFaculdade":6130,"PercentagemDesemprego":21.568627450980394,"TotalDiplomados":102,"TotalDesempregados":22},{"NomeFaculdade":"Instituto Politécnico de Coimbra - Instituto Superior de Contabilidade e Administração de Coimbra","CodigoFaculdade":30630,"PercentagemDesemprego":8.079470198675496,"TotalDiplomados":1510,"TotalDesempregados":122},{"NomeFaculdade":"Instituto Politécnico de Coimbra - Instituto Superior de Engenharia de Coimbra","CodigoFaculdade":61280,"PercentagemDesemprego":5.637254901960785,"TotalDiplomados":2856,"TotalDesempregados":161},{"NomeFaculdade":"Instituto Politécnico de Leiria - Escola Superior de Artes e Design das Caldas da Rainha","CodigoFaculdade":46545,"PercentagemDesemprego":11.071268489466608,"TotalDiplomados":2231,"TotalDesempregados":247},{"NomeFaculdade":"Instituto Politécnico de Leiria - Escola Superior de Educação de Leiria (Caldas da Rainha)","CodigoFaculdade":6208,"PercentagemDesemprego":0.0,"TotalDiplomados":2,"TotalDesempregados":0},{"NomeFaculdade":"Instituto Politécnico de Leiria - Escola Superior de Educação e Ciências Sociais","CodigoFaculdade":55818,"PercentagemDesemprego":9.012875536480687,"TotalDiplomados":1864,"TotalDesempregados":168},{"NomeFaculdade":"Instituto Politécnico de Leiria - Escola Superior de Saúde de Leiria","CodigoFaculdade":28180,"PercentagemDesemprego":16.455696202531644,"TotalDiplomados":316,"TotalDesempregados":52},{"NomeFaculdade":"Instituto Politécnico de Leiria - Escola Superior de Tecnologia e Gestão","CodigoFaculdade":114774,"PercentagemDesemprego":6.429990069513406,"TotalDiplomados":4028,"TotalDesempregados":259},{"NomeFaculdade":"Instituto Politécnico de Leiria - Escola Superior de Turismo e Tecnologia do Mar de Peniche","CodigoFaculdade":31050,"PercentagemDesemprego":12.013348164627363,"TotalDiplomados":899,"TotalDesempregados":108},{"NomeFaculdade":"Instituto Politécnico de Lisboa - Escola Superior de Comunicação Social","CodigoFaculdade":40469,"PercentagemDesemprego":6.110381077529566,"TotalDiplomados":1522,"TotalDesempregados":93},{"NomeFaculdade":"Instituto Politécnico de Lisboa - Escola Superior de Dança","CodigoFaculdade":9333,"PercentagemDesemprego":4.651162790697675,"TotalDiplomados":43,"TotalDesempregados":2},{"NomeFaculdade":"Instituto Politécnico de Lisboa - Escola Superior de Educação de Lisboa","CodigoFaculdade":31120,"PercentagemDesemprego":6.267281105990784,"TotalDiplomados":1085,"TotalDesempregados":68},{"NomeFaculdade":"Instituto Politécnico de Lisboa - Escola Superior de Música","CodigoFaculdade":18684,"PercentagemDesemprego":3.6496350364963503,"TotalDiplomados":137,"TotalDesempregados":5},{"NomeFaculdade":"Instituto Politécnico de Lisboa - Escola Superior de Teatro e Cinema","CodigoFaculdade":40508,"PercentagemDesemprego":4.761904761904762,"TotalDiplomados":777,"TotalDesempregados":37},{"NomeFaculdade":"Instituto Politécnico de Lisboa - Escola Superior de Tecnologia da Saúde de Lisboa","CodigoFaculdade":129960,"PercentagemDesemprego":4.068996019460416,"TotalDiplomados":2261,"TotalDesempregados":92},{"NomeFaculdade":"Instituto Politécnico de Lisboa - Instituto Superior de Contabilidade e Administração de Lisboa","CodigoFaculdade":34287,"PercentagemDesemprego":4.9276672694394215,"TotalDiplomados":2212,"TotalDesempregados":109},{"NomeFaculdade":"Instituto Politécnico de Lisboa - Instituto Superior de Engenharia de Lisboa","CodigoFaculdade":77950,"PercentagemDesemprego":5.163727959697733,"TotalDiplomados":4764,"TotalDesempregados":246},{"NomeFaculdade":"Instituto Politécnico de Portalegre - Escola Superior Agrária de Elvas","CodigoFaculdade":15615,"PercentagemDesemprego":8.732394366197184,"TotalDiplomados":355,"TotalDesempregados":31},{"NomeFaculdade":"Instituto Politécnico de Portalegre - Escola Superior de Educação  e Ciências Sociais","CodigoFaculdade":56178,"PercentagemDesemprego":6.867845993756504,"TotalDiplomados":961,"TotalDesempregados":66},{"NomeFaculdade":"Instituto Politécnico de Portalegre - Escola Superior de Saúde de Portalegre","CodigoFaculdade":14110,"PercentagemDesemprego":6.944444444444445,"TotalDiplomados":144,"TotalDesempregados":10},{"NomeFaculdade":"Instituto Politécnico de Portalegre - Escola Superior de Tecnologia e Gestão","CodigoFaculdade":84294,"PercentagemDesemprego":7.496012759170654,"TotalDiplomados":1881,"TotalDesempregados":141},{"NomeFaculdade":"Instituto Politécnico de Santarém - Escola Superior Agrária de Santarém","CodigoFaculdade":50256,"PercentagemDesemprego":4.317958783120707,"TotalDiplomados":1019,"TotalDesempregados":44},{"NomeFaculdade":"Instituto Politécnico de Santarém - Escola Superior de Desporto de Rio Maior","CodigoFaculdade":28305,"PercentagemDesemprego":5.8291457286432165,"TotalDiplomados":995,"TotalDesempregados":58},{"NomeFaculdade":"Instituto Politécnico de Santarém - Escola Superior de Educação de Santarém","CodigoFaculdade":37704,"PercentagemDesemprego":13.012048192771084,"TotalDiplomados":830,"TotalDesempregados":108},{"NomeFaculdade":"Instituto Politécnico de Santarém - Escola Superior de Gestão e Tecnologia de Santarém","CodigoFaculdade":25144,"PercentagemDesemprego":8.839779005524862,"TotalDiplomados":543,"TotalDesempregados":48},{"NomeFaculdade":"Instituto Politécnico de Setúbal - Escola Superior de Ciências Empresariais","CodigoFaculdade":37836,"PercentagemDesemprego":6.194274988268418,"TotalDiplomados":2131,"TotalDesempregados":132},{"NomeFaculdade":"Instituto Politécnico de Setúbal - Escola Superior de Educação","CodigoFaculdade":44114,"PercentagemDesemprego":7.479224376731302,"TotalDiplomados":1083,"TotalDesempregados":81},{"NomeFaculdade":"Instituto Politécnico de Setúbal - Escola Superior de Saúde","CodigoFaculdade":6310,"PercentagemDesemprego":3.4334763948497855,"TotalDiplomados":466,"TotalDesempregados":16},{"NomeFaculdade":"Instituto Politécnico de Setúbal - Escola Superior de Tecnologia de Setúbal","CodigoFaculdade":50432,"PercentagemDesemprego":5.376344086021505,"TotalDiplomados":1302,"TotalDesempregados":70},{"NomeFaculdade":"Instituto Politécnico de Setúbal - Escola Superior de Tecnologia do Barreiro","CodigoFaculdade":15770,"PercentagemDesemprego":11.854103343465045,"TotalDiplomados":329,"TotalDesempregados":39},{"NomeFaculdade":"Instituto Politécnico de Tomar - Escola Superior de Gestão de Tomar","CodigoFaculdade":32410,"PercentagemDesemprego":6.779661016949152,"TotalDiplomados":1062,"TotalDesempregados":72},{"NomeFaculdade":"Instituto Politécnico de Tomar - Escola Superior de Tecnologia de Abrantes","CodigoFaculdade":12972,"PercentagemDesemprego":15.143603133159269,"TotalDiplomados":383,"TotalDesempregados":58},{"NomeFaculdade":"Instituto Politécnico de Tomar - Escola Superior de Tecnologia de Tomar","CodigoFaculdade":77808,"PercentagemDesemprego":6.720430107526882,"TotalDiplomados":1860,"TotalDesempregados":125},{"NomeFaculdade":"Instituto Politécnico de Viana do Castelo - Escola Superior Agrária","CodigoFaculdade":22127,"PercentagemDesemprego":10.465116279069768,"TotalDiplomados":344,"TotalDesempregados":36},{"NomeFaculdade":"Instituto Politécnico de Viana do Castelo - Escola Superior de Ciências Empresariais","CodigoFaculdade":12656,"PercentagemDesemprego":12.138728323699421,"TotalDiplomados":173,"TotalDesempregados":21},{"NomeFaculdade":"Instituto Politécnico de Viana do Castelo - Escola Superior de Educação","CodigoFaculdade":34782,"PercentagemDesemprego":12.793733681462141,"TotalDiplomados":383,"TotalDesempregados":49},{"NomeFaculdade":"Instituto Politécnico de Viana do Castelo - Escola Superior de Saúde de Viana do Castelo","CodigoFaculdade":14150,"PercentagemDesemprego":1.1583011583011582,"TotalDiplomados":259,"TotalDesempregados":3},{"NomeFaculdade":"Instituto Politécnico de Viana do Castelo - Escola Superior de Tecnologia e Gestão","CodigoFaculdade":79075,"PercentagemDesemprego":10.79664570230608,"TotalDiplomados":1908,"TotalDesempregados":206},{"NomeFaculdade":"Instituto Politécnico de Viseu - Escola Superior Agrária de Viseu","CodigoFaculdade":38220,"PercentagemDesemprego":6.963788300835654,"TotalDiplomados":359,"TotalDesempregados":25},{"NomeFaculdade":"Instituto Politécnico de Viseu - Escola Superior de Educação de Viseu","CodigoFaculdade":60439,"PercentagemDesemprego":13.272410791993037,"TotalDiplomados":2298,"TotalDesempregados":305},{"NomeFaculdade":"Instituto Politécnico de Viseu - Escola Superior de Educação de Viseu (Lamego)","CodigoFaculdade":9549,"PercentagemDesemprego":0.8403361344537815,"TotalDiplomados":238,"TotalDesempregados":2},{"NomeFaculdade":"Instituto Politécnico de Viseu - Escola Superior de Saúde de Viseu","CodigoFaculdade":7085,"PercentagemDesemprego":11.538461538461538,"TotalDiplomados":390,"TotalDesempregados":45},{"NomeFaculdade":"Instituto Politécnico de Viseu - Escola Superior de Tecnologia e Gestão de Lamego","CodigoFaculdade":15930,"PercentagemDesemprego":11.405295315682281,"TotalDiplomados":491,"TotalDesempregados":56},{"NomeFaculdade":"Instituto Politécnico de Viseu - Escola Superior de Tecnologia e Gestão de Viseu","CodigoFaculdade":89096,"PercentagemDesemprego":7.845479888490641,"TotalDiplomados":2511,"TotalDesempregados":197},{"NomeFaculdade":"Instituto Politécnico do Cávado e do Ave - Escola Superior de Gestão","CodigoFaculdade":33341,"PercentagemDesemprego":19.721577726218097,"TotalDiplomados":862,"TotalDesempregados":170},{"NomeFaculdade":"Instituto Politécnico do Cávado e do Ave - Escola Superior de Tecnologia","CodigoFaculdade":18192,"PercentagemDesemprego":17.067833698030636,"TotalDiplomados":457,"TotalDesempregados":78},{"NomeFaculdade":"Instituto Politécnico do Porto","CodigoFaculdade":9390,"PercentagemDesemprego":3.7037037037037037,"TotalDiplomados":54,"TotalDesempregados":2},{"NomeFaculdade":"Instituto Politécnico do Porto - Escola Superior de Educação","CodigoFaculdade":68882,"PercentagemDesemprego":13.085764809902741,"TotalDiplomados":2262,"TotalDesempregados":296},{"NomeFaculdade":"Instituto Politécnico do Porto - Escola Superior de Estudos Industriais e de Gestão","CodigoFaculdade":31330,"PercentagemDesemprego":9.15977961432507,"TotalDiplomados":1452,"TotalDesempregados":133},{"NomeFaculdade":"Instituto Politécnico do Porto - Escola Superior de Estudos Industriais e de Gestão (Póvoa do Varzim)","CodigoFaculdade":6274,"PercentagemDesemprego":-1.0,"TotalDiplomados":0,"TotalDesempregados":0},{"NomeFaculdade":"Instituto Politécnico do Porto - Escola Superior de Estudos Industriais e de Gestão (Vila do Conde)","CodigoFaculdade":9408,"PercentagemDesemprego":-1.0,"TotalDiplomados":0,"TotalDesempregados":0},{"NomeFaculdade":"Instituto Politécnico do Porto - Escola Superior de Música e das Artes do Espectáculo","CodigoFaculdade":50112,"PercentagemDesemprego":5.520702634880803,"TotalDiplomados":797,"TotalDesempregados":44},{"NomeFaculdade":"Instituto Politécnico do Porto - Escola Superior de Tecnologia da Saúde do Porto","CodigoFaculdade":137370,"PercentagemDesemprego":9.822263797942002,"TotalDiplomados":2138,"TotalDesempregados":210},{"NomeFaculdade":"Instituto Politécnico do Porto - Escola Superior de Tecnologia e Gestão de Felgueiras","CodigoFaculdade":12552,"PercentagemDesemprego":15.686274509803921,"TotalDiplomados":306,"TotalDesempregados":48},{"NomeFaculdade":"Instituto Politécnico do Porto - Instituto Superior de Contabilidade e Administração do Porto","CodigoFaculdade":72082,"PercentagemDesemprego":7.786526684164479,"TotalDiplomados":3429,"TotalDesempregados":267},{"NomeFaculdade":"Instituto Politécnico do Porto - Instituto Superior de Engenharia do Porto","CodigoFaculdade":128535,"PercentagemDesemprego":7.614303504714464,"TotalDiplomados":5621,"TotalDesempregados":428},{"NomeFaculdade":"Instituto Português de Administração de Marketing de Aveiro","CodigoFaculdade":16628,"PercentagemDesemprego":6.607142857142857,"TotalDiplomados":560,"TotalDesempregados":37},{"NomeFaculdade":"Instituto Português de Administração de Marketing de Lisboa","CodigoFaculdade":20780,"PercentagemDesemprego":5.792276964047936,"TotalDiplomados":1502,"TotalDesempregados":87},{"NomeFaculdade":"Instituto Português de Administração de Marketing do Porto","CodigoFaculdade":16620,"PercentagemDesemprego":7.844474761255116,"TotalDiplomados":1466,"TotalDesempregados":115},{"NomeFaculdade":"Instituto Português de Estudos Superiores","CodigoFaculdade":4159,"PercentagemDesemprego":-1.0,"TotalDiplomados":0,"TotalDesempregados":0},{"NomeFaculdade":"Instituto Superior Autónomo de Estudos Politécnicos","CodigoFaculdade":37440,"PercentagemDesemprego":4.664723032069971,"TotalDiplomados":343,"TotalDesempregados":16},{"NomeFaculdade":"Instituto Superior Bissaya Barreto","CodigoFaculdade":25530,"PercentagemDesemprego":5.633802816901408,"TotalDiplomados":284,"TotalDesempregados":16},{"NomeFaculdade":"Instituto Superior D. Afonso III","CodigoFaculdade":42900,"PercentagemDesemprego":7.113543091655266,"TotalDiplomados":731,"TotalDesempregados":52},{"NomeFaculdade":"Instituto Superior D. Dinis","CodigoFaculdade":12876,"PercentagemDesemprego":4.109589041095891,"TotalDiplomados":146,"TotalDesempregados":6},{"NomeFaculdade":"Instituto Superior de Administração e Gestão","CodigoFaculdade":42000,"PercentagemDesemprego":8.974358974358974,"TotalDiplomados":702,"TotalDesempregados":63},{"NomeFaculdade":"Instituto Superior de Administração e Línguas","CodigoFaculdade":12660,"PercentagemDesemprego":2.464788732394366,"TotalDiplomados":284,"TotalDesempregados":7},{"NomeFaculdade":"Instituto Superior de Administração, Comunicação e Empresa","CodigoFaculdade":12510,"PercentagemDesemprego":0.0,"TotalDiplomados":1,"TotalDesempregados":0},{"NomeFaculdade":"Instituto Superior de Assistentes e Intérpretes","CodigoFaculdade":34000,"PercentagemDesemprego":0.42735042735042733,"TotalDiplomados":234,"TotalDesempregados":1},{"NomeFaculdade":"Instituto Superior de Ciências da Administração","CodigoFaculdade":12825,"PercentagemDesemprego":3.4076015727391873,"TotalDiplomados":763,"TotalDesempregados":26},{"NomeFaculdade":"Instituto Superior de Ciências da Informação e da Administração","CodigoFaculdade":25662,"PercentagemDesemprego":10.0,"TotalDiplomados":170,"TotalDesempregados":17},{"NomeFaculdade":"Instituto Superior de Ciências da Informação e da Empresa","CodigoFaculdade":4285,"PercentagemDesemprego":-1.0,"TotalDiplomados":0,"TotalDesempregados":0},{"NomeFaculdade":"Instituto Superior de Ciências da Saúde Egas Moniz","CodigoFaculdade":29820,"PercentagemDesemprego":3.9967373572593803,"TotalDiplomados":1226,"TotalDesempregados":49},{"NomeFaculdade":"Instituto Superior de Ciências Educativas","CodigoFaculdade":89670,"PercentagemDesemprego":4.964539007092198,"TotalDiplomados":1551,"TotalDesempregados":77},{"NomeFaculdade":"Instituto Superior de Ciências Educativas de Mangualde","CodigoFaculdade":8544,"PercentagemDesemprego":0.0,"TotalDiplomados":31,"TotalDesempregados":0},{"NomeFaculdade":"Instituto Superior de Ciências Educativas do Douro","CodigoFaculdade":29897,"PercentagemDesemprego":15.021459227467812,"TotalDiplomados":233,"TotalDesempregados":35},{"NomeFaculdade":"Instituto Superior de Ciências Empresariais e do Turismo","CodigoFaculdade":47080,"PercentagemDesemprego":9.95260663507109,"TotalDiplomados":633,"TotalDesempregados":63},{"NomeFaculdade":"Instituto Superior de Ciências Policiais e Segurança Interna","CodigoFaculdade":15060,"PercentagemDesemprego":0.5434782608695652,"TotalDiplomados":184,"TotalDesempregados":1},{"NomeFaculdade":"Instituto Superior de Comunicação Empresarial","CodigoFaculdade":12885,"PercentagemDesemprego":6.818181818181818,"TotalDiplomados":220,"TotalDesempregados":15},{"NomeFaculdade":"Instituto Superior de Educação e Ciências","CodigoFaculdade":55874,"PercentagemDesemprego":6.2208398133748055,"TotalDiplomados":643,"TotalDesempregados":40},{"NomeFaculdade":"Instituto Superior de Educação e Trabalho","CodigoFaculdade":8598,"PercentagemDesemprego":1.5325670498084292,"TotalDiplomados":261,"TotalDesempregados":4},{"NomeFaculdade":"Instituto Superior de Entre Douro e Vouga","CodigoFaculdade":38547,"PercentagemDesemprego":14.516129032258064,"TotalDiplomados":248,"TotalDesempregados":36},{"NomeFaculdade":"Instituto Superior de Estudos Interculturais e Transdisciplinares - Mirandela","CodigoFaculdade":21535,"PercentagemDesemprego":9.375,"TotalDiplomados":96,"TotalDesempregados":9},{"NomeFaculdade":"Instituto Superior de Estudos Interculturais e Transdisciplinares de Almada","CodigoFaculdade":30142,"PercentagemDesemprego":2.19435736677116,"TotalDiplomados":319,"TotalDesempregados":7},{"NomeFaculdade":"Instituto Superior de Estudos Interculturais e Transdisciplinares de Viseu","CodigoFaculdade":25848,"PercentagemDesemprego":13.836477987421384,"TotalDiplomados":159,"TotalDesempregados":22},{"NomeFaculdade":"Instituto Superior de Gestão","CodigoFaculdade":25800,"PercentagemDesemprego":5.429864253393665,"TotalDiplomados":221,"TotalDesempregados":12},{"NomeFaculdade":"Instituto Superior de Gestão Bancária","CodigoFaculdade":21525,"PercentagemDesemprego":3.1587697423108896,"TotalDiplomados":1203,"TotalDesempregados":38},{"NomeFaculdade":"Instituto Superior de Gestão e Administração de Leiria","CodigoFaculdade":43540,"PercentagemDesemprego":5.376344086021505,"TotalDiplomados":558,"TotalDesempregados":30},{"NomeFaculdade":"Instituto Superior de Humanidades e Tecnologias (Castelo Branco)","CodigoFaculdade":4311,"PercentagemDesemprego":-1.0,"TotalDiplomados":0,"TotalDesempregados":0},{"NomeFaculdade":"Instituto Superior de Humanidades e Tecnologias (Portimão)","CodigoFaculdade":4314,"PercentagemDesemprego":-1.0,"TotalDiplomados":0,"TotalDesempregados":0},{"NomeFaculdade":"Instituto Superior de Humanidades e Tecnologias de Lisboa","CodigoFaculdade":8620,"PercentagemDesemprego":0.0,"TotalDiplomados":42,"TotalDesempregados":0},{"NomeFaculdade":"Instituto Superior de Informática e Gestão","CodigoFaculdade":4050,"PercentagemDesemprego":0.0,"TotalDiplomados":93,"TotalDesempregados":0},{"NomeFaculdade":"Instituto Superior de Línguas e Administração de Bragança","CodigoFaculdade":17404,"PercentagemDesemprego":6.179775280898877,"TotalDiplomados":178,"TotalDesempregados":11},{"NomeFaculdade":"Instituto Superior de Línguas e Administração de Vila Nova de Gaia","CodigoFaculdade":56589,"PercentagemDesemprego":9.523809523809524,"TotalDiplomados":1008,"TotalDesempregados":96},{"NomeFaculdade":"Instituto Superior de Matemática e Gestão (Castelo Branco)","CodigoFaculdade":4362,"PercentagemDesemprego":-1.0,"TotalDiplomados":0,"TotalDesempregados":0},{"NomeFaculdade":"Instituto Superior de Matemática e Gestão (Fundão)","CodigoFaculdade":4363,"PercentagemDesemprego":0.0,"TotalDiplomados":10,"TotalDesempregados":0},{"NomeFaculdade":"Instituto Superior de Matemática e Gestão (Marinha Grande)","CodigoFaculdade":4361,"PercentagemDesemprego":-1.0,"TotalDiplomados":0,"TotalDesempregados":0},{"NomeFaculdade":"Instituto Superior de Matemática e Gestão (Portimão)","CodigoFaculdade":8730,"PercentagemDesemprego":-1.0,"TotalDiplomados":0,"TotalDesempregados":0},{"NomeFaculdade":"Instituto Superior de Matemática e Gestão de Lisboa","CodigoFaculdade":13080,"PercentagemDesemprego":-1.0,"TotalDiplomados":0,"TotalDesempregados":0},{"NomeFaculdade":"Instituto Superior de Novas Profissões","CodigoFaculdade":41500,"PercentagemDesemprego":8.440797186400937,"TotalDiplomados":853,"TotalDesempregados":72},{"NomeFaculdade":"Instituto Superior de Paços de Brandão","CodigoFaculdade":30660,"PercentagemDesemprego":5.045871559633028,"TotalDiplomados":218,"TotalDesempregados":11},{"NomeFaculdade":"Instituto Superior de Psicologia Aplicada de Beja","CodigoFaculdade":4451,"PercentagemDesemprego":43.47826086956522,"TotalDiplomados":23,"TotalDesempregados":10},{"NomeFaculdade":"Instituto Superior de Saúde do Alto Ave","CodigoFaculdade":35680,"PercentagemDesemprego":8.687440982058545,"TotalDiplomados":1059,"TotalDesempregados":92},{"NomeFaculdade":"Instituto Superior de Serviço Social de Lisboa (Beja)","CodigoFaculdade":4511,"PercentagemDesemprego":9.583333333333334,"TotalDiplomados":240,"TotalDesempregados":23},{"NomeFaculdade":"Instituto Superior de Serviço Social do Porto","CodigoFaculdade":9040,"PercentagemDesemprego":8.264462809917354,"TotalDiplomados":121,"TotalDesempregados":10},{"NomeFaculdade":"Instituto Superior de Tecnologias Avançadas de Lisboa","CodigoFaculdade":18120,"PercentagemDesemprego":2.736318407960199,"TotalDiplomados":402,"TotalDesempregados":11},{"NomeFaculdade":"Instituto Superior de Tecnologias Avançadas de Lisboa (Porto)","CodigoFaculdade":18124,"PercentagemDesemprego":7.547169811320755,"TotalDiplomados":159,"TotalDesempregados":12},{"NomeFaculdade":"Instituto Superior de Transportes e Comunicações","CodigoFaculdade":4550,"PercentagemDesemprego":-1.0,"TotalDiplomados":0,"TotalDesempregados":0},{"NomeFaculdade":"Instituto Superior Manuel Teixeira Gomes","CodigoFaculdade":39375,"PercentagemDesemprego":9.595959595959595,"TotalDiplomados":396,"TotalDesempregados":38},{"NomeFaculdade":"Instituto Superior Miguel Torga","CodigoFaculdade":54000,"PercentagemDesemprego":9.575040344271114,"TotalDiplomados":1859,"TotalDesempregados":178},{"NomeFaculdade":"Instituto Superior Politécnico do Oeste","CodigoFaculdade":13155,"PercentagemDesemprego":4.5,"TotalDiplomados":200,"TotalDesempregados":9},{"NomeFaculdade":"Instituto Superior Politécnico Gaya - Escola Superior de Ciência e Tecnologia","CodigoFaculdade":57746,"PercentagemDesemprego":4.952830188679245,"TotalDiplomados":424,"TotalDesempregados":21},{"NomeFaculdade":"Instituto Superior Politécnico Gaya - Escola Superior de Desenvolvimento Social e Comunitário","CodigoFaculdade":26646,"PercentagemDesemprego":11.344537815126051,"TotalDiplomados":238,"TotalDesempregados":27},{"NomeFaculdade":"Instituto Superior Politécnico Gaya - Escola Superior de Educação de Santa Maria","CodigoFaculdade":8886,"PercentagemDesemprego":18.75,"TotalDiplomados":48,"TotalDesempregados":9},{"NomeFaculdade":"Instituto Superior Politécnico Internacional","CodigoFaculdade":39825,"PercentagemDesemprego":2.997275204359673,"TotalDiplomados":734,"TotalDesempregados":22},{"NomeFaculdade":"Instituto Superior Politécnico Portucalense - Instituto Superior Politécnico Portucalense de Lamego","CodigoFaculdade":8870,"PercentagemDesemprego":-1.0,"TotalDiplomados":0,"TotalDesempregados":0},{"NomeFaculdade":"Instituto Superior Politécnico Portucalense de Penafiel","CodigoFaculdade":4436,"PercentagemDesemprego":-1.0,"TotalDiplomados":0,"TotalDesempregados":0},{"NomeFaculdade":"Instituto Universitário da Maia - ISMAI","CodigoFaculdade":161246,"PercentagemDesemprego":11.38228055783429,"TotalDiplomados":4876,"TotalDesempregados":555},{"NomeFaculdade":"Instituto Universitário de Ciências da Saúde","CodigoFaculdade":51132,"PercentagemDesemprego":7.274701411509229,"TotalDiplomados":1842,"TotalDesempregados":134},{"NomeFaculdade":"ISCTE - Instituto Universitário de Lisboa","CodigoFaculdade":374000,"PercentagemDesemprego":4.008992131884601,"TotalDiplomados":8007,"TotalDesempregados":321},{"NomeFaculdade":"ISLA - Instituto Superior de Gestão e Administração de Santarém","CodigoFaculdade":39168,"PercentagemDesemprego":5.9523809523809526,"TotalDiplomados":84,"TotalDesempregados":5},{"NomeFaculdade":"ISPA-Instituto Universitário de Ciências Psicológicas, Sociais e da Vida","CodigoFaculdade":75650,"PercentagemDesemprego":3.3226464587583795,"TotalDiplomados":6862,"TotalDesempregados":228},{"NomeFaculdade":"Universidade Aberta","CodigoFaculdade":42000,"PercentagemDesemprego":3.021424647500458,"TotalDiplomados":5461,"TotalDesempregados":165},{"NomeFaculdade":"Universidade Atlântica","CodigoFaculdade":18900,"PercentagemDesemprego":5.957446808510638,"TotalDiplomados":235,"TotalDesempregados":14},{"NomeFaculdade":"Universidade Atlântica - Escola Superior de Saúde Atlântica","CodigoFaculdade":10804,"PercentagemDesemprego":1.478743068391867,"TotalDiplomados":541,"TotalDesempregados":8},{"NomeFaculdade":"Universidade Autónoma de Lisboa Luís de Camões","CodigoFaculdade":48300,"PercentagemDesemprego":6.9936862554638175,"TotalDiplomados":2059,"TotalDesempregados":144},{"NomeFaculdade":"Universidade Autónoma de Lisboa Luís de Camões (Caldas da Rainha)","CodigoFaculdade":4202,"PercentagemDesemprego":-1.0,"TotalDiplomados":0,"TotalDesempregados":0},{"NomeFaculdade":"Universidade Católica Portuguesa - Centro Regional das Beiras","CodigoFaculdade":17800,"PercentagemDesemprego":6.796116504854369,"TotalDiplomados":515,"TotalDesempregados":35},{"NomeFaculdade":"Universidade Católica Portuguesa - Escola das Artes","CodigoFaculdade":15855,"PercentagemDesemprego":10.466760961810467,"TotalDiplomados":707,"TotalDesempregados":74},{"NomeFaculdade":"Universidade Católica Portuguesa - Escola Superior de Biotecnologia","CodigoFaculdade":28730,"PercentagemDesemprego":6.138306138306138,"TotalDiplomados":1287,"TotalDesempregados":79},{"NomeFaculdade":"Universidade Católica Portuguesa - Escola Superior de Ciências e Tecnologia (Viseu)","CodigoFaculdade":2251,"PercentagemDesemprego":3.7037037037037037,"TotalDiplomados":54,"TotalDesempregados":2},{"NomeFaculdade":"Universidade Católica Portuguesa - Escola Superior Politécnica de Saúde (Lisboa)","CodigoFaculdade":2215,"PercentagemDesemprego":2.816901408450704,"TotalDiplomados":355,"TotalDesempregados":10},{"NomeFaculdade":"Universidade Católica Portuguesa - Escola Superior Politécnica de Saúde (Porto)","CodigoFaculdade":2216,"PercentagemDesemprego":11.475409836065573,"TotalDiplomados":61,"TotalDesempregados":7},{"NomeFaculdade":"Universidade Católica Portuguesa - Faculdade de Ciências Económicas e Empresariais","CodigoFaculdade":9080,"PercentagemDesemprego":2.210663198959688,"TotalDiplomados":769,"TotalDesempregados":17},{"NomeFaculdade":"Universidade Católica Portuguesa - Faculdade de Ciências Humanas","CodigoFaculdade":24420,"PercentagemDesemprego":5.101509630400833,"TotalDiplomados":1921,"TotalDesempregados":98},{"NomeFaculdade":"Universidade Católica Portuguesa - Faculdade de Ciências Humanas (Leiria)","CodigoFaculdade":4444,"PercentagemDesemprego":-1.0,"TotalDiplomados":0,"TotalDesempregados":0},{"NomeFaculdade":"Universidade Católica Portuguesa - Faculdade de Ciências Sociais","CodigoFaculdade":17768,"PercentagemDesemprego":14.626391096979333,"TotalDiplomados":629,"TotalDesempregados":92},{"NomeFaculdade":"Universidade Católica Portuguesa - Faculdade de Direito","CodigoFaculdade":6840,"PercentagemDesemprego":2.766798418972332,"TotalDiplomados":506,"TotalDesempregados":14},{"NomeFaculdade":"Universidade Católica Portuguesa - Faculdade de Direito (Porto)","CodigoFaculdade":2281,"PercentagemDesemprego":5.258033106134372,"TotalDiplomados":1027,"TotalDesempregados":54},{"NomeFaculdade":"Universidade Católica Portuguesa - Faculdade de Economia e Gestão","CodigoFaculdade":15897,"PercentagemDesemprego":7.392607392607393,"TotalDiplomados":1001,"TotalDesempregados":74},{"NomeFaculdade":"Universidade Católica Portuguesa - Faculdade de Educação e Psicologia","CodigoFaculdade":6867,"PercentagemDesemprego":15.498154981549815,"TotalDiplomados":542,"TotalDesempregados":84},{"NomeFaculdade":"Universidade Católica Portuguesa - Faculdade de Educação e Psicologia (Lisboa)","CodigoFaculdade":2292,"PercentagemDesemprego":0.0,"TotalDiplomados":147,"TotalDesempregados":0},{"NomeFaculdade":"Universidade Católica Portuguesa - Faculdade de Engenharia","CodigoFaculdade":9020,"PercentagemDesemprego":7.608695652173913,"TotalDiplomados":92,"TotalDesempregados":7},{"NomeFaculdade":"Universidade Católica Portuguesa - Faculdade de Filosofia","CodigoFaculdade":22300,"PercentagemDesemprego":6.212121212121212,"TotalDiplomados":660,"TotalDesempregados":41},{"NomeFaculdade":"Universidade Católica Portuguesa - Faculdade de Letras","CodigoFaculdade":8940,"PercentagemDesemprego":11.11111111111111,"TotalDiplomados":54,"TotalDesempregados":6},{"NomeFaculdade":"Universidade Católica Portuguesa - Faculdade de Teologia","CodigoFaculdade":6720,"PercentagemDesemprego":1.8796992481203008,"TotalDiplomados":266,"TotalDesempregados":5},{"NomeFaculdade":"Universidade Católica Portuguesa - Faculdade de Teologia (Braga)","CodigoFaculdade":4482,"PercentagemDesemprego":3.3333333333333335,"TotalDiplomados":30,"TotalDesempregados":1},{"NomeFaculdade":"Universidade Católica Portuguesa - Faculdade de Teologia (em regime de extensão em Viana do Castelo)","CodigoFaculdade":2245,"PercentagemDesemprego":-1.0,"TotalDiplomados":0,"TotalDesempregados":0},{"NomeFaculdade":"Universidade Católica Portuguesa - Faculdade de Teologia (em regime de extensão em Viseu)","CodigoFaculdade":2243,"PercentagemDesemprego":-1.0,"TotalDiplomados":0,"TotalDesempregados":0},{"NomeFaculdade":"Universidade Católica Portuguesa - Faculdade de Teologia (Porto)","CodigoFaculdade":2242,"PercentagemDesemprego":0.0,"TotalDiplomados":60,"TotalDesempregados":0},{"NomeFaculdade":"Universidade Católica Portuguesa - Instituto de Ciências da Saúde","CodigoFaculdade":2296,"PercentagemDesemprego":13.333333333333334,"TotalDiplomados":15,"TotalDesempregados":2},{"NomeFaculdade":"Universidade Católica Portuguesa - Instituto de Estudos Políticos","CodigoFaculdade":6885,"PercentagemDesemprego":1.8987341772151898,"TotalDiplomados":158,"TotalDesempregados":3},{"NomeFaculdade":"Universidade Católica Portuguesa - Instituto Universitário de Desenvolvimento e Promoção Social","CodigoFaculdade":2260,"PercentagemDesemprego":0.0,"TotalDiplomados":20,"TotalDesempregados":0},{"NomeFaculdade":"Universidade da Beira Interior","CodigoFaculdade":29200,"PercentagemDesemprego":8.445207617858259,"TotalDiplomados":6406,"TotalDesempregados":541},{"NomeFaculdade":"Universidade da Madeira","CodigoFaculdade":18200,"PercentagemDesemprego":0.5555555555555556,"TotalDiplomados":2160,"TotalDesempregados":12},{"NomeFaculdade":"Universidade da Madeira - Instituto Superior de Arte e Design","CodigoFaculdade":5700,"PercentagemDesemprego":-1.0,"TotalDiplomados":0,"TotalDesempregados":0},{"NomeFaculdade":"Universidade de Aveiro","CodigoFaculdade":33000,"PercentagemDesemprego":6.118964045157006,"TotalDiplomados":10541,"TotalDesempregados":645},{"NomeFaculdade":"Universidade de Aveiro - Escola Superior de Saúde de Aveiro","CodigoFaculdade":15065,"PercentagemDesemprego":7.343124165554072,"TotalDiplomados":749,"TotalDesempregados":55},{"NomeFaculdade":"Universidade de Aveiro - Escola Superior de Tecnologia e Gestão de Águeda","CodigoFaculdade":15060,"PercentagemDesemprego":8.714918759231905,"TotalDiplomados":677,"TotalDesempregados":59},{"NomeFaculdade":"Universidade de Aveiro - Instituto Superior de Contabilidade e Administração de Aveiro","CodigoFaculdade":21077,"PercentagemDesemprego":5.507955936352509,"TotalDiplomados":817,"TotalDesempregados":45},{"NomeFaculdade":"Universidade de Coimbra - Faculdade de Ciências do Desporto e Educação Física","CodigoFaculdade":2032,"PercentagemDesemprego":7.175398633257403,"TotalDiplomados":878,"TotalDesempregados":63},{"NomeFaculdade":"Universidade de Coimbra - Faculdade de Ciências e Tecnologia","CodigoFaculdade":27054,"PercentagemDesemprego":7.157258064516129,"TotalDiplomados":4960,"TotalDesempregados":355},{"NomeFaculdade":"Universidade de Coimbra - Faculdade de Direito","CodigoFaculdade":2008,"PercentagemDesemprego":6.647187728268809,"TotalDiplomados":1369,"TotalDesempregados":91},{"NomeFaculdade":"Universidade de Coimbra - Faculdade de Economia","CodigoFaculdade":7042,"PercentagemDesemprego":6.141568355308813,"TotalDiplomados":2882,"TotalDesempregados":177},{"NomeFaculdade":"Universidade de Coimbra - Faculdade de Farmácia","CodigoFaculdade":4032,"PercentagemDesemprego":6.694343539180073,"TotalDiplomados":1927,"TotalDesempregados":129},{"NomeFaculdade":"Universidade de Coimbra - Faculdade de Letras","CodigoFaculdade":20705,"PercentagemDesemprego":9.246309246309247,"TotalDiplomados":2574,"TotalDesempregados":238},{"NomeFaculdade":"Universidade de Coimbra - Faculdade de Medicina","CodigoFaculdade":3542,"PercentagemDesemprego":0.9230769230769231,"TotalDiplomados":975,"TotalDesempregados":9},{"NomeFaculdade":"Universidade de Coimbra - Faculdade de Psicologia e de Ciências da Educação","CodigoFaculdade":5070,"PercentagemDesemprego":12.723556463975473,"TotalDiplomados":1957,"TotalDesempregados":249},{"NomeFaculdade":"Universidade de Lisboa","CodigoFaculdade":1400,"PercentagemDesemprego":16.129032258064516,"TotalDiplomados":31,"TotalDesempregados":5},{"NomeFaculdade":"Universidade de Lisboa - Faculdade de Arquitectura","CodigoFaculdade":1501,"PercentagemDesemprego":2.857142857142857,"TotalDiplomados":35,"TotalDesempregados":1},{"NomeFaculdade":"Universidade de Lisboa - Faculdade de Belas-Artes","CodigoFaculdade":86334,"PercentagemDesemprego":6.932270916334661,"TotalDiplomados":1255,"TotalDesempregados":87},{"NomeFaculdade":"Universidade de Lisboa - Faculdade de Ciências","CodigoFaculdade":46973,"PercentagemDesemprego":3.882817949314113,"TotalDiplomados":4301,"TotalDesempregados":167},{"NomeFaculdade":"Universidade de Lisboa - Faculdade de Direito","CodigoFaculdade":3510,"PercentagemDesemprego":2.5974025974025974,"TotalDiplomados":2079,"TotalDesempregados":54},{"NomeFaculdade":"Universidade de Lisboa - Faculdade de Farmácia","CodigoFaculdade":4317,"PercentagemDesemprego":4.450127877237851,"TotalDiplomados":1955,"TotalDesempregados":87},{"NomeFaculdade":"Universidade de Lisboa - Faculdade de Letras","CodigoFaculdade":53290,"PercentagemDesemprego":4.552921849331143,"TotalDiplomados":4261,"TotalDesempregados":194},{"NomeFaculdade":"Universidade de Lisboa - Faculdade de Medicina","CodigoFaculdade":3525,"PercentagemDesemprego":0.20072260136491368,"TotalDiplomados":2491,"TotalDesempregados":5},{"NomeFaculdade":"Universidade de Lisboa - Faculdade de Medicina Dentária","CodigoFaculdade":19800,"PercentagemDesemprego":3.443328550932568,"TotalDiplomados":697,"TotalDesempregados":24},{"NomeFaculdade":"Universidade de Lisboa - Faculdade de Psicologia","CodigoFaculdade":2931,"PercentagemDesemprego":6.776180698151951,"TotalDiplomados":974,"TotalDesempregados":66},{"NomeFaculdade":"Universidade de Lisboa - Faculdade de Psicologia e de Ciências da Educação","CodigoFaculdade":2824,"PercentagemDesemprego":3.9660056657223794,"TotalDiplomados":706,"TotalDesempregados":28},{"NomeFaculdade":"Universidade de Lisboa - Instituto de Ciências Sociais","CodigoFaculdade":1414,"PercentagemDesemprego":4.761904761904762,"TotalDiplomados":42,"TotalDesempregados":2},{"NomeFaculdade":"Universidade de Lisboa - Instituto de Educação","CodigoFaculdade":5058,"PercentagemDesemprego":8.321167883211679,"TotalDiplomados":685,"TotalDesempregados":57},{"NomeFaculdade":"Universidade de Lisboa - Instituto de Geografia e Ordenamento do Território","CodigoFaculdade":2124,"PercentagemDesemprego":11.764705882352942,"TotalDiplomados":51,"TotalDesempregados":6},{"NomeFaculdade":"Universidade de Lisboa - Instituto Superior de Agronomia","CodigoFaculdade":3030,"PercentagemDesemprego":6.666666666666667,"TotalDiplomados":30,"TotalDesempregados":2},{"NomeFaculdade":"Universidade de Lisboa - Instituto Superior de Ciências Sociais e Políticas","CodigoFaculdade":3032,"PercentagemDesemprego":29.032258064516128,"TotalDiplomados":31,"TotalDesempregados":9},{"NomeFaculdade":"Universidade de Lisboa - Instituto Superior de Economia e Gestão","CodigoFaculdade":6068,"PercentagemDesemprego":6.476683937823834,"TotalDiplomados":386,"TotalDesempregados":25},{"NomeFaculdade":"Universidade de Lisboa - Instituto Superior Técnico (Alameda)","CodigoFaculdade":7590,"PercentagemDesemprego":3.314917127071823,"TotalDiplomados":181,"TotalDesempregados":6},{"NomeFaculdade":"Universidade de Lisboa - Instituto Superior Técnico (Taguspark)","CodigoFaculdade":3038,"PercentagemDesemprego":9.090909090909092,"TotalDiplomados":55,"TotalDesempregados":5},{"NomeFaculdade":"Universidade de Trás-os-Montes e Alto Douro","CodigoFaculdade":60000,"PercentagemDesemprego":7.658959537572255,"TotalDiplomados":3460,"TotalDesempregados":265},{"NomeFaculdade":"Universidade de Trás-os-Montes e Alto Douro (Chaves)","CodigoFaculdade":5160,"PercentagemDesemprego":6.666666666666667,"TotalDiplomados":240,"TotalDesempregados":16},{"NomeFaculdade":"Universidade de Trás-os-Montes e Alto Douro (Miranda do Douro)","CodigoFaculdade":2560,"PercentagemDesemprego":6.862745098039215,"TotalDiplomados":204,"TotalDesempregados":14},{"NomeFaculdade":"Universidade de Trás-os-Montes e Alto Douro - Escola de Ciências Agrárias e Veterinárias","CodigoFaculdade":7206,"PercentagemDesemprego":12.780269058295964,"TotalDiplomados":446,"TotalDesempregados":57},{"NomeFaculdade":"Universidade de Trás-os-Montes e Alto Douro - Escola de Ciências da Vida e do Ambiente","CodigoFaculdade":13244,"PercentagemDesemprego":14.666666666666666,"TotalDiplomados":750,"TotalDesempregados":110},{"NomeFaculdade":"Universidade de Trás-os-Montes e Alto Douro - Escola de Ciências e Tecnologia","CodigoFaculdade":12030,"PercentagemDesemprego":21.928166351606805,"TotalDiplomados":529,"TotalDesempregados":116},{"NomeFaculdade":"Universidade de Trás-os-Montes e Alto Douro - Escola de Ciências Humanas e Sociais","CodigoFaculdade":16828,"PercentagemDesemprego":31.48831488314883,"TotalDiplomados":813,"TotalDesempregados":256},{"NomeFaculdade":"Universidade de Trás-os-Montes e Alto Douro - Escola de Ciências Humanas e Sociais (Chaves)","CodigoFaculdade":2410,"PercentagemDesemprego":11.650485436893204,"TotalDiplomados":103,"TotalDesempregados":12},{"NomeFaculdade":"Universidade de Trás-os-Montes e Alto Douro - Escola Superior de Enfermagem de Vila Real","CodigoFaculdade":7080,"PercentagemDesemprego":9.375,"TotalDiplomados":416,"TotalDesempregados":39},{"NomeFaculdade":"Universidade de Évora","CodigoFaculdade":34800,"PercentagemDesemprego":4.9786075457020615,"TotalDiplomados":2571,"TotalDesempregados":128},{"NomeFaculdade":"Universidade de Évora - Escola de Artes","CodigoFaculdade":3015,"PercentagemDesemprego":15.228426395939087,"TotalDiplomados":197,"TotalDesempregados":30},{"NomeFaculdade":"Universidade de Évora - Escola de Ciências e Tecnologia","CodigoFaculdade":10836,"PercentagemDesemprego":15.539112050739957,"TotalDiplomados":946,"TotalDesempregados":147},{"NomeFaculdade":"Universidade de Évora - Escola de Ciências Sociais","CodigoFaculdade":9664,"PercentagemDesemprego":11.363636363636363,"TotalDiplomados":968,"TotalDesempregados":110},{"NomeFaculdade":"Universidade de Évora - Escola Superior de Enfermagem de São João de Deus","CodigoFaculdade":7030,"PercentagemDesemprego":3.30188679245283,"TotalDiplomados":212,"TotalDesempregados":7},{"NomeFaculdade":"Universidade de Évora - Instituto de Investigação e Formação Avançada","CodigoFaculdade":601,"PercentagemDesemprego":16.666666666666668,"TotalDiplomados":6,"TotalDesempregados":1},{"NomeFaculdade":"Universidade do Algarve","CodigoFaculdade":2000,"PercentagemDesemprego":7.035175879396985,"TotalDiplomados":199,"TotalDesempregados":14},{"NomeFaculdade":"Universidade do Algarve - Escola Superior de Educação de Faro (Vila Real de Santo António)","CodigoFaculdade":3084,"PercentagemDesemprego":-1.0,"TotalDiplomados":0,"TotalDesempregados":0},{"NomeFaculdade":"Universidade do Algarve - Escola Superior de Educação e Comunicação","CodigoFaculdade":52377,"PercentagemDesemprego":8.533747090768037,"TotalDiplomados":1289,"TotalDesempregados":110},{"NomeFaculdade":"Universidade do Algarve - Escola Superior de Gestão, Hotelaria e Turismo","CodigoFaculdade":43148,"PercentagemDesemprego":7.933194154488517,"TotalDiplomados":1437,"TotalDesempregados":114},{"NomeFaculdade":"Universidade do Algarve - Escola Superior de Gestão, Hotelaria e Turismo (Portimão)","CodigoFaculdade":15435,"PercentagemDesemprego":3.4739454094292803,"TotalDiplomados":403,"TotalDesempregados":14},{"NomeFaculdade":"Universidade do Algarve - Escola Superior de Saúde","CodigoFaculdade":35175,"PercentagemDesemprego":11.349036402569594,"TotalDiplomados":467,"TotalDesempregados":53},{"NomeFaculdade":"Universidade do Algarve - Faculdade de Ciências do Mar e do Ambiente","CodigoFaculdade":1414,"PercentagemDesemprego":4.439746300211416,"TotalDiplomados":473,"TotalDesempregados":21},{"NomeFaculdade":"Universidade do Algarve - Faculdade de Ciências e Tecnologia","CodigoFaculdade":4263,"PercentagemDesemprego":6.106870229007634,"TotalDiplomados":1048,"TotalDesempregados":64},{"NomeFaculdade":"Universidade do Algarve - Faculdade de Ciências Humanas e Sociais","CodigoFaculdade":3417,"PercentagemDesemprego":9.832402234636872,"TotalDiplomados":895,"TotalDesempregados":88},{"NomeFaculdade":"Universidade do Algarve - Faculdade de Economia","CodigoFaculdade":1836,"PercentagemDesemprego":9.70724191063174,"TotalDiplomados":649,"TotalDesempregados":63},{"NomeFaculdade":"Universidade do Algarve - Faculdade de Engenharia de Recursos Naturais","CodigoFaculdade":615,"PercentagemDesemprego":3.225806451612903,"TotalDiplomados":279,"TotalDesempregados":9},{"NomeFaculdade":"Universidade do Algarve - Instituto Superior de Engenharia","CodigoFaculdade":49328,"PercentagemDesemprego":6.0200668896321075,"TotalDiplomados":1196,"TotalDesempregados":72},{"NomeFaculdade":"Universidade do Minho","CodigoFaculdade":162000,"PercentagemDesemprego":7.3279465032042355,"TotalDiplomados":17945,"TotalDesempregados":1315},{"NomeFaculdade":"Universidade do Minho - Escola Superior de Enfermagem","CodigoFaculdade":7010,"PercentagemDesemprego":11.016949152542374,"TotalDiplomados":472,"TotalDesempregados":52},{"NomeFaculdade":"Universidade do Porto - Faculdade de Arquitetura","CodigoFaculdade":3306,"PercentagemDesemprego":6.841216216216216,"TotalDiplomados":1184,"TotalDesempregados":81},{"NomeFaculdade":"Universidade do Porto - Faculdade de Belas Artes","CodigoFaculdade":59422,"PercentagemDesemprego":8.967391304347826,"TotalDiplomados":736,"TotalDesempregados":66},{"NomeFaculdade":"Universidade do Porto - Faculdade de Ciências","CodigoFaculdade":50738,"PercentagemDesemprego":4.856075587782905,"TotalDiplomados":4551,"TotalDesempregados":221},{"NomeFaculdade":"Universidade do Porto - Faculdade de Ciências da Nutrição e da Alimentação","CodigoFaculdade":2202,"PercentagemDesemprego":3.669724770642202,"TotalDiplomados":218,"TotalDesempregados":8},{"NomeFaculdade":"Universidade do Porto - Faculdade de Desporto","CodigoFaculdade":14443,"PercentagemDesemprego":2.8836754643206257,"TotalDiplomados":4092,"TotalDesempregados":118},{"NomeFaculdade":"Universidade do Porto - Faculdade de Direito","CodigoFaculdade":3342,"PercentagemDesemprego":5.717916137229987,"TotalDiplomados":787,"TotalDesempregados":45},{"NomeFaculdade":"Universidade do Porto - Faculdade de Economia","CodigoFaculdade":13248,"PercentagemDesemprego":5.020242914979757,"TotalDiplomados":2470,"TotalDesempregados":124},{"NomeFaculdade":"Universidade do Porto - Faculdade de Engenharia","CodigoFaculdade":41990,"PercentagemDesemprego":3.9903264812575574,"TotalDiplomados":12405,"TotalDesempregados":495},{"NomeFaculdade":"Universidade do Porto - Faculdade de Farmácia","CodigoFaculdade":7742,"PercentagemDesemprego":10.628019323671497,"TotalDiplomados":1449,"TotalDesempregados":154},{"NomeFaculdade":"Universidade do Porto - Faculdade de Letras","CodigoFaculdade":55350,"PercentagemDesemprego":8.819095477386934,"TotalDiplomados":3980,"TotalDesempregados":351},{"NomeFaculdade":"Universidade do Porto - Faculdade de Medicina","CodigoFaculdade":8864,"PercentagemDesemprego":0.8359456635318704,"TotalDiplomados":1914,"TotalDesempregados":16},{"NomeFaculdade":"Universidade do Porto - Faculdade de Medicina Dentária","CodigoFaculdade":2226,"PercentagemDesemprego":0.846262341325811,"TotalDiplomados":709,"TotalDesempregados":6},{"NomeFaculdade":"Universidade do Porto - Faculdade de Psicologia e de Ciências da Educação","CodigoFaculdade":9981,"PercentagemDesemprego":7.217125382262997,"TotalDiplomados":1635,"TotalDesempregados":118},{"NomeFaculdade":"Universidade do Porto - Instituto de Ciências Biomédicas Abel Salazar","CodigoFaculdade":9990,"PercentagemDesemprego":3.106936416184971,"TotalDiplomados":1384,"TotalDesempregados":43},{"NomeFaculdade":"Universidade dos Açores - Angra do Heroísmo","CodigoFaculdade":440,"PercentagemDesemprego":2.4242424242424243,"TotalDiplomados":165,"TotalDesempregados":4},{"NomeFaculdade":"Universidade dos Açores - Ponta Delgada","CodigoFaculdade":1950,"PercentagemDesemprego":1.1304347826086956,"TotalDiplomados":1150,"TotalDesempregados":13},{"NomeFaculdade":"Universidade Europeia","CodigoFaculdade":65250,"PercentagemDesemprego":6.946107784431137,"TotalDiplomados":835,"TotalDesempregados":58},{"NomeFaculdade":"Universidade Fernando Pessoa","CodigoFaculdade":101750,"PercentagemDesemprego":13.721233174120712,"TotalDiplomados":2303,"TotalDesempregados":316},{"NomeFaculdade":"Universidade Fernando Pessoa (unidade de Ponte de Lima - ensino politécnico)","CodigoFaculdade":2753,"PercentagemDesemprego":1.0526315789473684,"TotalDiplomados":95,"TotalDesempregados":1},{"NomeFaculdade":"Universidade Fernando Pessoa (unidade de Ponte de Lima)","CodigoFaculdade":11004,"PercentagemDesemprego":10.344827586206897,"TotalDiplomados":58,"TotalDesempregados":6},{"NomeFaculdade":"Universidade Fernando Pessoa - Escola Superior de Saúde","CodigoFaculdade":13760,"PercentagemDesemprego":3.8724373576309796,"TotalDiplomados":878,"TotalDesempregados":34},{"NomeFaculdade":"Universidade Independente","CodigoFaculdade":23400,"PercentagemDesemprego":2.318840579710145,"TotalDiplomados":345,"TotalDesempregados":8},{"NomeFaculdade":"Universidade Internacional","CodigoFaculdade":4600,"PercentagemDesemprego":0.0,"TotalDiplomados":9,"TotalDesempregados":0},{"NomeFaculdade":"Universidade Internacional da Figueira da Foz","CodigoFaculdade":6906,"PercentagemDesemprego":8.552631578947368,"TotalDiplomados":304,"TotalDesempregados":26},{"NomeFaculdade":"Universidade Lusíada","CodigoFaculdade":64800,"PercentagemDesemprego":7.943262411347518,"TotalDiplomados":3525,"TotalDesempregados":280},{"NomeFaculdade":"Universidade Lusíada - Instituto Superior de Serviço Social de Lisboa","CodigoFaculdade":4510,"PercentagemDesemprego":2.08955223880597,"TotalDiplomados":335,"TotalDesempregados":7},{"NomeFaculdade":"Universidade Lusíada de Vila Nova de Famalicão","CodigoFaculdade":26422,"PercentagemDesemprego":13.943028485757122,"TotalDiplomados":667,"TotalDesempregados":93},{"NomeFaculdade":"Universidade Lusíada do Porto","CodigoFaculdade":36015,"PercentagemDesemprego":8.082026537997587,"TotalDiplomados":3316,"TotalDesempregados":268},{"NomeFaculdade":"Universidade Lusófona de Humanidades e Tecnologias","CodigoFaculdade":184800,"PercentagemDesemprego":6.428284451586983,"TotalDiplomados":7467,"TotalDesempregados":480},{"NomeFaculdade":"Universidade Lusófona do Porto","CodigoFaculdade":76608,"PercentagemDesemprego":12.69199676637025,"TotalDiplomados":1237,"TotalDesempregados":157},{"NomeFaculdade":"Universidade Moderna de Lisboa","CodigoFaculdade":32240,"PercentagemDesemprego":10.828025477707007,"TotalDiplomados":157,"TotalDesempregados":17},{"NomeFaculdade":"Universidade Nova de Lisboa - Escola Nacional de Saúde Pública","CodigoFaculdade":908,"PercentagemDesemprego":2.857142857142857,"TotalDiplomados":70,"TotalDesempregados":2},{"NomeFaculdade":"Universidade Nova de Lisboa - Faculdade de Ciências e Tecnologia","CodigoFaculdade":40635,"PercentagemDesemprego":4.20691135436789,"TotalDiplomados":4659,"TotalDesempregados":196},{"NomeFaculdade":"Universidade Nova de Lisboa - Faculdade de Ciências Médicas","CodigoFaculdade":901,"PercentagemDesemprego":5.882352941176471,"TotalDiplomados":17,"TotalDesempregados":1},{"NomeFaculdade":"Universidade Nova de Lisboa - Faculdade de Ciências Sociais e Humanas","CodigoFaculdade":47806,"PercentagemDesemprego":5.910370210002165,"TotalDiplomados":4619,"TotalDesempregados":273},{"NomeFaculdade":"Universidade Nova de Lisboa - Faculdade de Direito","CodigoFaculdade":1822,"PercentagemDesemprego":3.10077519379845,"TotalDiplomados":258,"TotalDesempregados":8},{"NomeFaculdade":"Universidade Nova de Lisboa - Faculdade de Economia","CodigoFaculdade":4520,"PercentagemDesemprego":1.4354066985645932,"TotalDiplomados":2926,"TotalDesempregados":42},{"NomeFaculdade":"Universidade Nova de Lisboa - Instituto de Higiene e Medicina Tropical","CodigoFaculdade":4525,"PercentagemDesemprego":3.5242290748898677,"TotalDiplomados":227,"TotalDesempregados":8},{"NomeFaculdade":"Universidade Nova de Lisboa - Instituto de Tecnologia Química e Biológica António Xavier","CodigoFaculdade":1820,"PercentagemDesemprego":3.1746031746031744,"TotalDiplomados":63,"TotalDesempregados":2},{"NomeFaculdade":"Universidade Nova de Lisboa - Instituto Superior de Estatística e Gestão de Informação","CodigoFaculdade":4530,"PercentagemDesemprego":1.941747572815534,"TotalDiplomados":206,"TotalDesempregados":4},{"NomeFaculdade":"Universidade Portucalense Infante D. Henrique","CodigoFaculdade":55000,"PercentagemDesemprego":7.929883138564274,"TotalDiplomados":1198,"TotalDesempregados":95},{"NomeFaculdade":"Universidade Técnica de Lisboa","CodigoFaculdade":800,"PercentagemDesemprego":0.0,"TotalDiplomados":13,"TotalDesempregados":0},{"NomeFaculdade":"Universidade Técnica de Lisboa - Faculdade de Arquitectura","CodigoFaculdade":8822,"PercentagemDesemprego":7.530774800868936,"TotalDiplomados":1381,"TotalDesempregados":104},{"NomeFaculdade":"Universidade Técnica de Lisboa - Faculdade de Medicina Veterinária","CodigoFaculdade":4005,"PercentagemDesemprego":5.467800729040097,"TotalDiplomados":823,"TotalDesempregados":45},{"NomeFaculdade":"Universidade Técnica de Lisboa - Faculdade de Motricidade Humana","CodigoFaculdade":13702,"PercentagemDesemprego":3.2997762863534676,"TotalDiplomados":1788,"TotalDesempregados":59},{"NomeFaculdade":"Universidade Técnica de Lisboa - Instituto Superior de Agronomia","CodigoFaculdade":17666,"PercentagemDesemprego":5.105296745373325,"TotalDiplomados":1567,"TotalDesempregados":80},{"NomeFaculdade":"Universidade Técnica de Lisboa - Instituto Superior de Ciências Sociais e Políticas","CodigoFaculdade":13668,"PercentagemDesemprego":7.679324894514768,"TotalDiplomados":2370,"TotalDesempregados":182},{"NomeFaculdade":"Universidade Técnica de Lisboa - Instituto Superior de Economia e Gestão","CodigoFaculdade":15295,"PercentagemDesemprego":3.6713286713286712,"TotalDiplomados":1716,"TotalDesempregados":63},{"NomeFaculdade":"Universidade Técnica de Lisboa - Instituto Superior Técnico (Alameda)","CodigoFaculdade":35508,"PercentagemDesemprego":2.2460610124036204,"TotalDiplomados":5966,"TotalDesempregados":134},{"NomeFaculdade":"Universidade Técnica de Lisboa - Instituto Superior Técnico (Taguspark)","CodigoFaculdade":4040,"PercentagemDesemprego":1.550387596899225,"TotalDiplomados":774,"TotalDesempregados":12}]}