{"data":[{"NomeFaculdade":"Universidade dos Açores - Angra do Heroísmo","CodigoFaculdade":110,"PercentagemDesemprego":5.26,"TotalDiplomados":19.0,"TotalDesempregados":1.0},{"NomeFaculdade":"Universidade do Algarve - Faculdade de Ciências do Mar e do Ambiente","CodigoFaculdade":202,"PercentagemDesemprego":3.45,"TotalDiplomados":58.0,"TotalDesempregados":2.0},{"NomeFaculdade":"Universidade do Algarve - Faculdade de Economia","CodigoFaculdade":204,"PercentagemDesemprego":4.17,"TotalDiplomados":48.0,"TotalDesempregados":2.0},{"NomeFaculdade":"Universidade de Aveiro","CodigoFaculdade":300,"PercentagemDesemprego":4.9,"TotalDiplomados":775.0,"TotalDesempregados":38.0},{"NomeFaculdade":"Universidade da Beira Interior","CodigoFaculdade":400,"PercentagemDesemprego":9.01,"TotalDiplomados":544.0,"TotalDesempregados":49.0},{"NomeFaculdade":"Universidade de Coimbra - Faculdade de Ciências e Tecnologia","CodigoFaculdade":501,"PercentagemDesemprego":2.88,"TotalDiplomados":313.0,"TotalDesempregados":9.0},{"NomeFaculdade":"Universidade de Coimbra - Faculdade de Direito","CodigoFaculdade":502,"PercentagemDesemprego":0.56,"TotalDiplomados":178.0,"TotalDesempregados":1.0},{"NomeFaculdade":"Universidade de Coimbra - Faculdade de Economia","CodigoFaculdade":503,"PercentagemDesemprego":9.09,"TotalDiplomados":55.0,"TotalDesempregados":5.0},{"NomeFaculdade":"Universidade de Coimbra - Faculdade de Letras","CodigoFaculdade":505,"PercentagemDesemprego":3.62,"TotalDiplomados":221.0,"TotalDesempregados":8.0},{"NomeFaculdade":"Universidade de Coimbra - Faculdade de Psicologia e de Ciências da Educação","CodigoFaculdade":507,"PercentagemDesemprego":51.19,"TotalDiplomados":84.0,"TotalDesempregados":43.0},{"NomeFaculdade":"Universidade de Évora","CodigoFaculdade":600,"PercentagemDesemprego":10.47,"TotalDiplomados":258.0,"TotalDesempregados":27.0},{"NomeFaculdade":"Universidade de Lisboa - Faculdade de Ciências","CodigoFaculdade":701,"PercentagemDesemprego":1.77,"TotalDiplomados":622.0,"TotalDesempregados":11.0},{"NomeFaculdade":"Universidade de Lisboa - Faculdade de Direito","CodigoFaculdade":702,"PercentagemDesemprego":0.66,"TotalDiplomados":303.0,"TotalDesempregados":2.0},{"NomeFaculdade":"Universidade de Lisboa - Faculdade de Letras","CodigoFaculdade":704,"PercentagemDesemprego":2.96,"TotalDiplomados":947.0,"TotalDesempregados":28.0},{"NomeFaculdade":"Universidade de Lisboa - Faculdade de Medicina","CodigoFaculdade":705,"PercentagemDesemprego":3.13,"TotalDiplomados":32.0,"TotalDesempregados":1.0},{"NomeFaculdade":"Universidade de Lisboa - Faculdade de Psicologia e de Ciências da Educação","CodigoFaculdade":706,"PercentagemDesemprego":0.77,"TotalDiplomados":518.0,"TotalDesempregados":4.0},{"NomeFaculdade":"Universidade de Lisboa - Instituto de Ciências Sociais","CodigoFaculdade":707,"PercentagemDesemprego":1.37,"TotalDiplomados":73.0,"TotalDesempregados":1.0},{"NomeFaculdade":"Universidade Técnica de Lisboa","CodigoFaculdade":800,"PercentagemDesemprego":4.26,"TotalDiplomados":47.0,"TotalDesempregados":2.0},{"NomeFaculdade":"Universidade Técnica de Lisboa - Faculdade de Arquitectura","CodigoFaculdade":802,"PercentagemDesemprego":20.0,"TotalDiplomados":5.0,"TotalDesempregados":1.0},{"NomeFaculdade":"Universidade Técnica de Lisboa - Instituto Superior de Agronomia","CodigoFaculdade":803,"PercentagemDesemprego":2.75,"TotalDiplomados":182.0,"TotalDesempregados":5.0},{"NomeFaculdade":"Universidade Técnica de Lisboa - Instituto Superior de Ciências Sociais e Políticas","CodigoFaculdade":804,"PercentagemDesemprego":2.63,"TotalDiplomados":38.0,"TotalDesempregados":1.0},{"NomeFaculdade":"Universidade Técnica de Lisboa - Instituto Superior de Economia e Gestão","CodigoFaculdade":805,"PercentagemDesemprego":3.13,"TotalDiplomados":352.0,"TotalDesempregados":11.0},{"NomeFaculdade":"Universidade Técnica de Lisboa - Faculdade de Motricidade Humana","CodigoFaculdade":806,"PercentagemDesemprego":12.28,"TotalDiplomados":57.0,"TotalDesempregados":7.0},{"NomeFaculdade":"Universidade Técnica de Lisboa - Instituto Superior Técnico (Alameda)","CodigoFaculdade":807,"PercentagemDesemprego":1.51,"TotalDiplomados":928.0,"TotalDesempregados":14.0},{"NomeFaculdade":"Universidade Nova de Lisboa - Faculdade de Ciências Sociais e Humanas","CodigoFaculdade":902,"PercentagemDesemprego":2.33,"TotalDiplomados":514.0,"TotalDesempregados":12.0},{"NomeFaculdade":"Universidade Nova de Lisboa - Faculdade de Ciências e Tecnologia","CodigoFaculdade":903,"PercentagemDesemprego":7.48,"TotalDiplomados":147.0,"TotalDesempregados":11.0},{"NomeFaculdade":"Universidade Nova de Lisboa - Instituto Superior de Estatística e Gestão de Informação","CodigoFaculdade":906,"PercentagemDesemprego":2.35,"TotalDiplomados":170.0,"TotalDesempregados":4.0},{"NomeFaculdade":"Universidade do Minho","CodigoFaculdade":1000,"PercentagemDesemprego":3.01,"TotalDiplomados":1264.0,"TotalDesempregados":38.0},{"NomeFaculdade":"Universidade do Porto - Faculdade de Arquitetura","CodigoFaculdade":1102,"PercentagemDesemprego":20.0,"TotalDiplomados":5.0,"TotalDesempregados":1.0},{"NomeFaculdade":"Universidade do Porto - Faculdade de Ciências","CodigoFaculdade":1103,"PercentagemDesemprego":1.75,"TotalDiplomados":114.0,"TotalDesempregados":2.0},{"NomeFaculdade":"Universidade do Porto - Faculdade de Economia","CodigoFaculdade":1104,"PercentagemDesemprego":2.25,"TotalDiplomados":178.0,"TotalDesempregados":4.0},{"NomeFaculdade":"Universidade do Porto - Faculdade de Engenharia","CodigoFaculdade":1105,"PercentagemDesemprego":2.25,"TotalDiplomados":178.0,"TotalDesempregados":4.0},{"NomeFaculdade":"Universidade do Porto - Faculdade de Farmácia","CodigoFaculdade":1106,"PercentagemDesemprego":2.86,"TotalDiplomados":70.0,"TotalDesempregados":2.0},{"NomeFaculdade":"Universidade do Porto - Faculdade de Letras","CodigoFaculdade":1107,"PercentagemDesemprego":12.31,"TotalDiplomados":260.0,"TotalDesempregados":32.0},{"NomeFaculdade":"Universidade do Porto - Faculdade de Psicologia e de Ciências da Educação","CodigoFaculdade":1109,"PercentagemDesemprego":2.55,"TotalDiplomados":275.0,"TotalDesempregados":7.0},{"NomeFaculdade":"Universidade do Porto - Escola de Gestão do Porto","CodigoFaculdade":1112,"PercentagemDesemprego":6.45,"TotalDiplomados":31.0,"TotalDesempregados":2.0},{"NomeFaculdade":"Universidade de Trás-os-Montes e Alto Douro","CodigoFaculdade":1200,"PercentagemDesemprego":8.55,"TotalDiplomados":304.0,"TotalDesempregados":26.0},{"NomeFaculdade":"Universidade de Trás-os-Montes e Alto Douro (Chaves)","CodigoFaculdade":1290,"PercentagemDesemprego":4.3,"TotalDiplomados":93.0,"TotalDesempregados":4.0},{"NomeFaculdade":"Universidade Aberta","CodigoFaculdade":1400,"PercentagemDesemprego":1.74,"TotalDiplomados":805.0,"TotalDesempregados":14.0},{"NomeFaculdade":"Universidade Católica Portuguesa - Faculdade de Ciências Humanas","CodigoFaculdade":2220,"PercentagemDesemprego":4.76,"TotalDiplomados":21.0,"TotalDesempregados":1.0},{"NomeFaculdade":"Universidade Católica Portuguesa - Faculdade de Ciências Sociais","CodigoFaculdade":2221,"PercentagemDesemprego":3.57,"TotalDiplomados":28.0,"TotalDesempregados":1.0},{"NomeFaculdade":"Universidade Católica Portuguesa - Faculdade de Teologia","CodigoFaculdade":2240,"PercentagemDesemprego":10.53,"TotalDiplomados":19.0,"TotalDesempregados":2.0},{"NomeFaculdade":"Universidade Católica Portuguesa - Escola das Artes","CodigoFaculdade":2265,"PercentagemDesemprego":5.56,"TotalDiplomados":36.0,"TotalDesempregados":2.0},{"NomeFaculdade":"Universidade Católica Portuguesa - Faculdade de Ciências Económicas e Empresariais","CodigoFaculdade":2270,"PercentagemDesemprego":0.28,"TotalDiplomados":704.0,"TotalDesempregados":2.0},{"NomeFaculdade":"Universidade Católica Portuguesa - Faculdade de Economia e Gestão","CodigoFaculdade":2271,"PercentagemDesemprego":2.38,"TotalDiplomados":42.0,"TotalDesempregados":1.0},{"NomeFaculdade":"Universidade Católica Portuguesa - Instituto de Estudos Políticos","CodigoFaculdade":2295,"PercentagemDesemprego":9.09,"TotalDiplomados":22.0,"TotalDesempregados":2.0},{"NomeFaculdade":"Universidade Lusíada","CodigoFaculdade":2400,"PercentagemDesemprego":4.76,"TotalDiplomados":525.0,"TotalDesempregados":25.0},{"NomeFaculdade":"Universidade Lusíada do Porto","CodigoFaculdade":2401,"PercentagemDesemprego":23.08,"TotalDiplomados":130.0,"TotalDesempregados":30.0},{"NomeFaculdade":"Universidade Portucalense Infante D. Henrique","CodigoFaculdade":2500,"PercentagemDesemprego":3.18,"TotalDiplomados":157.0,"TotalDesempregados":5.0},{"NomeFaculdade":"Universidade Atlântica - Escola Superior de Saúde Atlântica","CodigoFaculdade":2701,"PercentagemDesemprego":8.29,"TotalDiplomados":205.0,"TotalDesempregados":17.0},{"NomeFaculdade":"Universidade Fernando Pessoa","CodigoFaculdade":2750,"PercentagemDesemprego":8.06,"TotalDiplomados":310.0,"TotalDesempregados":25.0},{"NomeFaculdade":"Universidade Fernando Pessoa (unidade de Ponte de Lima)","CodigoFaculdade":2751,"PercentagemDesemprego":17.76,"TotalDiplomados":107.0,"TotalDesempregados":19.0},{"NomeFaculdade":"Universidade Fernando Pessoa - Escola Superior de Saúde","CodigoFaculdade":2752,"PercentagemDesemprego":20.09,"TotalDiplomados":433.0,"TotalDesempregados":87.0},{"NomeFaculdade":"Universidade Fernando Pessoa (unidade de Ponte de Lima - ensino politécnico)","CodigoFaculdade":2753,"PercentagemDesemprego":8.57,"TotalDiplomados":140.0,"TotalDesempregados":12.0},{"NomeFaculdade":"Universidade Lusófona de Humanidades e Tecnologias","CodigoFaculdade":2800,"PercentagemDesemprego":11.03,"TotalDiplomados":281.0,"TotalDesempregados":31.0},{"NomeFaculdade":"Universidade de Aveiro - Instituto Superior de Contabilidade e Administração de Aveiro","CodigoFaculdade":3011,"PercentagemDesemprego":2.11,"TotalDiplomados":3132.0,"TotalDesempregados":66.0},{"NomeFaculdade":"Universidade de Aveiro - Escola Superior de Saúde de Aveiro","CodigoFaculdade":3013,"PercentagemDesemprego":18.52,"TotalDiplomados":81.0,"TotalDesempregados":15.0},{"NomeFaculdade":"Instituto Politécnico de Beja - Escola Superior Agrária","CodigoFaculdade":3021,"PercentagemDesemprego":7.97,"TotalDiplomados":1204.0,"TotalDesempregados":96.0},{"NomeFaculdade":"Instituto Politécnico de Beja - Escola Superior de Educação","CodigoFaculdade":3022,"PercentagemDesemprego":7.17,"TotalDiplomados":753.0,"TotalDesempregados":54.0},{"NomeFaculdade":"Instituto Politécnico de Beja - Escola Superior de Tecnologia e de Gestão","CodigoFaculdade":3023,"PercentagemDesemprego":4.74,"TotalDiplomados":1329.0,"TotalDesempregados":63.0},{"NomeFaculdade":"Instituto Politécnico do Cávado e do Ave - Escola Superior de Gestão","CodigoFaculdade":3031,"PercentagemDesemprego":7.95,"TotalDiplomados":1471.0,"TotalDesempregados":117.0},{"NomeFaculdade":"Instituto Politécnico do Cávado e do Ave - Escola Superior de Tecnologia","CodigoFaculdade":3032,"PercentagemDesemprego":7.25,"TotalDiplomados":69.0,"TotalDesempregados":5.0},{"NomeFaculdade":"Instituto Politécnico de Bragança - Escola Superior Agrária de Bragança","CodigoFaculdade":3041,"PercentagemDesemprego":11.17,"TotalDiplomados":1450.0,"TotalDesempregados":162.0},{"NomeFaculdade":"Instituto Politécnico de Bragança - Escola Superior de Educação de Bragança","CodigoFaculdade":3042,"PercentagemDesemprego":6.41,"TotalDiplomados":905.0,"TotalDesempregados":58.0},{"NomeFaculdade":"Instituto Politécnico de Bragança - Escola Superior de Tecnologia e de Gestão de Bragança","CodigoFaculdade":3043,"PercentagemDesemprego":12.19,"TotalDiplomados":1756.0,"TotalDesempregados":214.0},{"NomeFaculdade":"Instituto Politécnico de Bragança - Escola Superior de Comunicação, Administração e Turismo de Mirandela","CodigoFaculdade":3045,"PercentagemDesemprego":19.18,"TotalDiplomados":292.0,"TotalDesempregados":56.0},{"NomeFaculdade":"Instituto Politécnico de Castelo Branco - Escola Superior Agrária de Castelo Branco","CodigoFaculdade":3051,"PercentagemDesemprego":4.23,"TotalDiplomados":2102.0,"TotalDesempregados":89.0},{"NomeFaculdade":"Instituto Politécnico de Castelo Branco - Escola Superior de Educação de Castelo Branco","CodigoFaculdade":3052,"PercentagemDesemprego":3.69,"TotalDiplomados":868.0,"TotalDesempregados":32.0},{"NomeFaculdade":"Instituto Politécnico de Castelo Branco - Escola Superior de Tecnologia de Castelo Branco","CodigoFaculdade":3053,"PercentagemDesemprego":4.42,"TotalDiplomados":1017.0,"TotalDesempregados":45.0},{"NomeFaculdade":"Instituto Politécnico de Castelo Branco - Escola Superior de Gestão de Idanha-a-Nova","CodigoFaculdade":3054,"PercentagemDesemprego":5.47,"TotalDiplomados":1408.0,"TotalDesempregados":77.0},{"NomeFaculdade":"Instituto Politécnico de Castelo Branco - Escola Superior de Artes Aplicadas de Castelo Branco","CodigoFaculdade":3055,"PercentagemDesemprego":8.0,"TotalDiplomados":250.0,"TotalDesempregados":20.0},{"NomeFaculdade":"Instituto Politécnico de Coimbra - Escola Superior Agrária de Coimbra","CodigoFaculdade":3061,"PercentagemDesemprego":7.82,"TotalDiplomados":1393.0,"TotalDesempregados":109.0},{"NomeFaculdade":"Instituto Politécnico de Coimbra - Escola Superior de Educação de Coimbra","CodigoFaculdade":3062,"PercentagemDesemprego":8.05,"TotalDiplomados":2210.0,"TotalDesempregados":178.0},{"NomeFaculdade":"Instituto Politécnico de Coimbra - Instituto Superior de Contabilidade e Administração de Coimbra","CodigoFaculdade":3063,"PercentagemDesemprego":3.59,"TotalDiplomados":3925.0,"TotalDesempregados":141.0},{"NomeFaculdade":"Instituto Politécnico de Coimbra - Instituto Superior de Engenharia de Coimbra","CodigoFaculdade":3064,"PercentagemDesemprego":4.03,"TotalDiplomados":2036.0,"TotalDesempregados":82.0},{"NomeFaculdade":"Instituto Politécnico de Coimbra - Escola Superior de Tecnologia e Gestão de Oliveira do Hospital","CodigoFaculdade":3065,"PercentagemDesemprego":7.5,"TotalDiplomados":80.0,"TotalDesempregados":6.0},{"NomeFaculdade":"Universidade do Algarve - Escola Superior de Educação e Comunicação","CodigoFaculdade":3081,"PercentagemDesemprego":4.66,"TotalDiplomados":2017.0,"TotalDesempregados":94.0},{"NomeFaculdade":"Universidade do Algarve - Escola Superior de Gestão, Hotelaria e Turismo","CodigoFaculdade":3082,"PercentagemDesemprego":3.39,"TotalDiplomados":2740.0,"TotalDesempregados":93.0},{"NomeFaculdade":"Universidade do Algarve - Instituto Superior de Engenharia","CodigoFaculdade":3083,"PercentagemDesemprego":4.97,"TotalDiplomados":1328.0,"TotalDesempregados":66.0},{"NomeFaculdade":"Universidade do Algarve - Escola Superior de Educação de Faro (Vila Real de Santo António)","CodigoFaculdade":3084,"PercentagemDesemprego":6.9,"TotalDiplomados":29.0,"TotalDesempregados":2.0},{"NomeFaculdade":"Universidade do Algarve - Escola Superior de Gestão, Hotelaria e Turismo (Portimão)","CodigoFaculdade":3087,"PercentagemDesemprego":3.31,"TotalDiplomados":604.0,"TotalDesempregados":20.0},{"NomeFaculdade":"Instituto Politécnico da Guarda - Escola Superior de Educação, Comunicação e Desporto","CodigoFaculdade":3091,"PercentagemDesemprego":5.48,"TotalDiplomados":2098.0,"TotalDesempregados":115.0},{"NomeFaculdade":"Instituto Politécnico da Guarda - Escola Superior de Tecnologia e Gestão","CodigoFaculdade":3092,"PercentagemDesemprego":4.69,"TotalDiplomados":3093.0,"TotalDesempregados":145.0},{"NomeFaculdade":"Instituto Politécnico da Guarda - Escola Superior de Turismo e Hotelaria","CodigoFaculdade":3095,"PercentagemDesemprego":25.64,"TotalDiplomados":78.0,"TotalDesempregados":20.0},{"NomeFaculdade":"Instituto Politécnico de Leiria - Escola Superior de Educação e Ciências Sociais","CodigoFaculdade":3101,"PercentagemDesemprego":7.66,"TotalDiplomados":2102.0,"TotalDesempregados":161.0},{"NomeFaculdade":"Instituto Politécnico de Leiria - Escola Superior de Tecnologia e Gestão","CodigoFaculdade":3102,"PercentagemDesemprego":8.38,"TotalDiplomados":2982.0,"TotalDesempregados":250.0},{"NomeFaculdade":"Instituto Politécnico de Leiria - Escola Superior de Artes e Design das Caldas da Rainha","CodigoFaculdade":3103,"PercentagemDesemprego":7.07,"TotalDiplomados":3071.0,"TotalDesempregados":217.0},{"NomeFaculdade":"Instituto Politécnico de Leiria - Escola Superior de Educação de Leiria (Caldas da Rainha)","CodigoFaculdade":3104,"PercentagemDesemprego":1.85,"TotalDiplomados":108.0,"TotalDesempregados":2.0},{"NomeFaculdade":"Instituto Politécnico de Leiria - Escola Superior de Turismo e Tecnologia do Mar de Peniche","CodigoFaculdade":3105,"PercentagemDesemprego":16.79,"TotalDiplomados":262.0,"TotalDesempregados":44.0},{"NomeFaculdade":"Instituto Politécnico de Lisboa - Escola Superior de Educação de Lisboa","CodigoFaculdade":3112,"PercentagemDesemprego":1.39,"TotalDiplomados":937.0,"TotalDesempregados":13.0},{"NomeFaculdade":"Instituto Politécnico de Lisboa - Escola Superior de Comunicação Social","CodigoFaculdade":3113,"PercentagemDesemprego":3.53,"TotalDiplomados":2888.0,"TotalDesempregados":102.0},{"NomeFaculdade":"Instituto Politécnico de Lisboa - Escola Superior de Teatro e Cinema","CodigoFaculdade":3116,"PercentagemDesemprego":4.76,"TotalDiplomados":210.0,"TotalDesempregados":10.0},{"NomeFaculdade":"Instituto Politécnico de Lisboa - Instituto Superior de Contabilidade e Administração de Lisboa","CodigoFaculdade":3117,"PercentagemDesemprego":2.83,"TotalDiplomados":4743.0,"TotalDesempregados":134.0},{"NomeFaculdade":"Instituto Politécnico de Lisboa - Instituto Superior de Engenharia de Lisboa","CodigoFaculdade":3118,"PercentagemDesemprego":4.67,"TotalDiplomados":5010.0,"TotalDesempregados":234.0},{"NomeFaculdade":"Instituto Politécnico de Portalegre - Escola Superior de Educação  e Ciências Sociais","CodigoFaculdade":3121,"PercentagemDesemprego":6.4,"TotalDiplomados":1531.0,"TotalDesempregados":98.0},{"NomeFaculdade":"Instituto Politécnico de Portalegre - Escola Superior de Tecnologia e Gestão","CodigoFaculdade":3122,"PercentagemDesemprego":5.73,"TotalDiplomados":2950.0,"TotalDesempregados":169.0},{"NomeFaculdade":"Instituto Politécnico de Portalegre - Escola Superior Agrária de Elvas","CodigoFaculdade":3123,"PercentagemDesemprego":10.53,"TotalDiplomados":57.0,"TotalDesempregados":6.0},{"NomeFaculdade":"Instituto Politécnico do Porto","CodigoFaculdade":3130,"PercentagemDesemprego":80.0,"TotalDiplomados":40.0,"TotalDesempregados":32.0},{"NomeFaculdade":"Instituto Politécnico do Porto - Escola Superior de Educação","CodigoFaculdade":3131,"PercentagemDesemprego":5.71,"TotalDiplomados":1910.0,"TotalDesempregados":109.0},{"NomeFaculdade":"Instituto Politécnico do Porto - Escola Superior de Música e das Artes do Espectáculo","CodigoFaculdade":3132,"PercentagemDesemprego":4.26,"TotalDiplomados":94.0,"TotalDesempregados":4.0},{"NomeFaculdade":"Instituto Politécnico do Porto - Escola Superior de Estudos Industriais e de Gestão","CodigoFaculdade":3133,"PercentagemDesemprego":3.85,"TotalDiplomados":1349.0,"TotalDesempregados":52.0},{"NomeFaculdade":"Instituto Politécnico do Porto - Instituto Superior de Contabilidade e Administração do Porto","CodigoFaculdade":3134,"PercentagemDesemprego":2.63,"TotalDiplomados":4829.0,"TotalDesempregados":127.0},{"NomeFaculdade":"Instituto Politécnico do Porto - Instituto Superior de Engenharia do Porto","CodigoFaculdade":3135,"PercentagemDesemprego":4.68,"TotalDiplomados":7860.0,"TotalDesempregados":368.0},{"NomeFaculdade":"Instituto Politécnico do Porto - Escola Superior de Estudos Industriais e de Gestão (Vila do Conde)","CodigoFaculdade":3136,"PercentagemDesemprego":10.81,"TotalDiplomados":296.0,"TotalDesempregados":32.0},{"NomeFaculdade":"Instituto Politécnico do Porto - Escola Superior de Estudos Industriais e de Gestão (Póvoa do Varzim)","CodigoFaculdade":3137,"PercentagemDesemprego":10.0,"TotalDiplomados":130.0,"TotalDesempregados":13.0},{"NomeFaculdade":"Instituto Politécnico do Porto - Escola Superior de Tecnologia e Gestão de Felgueiras","CodigoFaculdade":3138,"PercentagemDesemprego":41.67,"TotalDiplomados":36.0,"TotalDesempregados":15.0},{"NomeFaculdade":"Instituto Politécnico de Santarém - Escola Superior Agrária de Santarém","CodigoFaculdade":3141,"PercentagemDesemprego":8.5,"TotalDiplomados":1188.0,"TotalDesempregados":101.0},{"NomeFaculdade":"Instituto Politécnico de Santarém - Escola Superior de Educação de Santarém","CodigoFaculdade":3142,"PercentagemDesemprego":8.51,"TotalDiplomados":717.0,"TotalDesempregados":61.0},{"NomeFaculdade":"Instituto Politécnico de Santarém - Escola Superior de Gestão e Tecnologia de Santarém","CodigoFaculdade":3143,"PercentagemDesemprego":12.68,"TotalDiplomados":339.0,"TotalDesempregados":43.0},{"NomeFaculdade":"Instituto Politécnico de Santarém - Escola Superior de Desporto de Rio Maior","CodigoFaculdade":3145,"PercentagemDesemprego":4.65,"TotalDiplomados":430.0,"TotalDesempregados":20.0},{"NomeFaculdade":"Instituto Politécnico de Setúbal - Escola Superior de Educação","CodigoFaculdade":3151,"PercentagemDesemprego":3.71,"TotalDiplomados":862.0,"TotalDesempregados":32.0},{"NomeFaculdade":"Instituto Politécnico de Setúbal - Escola Superior de Tecnologia de Setúbal","CodigoFaculdade":3152,"PercentagemDesemprego":7.78,"TotalDiplomados":1298.0,"TotalDesempregados":101.0},{"NomeFaculdade":"Instituto Politécnico de Setúbal - Escola Superior de Ciências Empresariais","CodigoFaculdade":3153,"PercentagemDesemprego":3.55,"TotalDiplomados":3882.0,"TotalDesempregados":138.0},{"NomeFaculdade":"Instituto Politécnico de Setúbal - Escola Superior de Tecnologia do Barreiro","CodigoFaculdade":3154,"PercentagemDesemprego":35.0,"TotalDiplomados":40.0,"TotalDesempregados":14.0},{"NomeFaculdade":"Instituto Politécnico de Setúbal - Escola Superior de Saúde","CodigoFaculdade":3155,"PercentagemDesemprego":2.73,"TotalDiplomados":293.0,"TotalDesempregados":8.0},{"NomeFaculdade":"Instituto Politécnico de Viana do Castelo - Escola Superior Agrária","CodigoFaculdade":3161,"PercentagemDesemprego":7.75,"TotalDiplomados":284.0,"TotalDesempregados":22.0},{"NomeFaculdade":"Instituto Politécnico de Viana do Castelo - Escola Superior de Educação","CodigoFaculdade":3162,"PercentagemDesemprego":3.73,"TotalDiplomados":616.0,"TotalDesempregados":23.0},{"NomeFaculdade":"Instituto Politécnico de Viana do Castelo - Escola Superior de Tecnologia e Gestão","CodigoFaculdade":3163,"PercentagemDesemprego":4.22,"TotalDiplomados":2657.0,"TotalDesempregados":112.0},{"NomeFaculdade":"Instituto Politécnico de Viseu - Escola Superior de Educação de Viseu","CodigoFaculdade":3181,"PercentagemDesemprego":5.7,"TotalDiplomados":1334.0,"TotalDesempregados":76.0},{"NomeFaculdade":"Instituto Politécnico de Viseu - Escola Superior de Tecnologia e Gestão de Viseu","CodigoFaculdade":3182,"PercentagemDesemprego":10.36,"TotalDiplomados":2557.0,"TotalDesempregados":265.0},{"NomeFaculdade":"Instituto Politécnico de Viseu - Escola Superior de Educação de Viseu (Lamego)","CodigoFaculdade":3183,"PercentagemDesemprego":3.91,"TotalDiplomados":486.0,"TotalDesempregados":19.0},{"NomeFaculdade":"Instituto Politécnico de Viseu - Escola Superior Agrária de Viseu","CodigoFaculdade":3185,"PercentagemDesemprego":7.38,"TotalDiplomados":732.0,"TotalDesempregados":54.0},{"NomeFaculdade":"Instituto Politécnico de Viseu - Escola Superior de Tecnologia e Gestão de Lamego","CodigoFaculdade":3186,"PercentagemDesemprego":27.74,"TotalDiplomados":155.0,"TotalDesempregados":43.0},{"NomeFaculdade":"Instituto Politécnico de Tomar - Escola Superior de Gestão de Tomar","CodigoFaculdade":3241,"PercentagemDesemprego":5.07,"TotalDiplomados":2030.0,"TotalDesempregados":103.0},{"NomeFaculdade":"Instituto Politécnico de Tomar - Escola Superior de Tecnologia de Tomar","CodigoFaculdade":3242,"PercentagemDesemprego":6.56,"TotalDiplomados":2469.0,"TotalDesempregados":162.0},{"NomeFaculdade":"Instituto Politécnico de Tomar - Escola Superior de Tecnologia de Abrantes","CodigoFaculdade":3243,"PercentagemDesemprego":8.83,"TotalDiplomados":283.0,"TotalDesempregados":25.0},{"NomeFaculdade":"Academia Nacional Superior de Orquestra","CodigoFaculdade":4002,"PercentagemDesemprego":1.96,"TotalDiplomados":102.0,"TotalDesempregados":2.0},{"NomeFaculdade":"Escola Superior Artística do Porto","CodigoFaculdade":4010,"PercentagemDesemprego":6.01,"TotalDiplomados":449.0,"TotalDesempregados":27.0},{"NomeFaculdade":"Escola Superior Gallaecia","CodigoFaculdade":4025,"PercentagemDesemprego":1.11,"TotalDiplomados":90.0,"TotalDesempregados":1.0},{"NomeFaculdade":"Universidade Moderna de Lisboa","CodigoFaculdade":4030,"PercentagemDesemprego":40.0,"TotalDiplomados":15.0,"TotalDesempregados":6.0},{"NomeFaculdade":"Escola Superior de Educadores de Infância Maria Ulrich","CodigoFaculdade":4065,"PercentagemDesemprego":8.44,"TotalDiplomados":237.0,"TotalDesempregados":20.0},{"NomeFaculdade":"Escola Superior de Artes Decorativas","CodigoFaculdade":4068,"PercentagemDesemprego":3.54,"TotalDiplomados":734.0,"TotalDesempregados":26.0},{"NomeFaculdade":"Escola Superior de Artes e Design","CodigoFaculdade":4069,"PercentagemDesemprego":6.57,"TotalDiplomados":4096.0,"TotalDesempregados":269.0},{"NomeFaculdade":"Escola Superior de Educação Almeida Garrett","CodigoFaculdade":4074,"PercentagemDesemprego":0.53,"TotalDiplomados":1130.0,"TotalDesempregados":6.0},{"NomeFaculdade":"Escola Superior de Educação de Fafe","CodigoFaculdade":4076,"PercentagemDesemprego":0.83,"TotalDiplomados":1439.0,"TotalDesempregados":12.0},{"NomeFaculdade":"Escola Superior de Educação Jean Piaget de Almada","CodigoFaculdade":4077,"PercentagemDesemprego":2.14,"TotalDiplomados":2009.0,"TotalDesempregados":43.0},{"NomeFaculdade":"Escola Superior de Educação Jean Piaget de Arcozelo","CodigoFaculdade":4078,"PercentagemDesemprego":2.67,"TotalDiplomados":2430.0,"TotalDesempregados":65.0},{"NomeFaculdade":"Escola Superior de Educação Jean Piaget de Nordeste","CodigoFaculdade":4079,"PercentagemDesemprego":2.6,"TotalDiplomados":653.0,"TotalDesempregados":17.0},{"NomeFaculdade":"Escola Superior de Educação de João de Deus","CodigoFaculdade":4080,"PercentagemDesemprego":0.77,"TotalDiplomados":1948.0,"TotalDesempregados":15.0},{"NomeFaculdade":"Escola Superior de Educação Jean Piaget de Arcozelo (Viseu)","CodigoFaculdade":4081,"PercentagemDesemprego":4.77,"TotalDiplomados":377.0,"TotalDesempregados":18.0},{"NomeFaculdade":"Escola Superior de Educação de Paula Frassinetti","CodigoFaculdade":4085,"PercentagemDesemprego":9.99,"TotalDiplomados":941.0,"TotalDesempregados":94.0},{"NomeFaculdade":"Escola Superior de Enfermagem da Cruz Vermelha Portuguesa de Oliveira de Azeméis","CodigoFaculdade":4089,"PercentagemDesemprego":30.43,"TotalDiplomados":46.0,"TotalDesempregados":14.0},{"NomeFaculdade":"Escola Superior de Educação de Santa Maria","CodigoFaculdade":4090,"PercentagemDesemprego":9.28,"TotalDiplomados":97.0,"TotalDesempregados":9.0},{"NomeFaculdade":"Escola Superior de Saúde da Cruz Vermelha Portuguesa","CodigoFaculdade":4091,"PercentagemDesemprego":15.09,"TotalDiplomados":53.0,"TotalDesempregados":8.0},{"NomeFaculdade":"Escola Superior de Enfermagem da Imaculada Conceição","CodigoFaculdade":4092,"PercentagemDesemprego":4.67,"TotalDiplomados":300.0,"TotalDesempregados":14.0},{"NomeFaculdade":"Escola Superior de Enfermagem Dr. José Timóteo Montalvão Machado","CodigoFaculdade":4093,"PercentagemDesemprego":5.59,"TotalDiplomados":161.0,"TotalDesempregados":9.0},{"NomeFaculdade":"Escola Superior de Educação de Torres Novas","CodigoFaculdade":4095,"PercentagemDesemprego":2.46,"TotalDiplomados":122.0,"TotalDesempregados":3.0},{"NomeFaculdade":"Escola Superior de Enfermagem S. Francisco das Misericórdias","CodigoFaculdade":4096,"PercentagemDesemprego":1.45,"TotalDiplomados":138.0,"TotalDesempregados":2.0},{"NomeFaculdade":"Escola Superior de Enfermagem de Santa Maria","CodigoFaculdade":4097,"PercentagemDesemprego":9.2,"TotalDiplomados":261.0,"TotalDesempregados":24.0},{"NomeFaculdade":"Escola Superior de Saúde Jean Piaget de Nordeste","CodigoFaculdade":4099,"PercentagemDesemprego":15.63,"TotalDiplomados":883.0,"TotalDesempregados":138.0},{"NomeFaculdade":"Escola Superior de Jornalismo","CodigoFaculdade":4100,"PercentagemDesemprego":2.69,"TotalDiplomados":1636.0,"TotalDesempregados":44.0},{"NomeFaculdade":"Escola Superior de Saúde Jean Piaget de Vila Nova de Gaia","CodigoFaculdade":4101,"PercentagemDesemprego":9.43,"TotalDiplomados":106.0,"TotalDesempregados":10.0},{"NomeFaculdade":"Escola Superior de Saúde Jean Piaget de Algarve","CodigoFaculdade":4102,"PercentagemDesemprego":9.52,"TotalDiplomados":63.0,"TotalDesempregados":6.0},{"NomeFaculdade":"Escola Superior de Saúde Jean Piaget de Viseu","CodigoFaculdade":4103,"PercentagemDesemprego":10.16,"TotalDiplomados":492.0,"TotalDesempregados":50.0},{"NomeFaculdade":"Escola Superior de Saúde Ribeiro Sanches","CodigoFaculdade":4104,"PercentagemDesemprego":15.57,"TotalDiplomados":122.0,"TotalDesempregados":19.0},{"NomeFaculdade":"Escola Superior de Saúde do Alcoitão","CodigoFaculdade":4105,"PercentagemDesemprego":1.89,"TotalDiplomados":1007.0,"TotalDesempregados":19.0},{"NomeFaculdade":"Escola Superior de Saúde Egas Moniz","CodigoFaculdade":4106,"PercentagemDesemprego":5.55,"TotalDiplomados":1605.0,"TotalDesempregados":89.0},{"NomeFaculdade":"CESPU-Instituto Politécnico de Saúde do Norte - Escola Superior de Saúde do Vale do Ave","CodigoFaculdade":4108,"PercentagemDesemprego":11.8,"TotalDiplomados":1076.0,"TotalDesempregados":127.0},{"NomeFaculdade":"CESPU-Instituto Politécnico de Saúde do Norte - Escola Superior de Saúde do Vale do Sousa","CodigoFaculdade":4109,"PercentagemDesemprego":8.43,"TotalDiplomados":1352.0,"TotalDesempregados":114.0},{"NomeFaculdade":"Escola Superior de Tecnologias de Fafe","CodigoFaculdade":4115,"PercentagemDesemprego":17.95,"TotalDiplomados":156.0,"TotalDesempregados":28.0},{"NomeFaculdade":"Escola Universitária das Artes de Coimbra","CodigoFaculdade":4120,"PercentagemDesemprego":20.54,"TotalDiplomados":112.0,"TotalDesempregados":23.0},{"NomeFaculdade":"Escola Superior de Tecnologias e Artes de Lisboa","CodigoFaculdade":4125,"PercentagemDesemprego":12.88,"TotalDiplomados":326.0,"TotalDesempregados":42.0},{"NomeFaculdade":"Instituto de Estudos Superiores de Contabilidade","CodigoFaculdade":4127,"PercentagemDesemprego":1.5,"TotalDiplomados":532.0,"TotalDesempregados":8.0},{"NomeFaculdade":"Instituto de Estudos Superiores Financeiros e Fiscais (Porto)","CodigoFaculdade":4141,"PercentagemDesemprego":2.96,"TotalDiplomados":203.0,"TotalDesempregados":6.0},{"NomeFaculdade":"Instituto Português de Administração de Marketing do Porto","CodigoFaculdade":4155,"PercentagemDesemprego":2.96,"TotalDiplomados":3238.0,"TotalDesempregados":96.0},{"NomeFaculdade":"Instituto Português de Administração de Marketing de Lisboa","CodigoFaculdade":4156,"PercentagemDesemprego":2.88,"TotalDiplomados":4100.0,"TotalDesempregados":118.0},{"NomeFaculdade":"Instituto Português de Administração de Marketing de Aveiro","CodigoFaculdade":4157,"PercentagemDesemprego":10.9,"TotalDiplomados":422.0,"TotalDesempregados":46.0},{"NomeFaculdade":"Instituto Português de Estudos Superiores","CodigoFaculdade":4159,"PercentagemDesemprego":4.23,"TotalDiplomados":142.0,"TotalDesempregados":6.0},{"NomeFaculdade":"Instituto Superior Autónomo de Estudos Politécnicos","CodigoFaculdade":4160,"PercentagemDesemprego":1.86,"TotalDiplomados":1885.0,"TotalDesempregados":35.0},{"NomeFaculdade":"Instituto Superior de Administração, Comunicação e Empresa","CodigoFaculdade":4170,"PercentagemDesemprego":17.39,"TotalDiplomados":23.0,"TotalDesempregados":4.0},{"NomeFaculdade":"Instituto Superior de Administração e Gestão","CodigoFaculdade":4200,"PercentagemDesemprego":3.56,"TotalDiplomados":2025.0,"TotalDesempregados":72.0},{"NomeFaculdade":"Instituto Superior de Administração e Línguas","CodigoFaculdade":4220,"PercentagemDesemprego":18.18,"TotalDiplomados":22.0,"TotalDesempregados":4.0},{"NomeFaculdade":"Instituto Superior de Assistentes e Intérpretes","CodigoFaculdade":4250,"PercentagemDesemprego":2.55,"TotalDiplomados":2114.0,"TotalDesempregados":54.0},{"NomeFaculdade":"Instituto Superior de Ciências Educativas","CodigoFaculdade":4270,"PercentagemDesemprego":2.22,"TotalDiplomados":1396.0,"TotalDesempregados":31.0},{"NomeFaculdade":"Instituto Superior de Ciências Educativas do Douro","CodigoFaculdade":4271,"PercentagemDesemprego":6.29,"TotalDiplomados":509.0,"TotalDesempregados":32.0},{"NomeFaculdade":"Instituto Superior de Ciências Educativas de Mangualde","CodigoFaculdade":4272,"PercentagemDesemprego":7.2,"TotalDiplomados":125.0,"TotalDesempregados":9.0},{"NomeFaculdade":"Instituto Superior de Ciências da Informação e da Administração","CodigoFaculdade":4277,"PercentagemDesemprego":4.62,"TotalDiplomados":238.0,"TotalDesempregados":11.0},{"NomeFaculdade":"Instituto Superior de Ciências Empresariais e do Turismo","CodigoFaculdade":4280,"PercentagemDesemprego":3.68,"TotalDiplomados":815.0,"TotalDesempregados":30.0},{"NomeFaculdade":"Instituto Superior de Entre Douro e Vouga","CodigoFaculdade":4283,"PercentagemDesemprego":6.7,"TotalDiplomados":224.0,"TotalDesempregados":15.0},{"NomeFaculdade":"Instituto Superior de Educação e Ciências","CodigoFaculdade":4298,"PercentagemDesemprego":2.65,"TotalDiplomados":717.0,"TotalDesempregados":19.0},{"NomeFaculdade":"Instituto Superior de Gestão","CodigoFaculdade":4300,"PercentagemDesemprego":25.0,"TotalDiplomados":4.0,"TotalDesempregados":1.0},{"NomeFaculdade":"Instituto Superior de Gestão Bancária","CodigoFaculdade":4305,"PercentagemDesemprego":0.46,"TotalDiplomados":1097.0,"TotalDesempregados":5.0},{"NomeFaculdade":"Instituto Superior de Estudos Interculturais e Transdisciplinares de Almada","CodigoFaculdade":4306,"PercentagemDesemprego":1.7,"TotalDiplomados":176.0,"TotalDesempregados":3.0},{"NomeFaculdade":"Instituto Superior de Estudos Interculturais e Transdisciplinares de Viseu","CodigoFaculdade":4308,"PercentagemDesemprego":10.5,"TotalDiplomados":181.0,"TotalDesempregados":19.0},{"NomeFaculdade":"Escola Superior de Tecnologia e Gestão Jean Piaget do Litoral Alentejano","CodigoFaculdade":4309,"PercentagemDesemprego":42.86,"TotalDiplomados":7.0,"TotalDesempregados":3.0},{"NomeFaculdade":"Instituto Superior de Línguas e Administração de Vila Nova de Gaia","CodigoFaculdade":4353,"PercentagemDesemprego":5.17,"TotalDiplomados":58.0,"TotalDesempregados":3.0},{"NomeFaculdade":"Instituto Universitário da Maia - ISMAI","CodigoFaculdade":4358,"PercentagemDesemprego":3.94,"TotalDiplomados":2107.0,"TotalDesempregados":83.0},{"NomeFaculdade":"Instituto Superior de Paços de Brandão","CodigoFaculdade":4380,"PercentagemDesemprego":7.1,"TotalDiplomados":324.0,"TotalDesempregados":23.0},{"NomeFaculdade":"Instituto Superior Politécnico Internacional","CodigoFaculdade":4425,"PercentagemDesemprego":3.63,"TotalDiplomados":1627.0,"TotalDesempregados":59.0},{"NomeFaculdade":"Instituto Superior Politécnico Gaya - Escola Superior de Desenvolvimento Social e Comunitário","CodigoFaculdade":4441,"PercentagemDesemprego":3.0,"TotalDiplomados":200.0,"TotalDesempregados":6.0},{"NomeFaculdade":"Instituto Superior Politécnico Gaya - Escola Superior de Ciência e Tecnologia","CodigoFaculdade":4442,"PercentagemDesemprego":1.69,"TotalDiplomados":946.0,"TotalDesempregados":16.0},{"NomeFaculdade":"ISPA-Instituto Universitário de Ciências Psicológicas, Sociais e da Vida","CodigoFaculdade":4450,"PercentagemDesemprego":4.07,"TotalDiplomados":663.0,"TotalDesempregados":27.0},{"NomeFaculdade":"Instituto Superior de Saúde do Alto Ave","CodigoFaculdade":4460,"PercentagemDesemprego":19.59,"TotalDiplomados":628.0,"TotalDesempregados":123.0},{"NomeFaculdade":"Instituto Superior Miguel Torga","CodigoFaculdade":4500,"PercentagemDesemprego":16.67,"TotalDiplomados":6.0,"TotalDesempregados":1.0},{"NomeFaculdade":"Instituto Superior de Tecnologias Avançadas de Lisboa","CodigoFaculdade":4530,"PercentagemDesemprego":1.85,"TotalDiplomados":432.0,"TotalDesempregados":8.0},{"NomeFaculdade":"Universidade de Lisboa - Faculdade de Belas-Artes","CodigoFaculdade":5302,"PercentagemDesemprego":1.82,"TotalDiplomados":55.0,"TotalDesempregados":1.0},{"NomeFaculdade":"ISCTE - Instituto Universitário de Lisboa","CodigoFaculdade":6800,"PercentagemDesemprego":2.05,"TotalDiplomados":292.0,"TotalDesempregados":6.0},{"NomeFaculdade":"Escola Superior de Enfermagem de Coimbra","CodigoFaculdade":7001,"PercentagemDesemprego":10.67,"TotalDiplomados":1293.0,"TotalDesempregados":138.0},{"NomeFaculdade":"Universidade do Minho - Escola Superior de Enfermagem","CodigoFaculdade":7010,"PercentagemDesemprego":13.24,"TotalDiplomados":136.0,"TotalDesempregados":18.0},{"NomeFaculdade":"Instituto Politécnico de Castelo Branco - Escola Superior de Saúde Dr. Lopes Dias","CodigoFaculdade":7020,"PercentagemDesemprego":9.34,"TotalDiplomados":364.0,"TotalDesempregados":34.0},{"NomeFaculdade":"Universidade do Algarve - Escola Superior de Saúde","CodigoFaculdade":7035,"PercentagemDesemprego":16.0,"TotalDiplomados":50.0,"TotalDesempregados":8.0},{"NomeFaculdade":"Instituto Politécnico de Leiria - Escola Superior de Saúde de Leiria","CodigoFaculdade":7045,"PercentagemDesemprego":8.43,"TotalDiplomados":166.0,"TotalDesempregados":14.0},{"NomeFaculdade":"Escola Superior de Enfermagem de Artur Ravara","CodigoFaculdade":7050,"PercentagemDesemprego":1.65,"TotalDiplomados":182.0,"TotalDesempregados":3.0},{"NomeFaculdade":"Escola Superior de Enfermagem de Calouste Gulbenkian de Lisboa","CodigoFaculdade":7053,"PercentagemDesemprego":3.43,"TotalDiplomados":233.0,"TotalDesempregados":8.0},{"NomeFaculdade":"Instituto Politécnico de Portalegre - Escola Superior de Saúde de Portalegre","CodigoFaculdade":7055,"PercentagemDesemprego":10.38,"TotalDiplomados":106.0,"TotalDesempregados":11.0},{"NomeFaculdade":"Escola Superior de Enfermagem de São João","CodigoFaculdade":7061,"PercentagemDesemprego":10.74,"TotalDiplomados":363.0,"TotalDesempregados":39.0},{"NomeFaculdade":"Escola Superior de Enfermagem de D. Ana Guedes","CodigoFaculdade":7062,"PercentagemDesemprego":8.57,"TotalDiplomados":140.0,"TotalDesempregados":12.0},{"NomeFaculdade":"Instituto Politécnico de Viana do Castelo - Escola Superior de Saúde de Viana do Castelo","CodigoFaculdade":7075,"PercentagemDesemprego":12.13,"TotalDiplomados":239.0,"TotalDesempregados":29.0},{"NomeFaculdade":"Universidade de Trás-os-Montes e Alto Douro - Escola Superior de Enfermagem de Vila Real","CodigoFaculdade":7080,"PercentagemDesemprego":10.45,"TotalDiplomados":220.0,"TotalDesempregados":23.0},{"NomeFaculdade":"Instituto Politécnico de Viseu - Escola Superior de Saúde de Viseu","CodigoFaculdade":7085,"PercentagemDesemprego":25.16,"TotalDiplomados":155.0,"TotalDesempregados":39.0},{"NomeFaculdade":"Escola Superior Náutica Infante D. Henrique","CodigoFaculdade":7105,"PercentagemDesemprego":3.33,"TotalDiplomados":541.0,"TotalDesempregados":18.0},{"NomeFaculdade":"Escola Superior de Hotelaria e Turismo do Estoril","CodigoFaculdade":7110,"PercentagemDesemprego":2.17,"TotalDiplomados":1384.0,"TotalDesempregados":30.0},{"NomeFaculdade":"Instituto Politécnico de Coimbra - Escola Superior de Tecnologia da Saúde de Coimbra","CodigoFaculdade":7210,"PercentagemDesemprego":3.21,"TotalDiplomados":2709.0,"TotalDesempregados":87.0},{"NomeFaculdade":"Instituto Politécnico de Lisboa - Escola Superior de Tecnologia da Saúde de Lisboa","CodigoFaculdade":7220,"PercentagemDesemprego":1.73,"TotalDiplomados":3533.0,"TotalDesempregados":61.0},{"NomeFaculdade":"Instituto Politécnico do Porto - Escola Superior de Tecnologia da Saúde do Porto","CodigoFaculdade":7230,"PercentagemDesemprego":3.24,"TotalDiplomados":2283.0,"TotalDesempregados":74.0},{"NomeFaculdade":"Escola do Serviço de Saúde Militar","CodigoFaculdade":7540,"PercentagemDesemprego":0.97,"TotalDiplomados":103.0,"TotalDesempregados":1.0}]}